OrderID,CustomerID,LocationID,PromoID,OrderDate,TotalAmount,PaymentType,OrderTime
1,1,1,NULL,2024-01-26,7.5,App,09:21:00
2,1,2,2,2024-02-12,4.25,App,07:54:00
3,2,2,2,2024-02-08,16,App,09:22:00
4,2,1,NULL,2024-03-26,4.25,Card,17:06:00
5,3,2,NULL,2024-03-12,10,Cash,13:19:00
6,3,3,1,2024-03-25,20.5,Card,09:49:00
7,4,2,NULL,2024-03-24,2.75,Cash,16:45:00
8,4,3,1,2024-03-15,5.75,Cash,07:46:00
9,5,3,2,2024-03-06,17.5,App,17:32:00
10,5,1,NULL,2024-03-30,15,Card,13:07:00
11,6,2,1,2024-03-16,4,Cash,13:53:00
12,7,3,2,2024-01-29,14.5,Card,09:49:00
13,7,2,NULL,2024-03-31,12.75,App,12:32:00
14,9,3,2,2024-03-28,22.25,Cash,08:32:00
15,9,1,2,2024-03-31,13.75,App,10:52:00
16,9,3,NULL,2024-03-11,7,App,07:34:00
17,9,3,NULL,2024-03-30,11.25,Cash,14:22:00
18,10,1,NULL,2024-03-14,21.25,Cash,17:50:00
19,10,3,NULL,2024-03-15,17,Cash,16:15:00
20,11,3,NULL,2024-02-29,6.5,Card,17:57:00
21,12,1,2,2024-03-23,13,App,14:26:00
22,13,3,NULL,2024-03-22,10.25,Cash,07:57:00
23,13,1,NULL,2024-03-31,3,App,11:50:00
24,14,3,NULL,2024-03-23,9.25,Cash,11:16:00
25,14,2,NULL,2024-02-26,3.25,Card,14:51:00
26,14,1,NULL,2024-02-12,4.75,Card,14:34:00
27,14,2,NULL,2024-02-14,6.25,App,11:56:00
28,14,1,NULL,2024-03-24,4.25,App,16:40:00
29,14,2,1,2024-03-30,13.5,Card,12:05:00
30,14,2,1,2024-03-03,7,Cash,07:30:00
31,15,3,2,2024-02-02,16,App,07:40:00
32,15,3,2,2024-02-15,7.25,Cash,07:31:00
33,15,3,NULL,2024-02-02,8.25,Cash,11:48:00
34,15,1,2,2024-02-29,21.5,App,10:58:00
35,15,2,1,2024-02-08,6.5,Card,17:48:00
36,15,1,NULL,2024-02-21,4,App,07:03:00
37,15,3,NULL,2024-02-21,5.25,App,07:41:00
38,15,3,NULL,2024-03-29,15,App,16:42:00
39,15,1,NULL,2024-02-05,18.5,App,11:38:00
40,16,2,2,2024-03-04,10.75,Cash,14:38:00
41,16,2,NULL,2024-03-22,13.5,Cash,13:45:00
42,16,1,NULL,2024-03-13,7,App,07:04:00
43,16,3,2,2024-03-26,12.25,App,08:43:00
44,16,2,NULL,2024-02-24,20.25,App,07:58:00
45,16,2,1,2024-03-20,11.25,Card,11:48:00
46,16,1,NULL,2024-03-20,4.5,App,13:28:00
47,16,1,NULL,2024-02-06,8.75,Cash,08:22:00
48,17,2,2,2024-03-21,20,Card,07:41:00
49,17,1,1,2024-03-16,13.25,Card,11:30:00
50,18,1,NULL,2024-03-24,10,App,07:39:00
51,18,2,1,2024-03-29,17,Cash,08:35:00
52,18,1,NULL,2024-03-29,12,App,08:42:00
53,18,2,2,2024-03-27,3,Cash,08:48:00
54,18,1,2,2024-03-31,19,Card,14:02:00
55,19,3,2,2024-02-15,11.5,App,07:51:00
56,19,3,NULL,2024-03-18,5.75,App,17:35:00
57,19,3,2,2024-02-15,4,Card,12:31:00
58,19,3,2,2024-02-10,12,Card,08:54:00
59,19,3,NULL,2024-03-14,3.25,Cash,12:15:00
60,21,2,NULL,2024-03-31,18.25,Cash,10:20:00
61,21,3,2,2024-03-31,8,Cash,10:56:00
62,22,1,NULL,2024-03-08,4,App,11:49:00
63,22,2,NULL,2024-03-01,14.5,App,15:41:00
64,23,2,NULL,2024-03-22,8.75,Cash,09:06:00
65,24,1,1,2024-01-29,4.75,Card,12:54:00
66,24,2,NULL,2024-03-17,11,Cash,11:38:00
67,24,3,NULL,2024-03-29,16.5,Card,09:37:00
68,24,2,NULL,2024-02-14,7.25,Card,16:30:00
69,25,1,1,2024-03-20,11.25,Cash,10:55:00
70,25,1,NULL,2024-03-04,7,Cash,17:45:00
71,25,2,2,2024-02-12,12.5,App,14:13:00
72,25,3,NULL,2024-03-24,12.75,App,15:50:00
73,26,2,2,2024-03-25,6,Cash,12:41:00
74,26,2,NULL,2024-03-22,11.75,Cash,13:08:00
75,27,3,NULL,2024-03-24,18.25,Cash,07:38:00
76,27,3,NULL,2024-03-25,10.75,Cash,13:53:00
77,28,3,2,2024-03-23,2.75,Cash,13:42:00
78,28,3,NULL,2024-03-29,5.25,App,12:54:00
79,29,3,NULL,2024-03-10,13.5,App,16:26:00
80,29,2,NULL,2024-03-06,17.25,Card,08:09:00
81,29,1,NULL,2024-03-26,16.25,Cash,10:59:00
82,30,2,1,2024-02-18,21.5,Cash,10:28:00
83,30,1,2,2024-03-22,11.5,Cash,08:37:00
84,31,2,NULL,2024-03-07,12.25,App,17:15:00
85,31,3,1,2024-03-14,19.25,Card,11:53:00
86,31,3,2,2024-03-15,19.5,App,10:01:00
87,31,2,NULL,2024-03-26,8.5,Card,13:43:00
88,32,2,2,2024-03-31,4,Card,12:07:00
89,32,3,1,2024-03-31,17.25,App,10:36:00
90,33,1,1,2024-03-06,4.25,App,10:16:00
91,37,3,2,2024-03-13,13.5,Cash,12:57:00
92,37,3,2,2024-03-15,11.25,Card,08:43:00
93,37,3,1,2024-03-28,6.5,Card,16:08:00
94,37,1,2,2024-03-13,22.75,Cash,17:37:00
95,38,1,NULL,2024-03-08,16.25,Cash,14:05:00
96,38,2,2,2024-03-15,4.75,App,14:21:00
97,39,3,2,2024-03-24,7.75,Card,10:47:00
98,39,1,NULL,2024-03-31,17.75,Cash,16:51:00
99,40,1,1,2024-03-29,18.5,Card,12:01:00
100,40,1,1,2024-03-29,16,Card,11:50:00
101,40,3,1,2024-03-23,15.75,Cash,14:04:00
102,40,2,1,2024-03-31,9.5,Card,07:19:00
103,41,3,2,2024-03-03,8.75,Cash,13:34:00
104,42,1,NULL,2024-03-04,20.25,App,14:28:00
105,42,2,NULL,2024-03-08,6.5,App,17:53:00
106,42,3,1,2024-03-22,7,App,07:38:00
107,42,1,NULL,2024-02-28,13.5,Cash,08:27:00
108,43,2,NULL,2024-03-25,4.5,Cash,14:18:00
109,43,2,NULL,2024-03-31,13,Card,12:38:00
110,44,3,1,2024-02-27,8.5,Card,13:20:00
111,45,2,NULL,2024-02-18,3.25,App,14:40:00
112,45,2,NULL,2024-03-15,17.25,App,07:14:00
113,45,1,NULL,2024-03-08,13.25,Card,07:41:00
114,46,1,NULL,2024-03-21,7.75,Cash,09:13:00
115,46,1,1,2024-03-24,11.5,Card,10:59:00
116,46,1,NULL,2024-03-29,7,App,11:25:00
117,46,1,NULL,2024-03-08,15.5,App,11:29:00
118,46,3,NULL,2024-03-13,4.5,Cash,12:38:00
119,46,1,2,2024-01-27,10.25,App,08:23:00
120,46,2,NULL,2024-02-07,11.75,App,13:15:00
121,47,1,1,2024-03-28,11.75,App,10:44:00
122,47,1,2,2024-03-19,14.75,App,10:26:00
123,47,1,2,2024-03-13,7,Card,10:49:00
124,48,2,2,2024-03-21,20.5,Card,14:27:00
125,48,1,NULL,2024-03-31,4,Card,14:28:00
126,48,1,2,2024-03-18,13.5,Card,09:19:00
127,48,2,NULL,2024-03-30,13,Card,11:45:00
128,49,3,2,2024-03-28,4,Cash,07:10:00
129,49,3,NULL,2024-03-30,7.75,Card,07:25:00
130,50,2,NULL,2024-02-10,3,App,07:05:00
131,50,3,NULL,2024-02-18,20.75,Card,08:35:00
132,52,1,1,2024-03-31,19.5,Card,09:21:00
133,52,3,NULL,2024-03-31,19.25,App,17:35:00
134,52,3,1,2024-03-26,8.5,Card,15:15:00
135,53,1,NULL,2024-03-25,3,Card,17:58:00
136,53,1,1,2024-02-07,18.5,Cash,12:55:00
137,53,3,2,2024-03-24,8,App,11:23:00
138,53,3,1,2024-02-24,4.75,Cash,07:10:00
139,53,1,NULL,2024-02-20,12.25,App,13:22:00
140,53,2,2,2024-01-19,11.25,Card,15:43:00
141,53,2,1,2024-03-08,8.75,Card,10:45:00
142,53,2,NULL,2024-03-31,19.25,App,08:45:00
143,53,3,NULL,2024-03-26,3.25,Card,09:13:00
144,54,3,NULL,2024-03-25,10.25,App,11:34:00
145,54,1,NULL,2024-03-19,17.75,App,07:10:00
146,56,3,2,2024-03-18,4.75,Cash,08:23:00
147,56,3,2,2024-02-16,4.75,Card,09:48:00
148,56,2,NULL,2024-02-13,8,App,13:16:00
149,56,2,1,2024-03-08,15.75,App,14:13:00
150,56,1,NULL,2024-02-14,8.75,Card,12:52:00
151,56,2,2,2024-03-21,7,Cash,12:23:00
152,56,1,1,2024-03-12,17.25,Cash,07:29:00
153,56,3,NULL,2024-03-07,7,App,13:30:00
154,58,1,1,2024-03-30,10.5,App,08:27:00
155,58,3,NULL,2024-03-29,6.5,App,08:28:00
156,58,1,NULL,2024-03-25,5.25,Card,11:59:00
157,58,1,1,2024-03-25,4.75,Cash,14:06:00
158,58,2,NULL,2024-03-31,5.25,Card,07:22:00
159,58,2,NULL,2024-03-31,14,Card,12:18:00
160,58,1,2,2024-03-24,16,App,15:29:00
161,60,2,NULL,2024-03-27,10.5,Card,09:17:00
162,60,3,NULL,2024-03-28,4,Cash,14:22:00
163,60,1,NULL,2024-03-28,10,Cash,08:58:00
164,60,3,2,2024-03-28,17.25,Cash,14:32:00
165,60,2,NULL,2024-03-28,13,Card,10:04:00
166,60,2,2,2024-03-31,14.25,Card,15:49:00
167,61,2,NULL,2024-02-18,8,App,11:57:00
168,61,1,NULL,2024-02-29,10.5,Card,08:06:00
169,62,3,NULL,2024-03-29,21.75,Card,11:50:00
170,62,1,NULL,2024-02-06,10,Card,09:45:00
171,62,1,NULL,2024-03-20,7,Cash,17:29:00
172,63,1,NULL,2024-03-14,11.5,Card,13:45:00
173,63,1,2,2024-03-18,2.75,Cash,15:00:00
174,63,2,NULL,2024-03-12,20.5,Card,10:47:00
175,63,1,NULL,2024-03-17,16.5,App,14:11:00
176,63,3,2,2024-02-12,4.25,App,14:00:00
177,63,3,NULL,2024-03-13,16.75,Card,07:08:00
178,63,2,NULL,2024-03-16,13.5,Card,12:03:00
179,63,1,NULL,2024-03-03,11.5,App,07:35:00
180,63,2,2,2024-02-16,9.75,Cash,11:12:00
181,63,2,2,2024-03-19,6.5,App,15:49:00
182,64,2,NULL,2024-01-16,9.75,Card,16:04:00
183,64,1,NULL,2024-01-11,20.25,Cash,14:21:00
184,65,3,2,2024-03-12,8,Card,09:48:00
185,65,1,1,2024-02-10,8.5,Card,08:02:00
186,66,2,NULL,2024-03-22,3,Cash,07:35:00
187,66,3,2,2024-02-25,5.75,App,08:44:00
188,66,2,1,2024-01-18,18,Card,13:06:00
189,67,2,1,2024-03-25,21.5,Card,15:04:00
190,68,2,1,2024-03-24,9.5,Cash,14:47:00
191,68,2,1,2024-03-25,8.75,Cash,08:15:00
192,68,1,NULL,2024-03-22,2.75,App,14:25:00
193,68,3,NULL,2024-03-31,3.25,Cash,10:40:00
194,69,3,NULL,2024-03-25,14.75,Cash,13:32:00
195,69,3,NULL,2024-03-24,6.5,App,14:57:00
196,69,1,NULL,2024-03-08,6.25,Card,09:18:00
197,69,3,NULL,2024-03-03,8.75,Cash,15:47:00
198,69,3,NULL,2024-03-15,20,Card,08:17:00
199,69,3,NULL,2024-03-13,16.25,Cash,09:45:00
200,69,3,NULL,2024-03-27,4.75,App,11:24:00
201,70,2,1,2024-03-29,22.5,Cash,17:21:00
202,70,1,2,2024-02-09,9.5,Cash,09:05:00
203,70,1,1,2024-03-16,9.5,Cash,10:57:00
204,71,2,1,2024-02-22,16.25,Cash,10:12:00
205,71,2,2,2024-02-28,12,App,13:54:00
206,71,1,2,2024-03-24,9.75,Card,11:20:00
207,71,3,NULL,2024-03-29,8.5,Cash,12:07:00
208,71,3,NULL,2024-03-27,4.25,Cash,14:20:00
209,71,1,NULL,2024-03-02,6.5,Card,11:08:00
210,72,2,2,2024-03-30,15.5,Cash,11:06:00
211,73,2,1,2024-02-18,12.75,App,11:55:00
212,73,1,NULL,2024-02-28,10,Cash,13:29:00
213,73,3,NULL,2024-02-22,13.25,Card,19:28:00
214,73,2,NULL,2024-02-01,5.25,Card,13:10:00
215,74,3,1,2024-03-20,16.5,App,16:26:00
216,75,3,2,2024-03-29,3,App,13:33:00
217,76,3,1,2024-03-29,15.5,App,14:50:00
218,76,2,1,2024-03-28,13.25,App,11:02:00
219,76,3,NULL,2024-03-26,16.5,Card,08:47:00
220,77,2,NULL,2024-02-18,8,Cash,10:55:00
221,77,3,2,2024-03-15,15.25,App,15:40:00
222,77,3,NULL,2024-03-30,15.25,App,14:11:00
223,77,2,NULL,2024-03-20,12.5,App,11:33:00
224,77,3,2,2024-01-30,11.5,Cash,17:54:00
225,77,2,2,2024-02-06,4.75,Card,12:16:00
226,78,1,NULL,2024-03-25,17.25,App,15:05:00
227,79,1,2,2024-02-27,15.75,Cash,13:25:00
228,79,2,NULL,2024-03-15,12.5,App,12:34:00
229,79,1,NULL,2024-03-05,16.75,Card,08:13:00
230,79,2,2,2024-03-22,16.25,Cash,15:59:00
231,79,3,NULL,2024-03-01,15.25,Cash,10:50:00
232,80,3,1,2024-02-03,7.75,Cash,17:25:00
233,80,3,NULL,2024-03-01,3,Cash,08:14:00
234,81,3,1,2024-03-16,16.25,App,12:21:00
235,82,2,NULL,2024-03-31,9.5,Card,07:57:00
236,82,1,NULL,2024-03-27,2.75,App,15:33:00
237,83,3,NULL,2024-02-26,4.5,Cash,14:17:00
238,84,3,2,2024-03-12,18.75,Card,13:22:00
239,85,3,NULL,2024-03-14,14.75,App,14:08:00
240,85,3,NULL,2024-03-16,20.75,App,14:52:00
241,87,3,1,2024-03-08,18.25,Card,13:40:00
242,87,1,2,2024-03-31,11.25,App,13:05:00
243,88,3,NULL,2024-03-07,7,Cash,07:45:00
244,89,2,NULL,2024-01-16,17.5,App,10:05:00
245,89,1,1,2024-01-16,10.5,Card,16:59:00
246,92,2,1,2024-02-07,2.75,Cash,13:32:00
247,92,2,NULL,2024-03-26,17,Card,13:26:00
248,93,2,NULL,2024-03-23,4.25,App,10:06:00
249,93,3,NULL,2024-03-13,3.25,Card,10:52:00
250,93,2,2,2024-03-03,8,App,17:14:00
251,93,2,NULL,2024-03-21,13,App,13:14:00
252,94,1,1,2024-03-30,14.75,Card,08:39:00
253,95,2,NULL,2024-03-12,17.75,App,07:08:00
254,95,3,NULL,2024-01-21,4.25,App,14:09:00
255,96,1,2,2024-03-16,12,Card,09:01:00
256,96,3,2,2024-02-01,22.75,Card,08:27:00
257,96,2,2,2024-03-23,16.75,Card,07:47:00
258,96,2,NULL,2024-02-06,4.5,Cash,13:53:00
259,97,3,2,2024-03-10,11,Card,16:58:00
260,97,2,2,2024-03-05,15.5,App,13:59:00
261,97,1,1,2024-03-24,18,Card,10:30:00
262,100,2,NULL,2024-03-21,7.75,App,09:25:00
263,100,2,1,2024-03-24,3.25,Card,10:32:00
264,100,3,NULL,2024-03-20,22.5,App,14:05:00
265,100,1,NULL,2024-03-31,22.5,App,09:07:00
266,101,1,2,2024-03-20,13.5,Card,09:17:00
267,101,3,1,2024-03-09,17.5,Card,10:00:00
268,102,2,1,2024-03-31,10.5,App,11:17:00
269,102,3,NULL,2024-03-10,14,Cash,10:04:00
270,103,2,2,2024-02-20,17.25,App,17:29:00
271,103,1,2,2024-03-30,6,Card,13:49:00
272,103,2,1,2024-02-28,11.25,Card,16:19:00
273,104,2,NULL,2024-01-09,10.25,Cash,13:39:00
274,104,3,1,2024-01-29,3.25,App,07:40:00
275,105,3,NULL,2024-03-18,16.5,Card,07:17:00
276,105,3,1,2024-03-13,9.25,App,14:41:00
277,106,1,NULL,2024-02-27,17.25,App,14:36:00
278,108,2,NULL,2024-01-19,4.25,Cash,12:12:00
279,108,3,1,2024-02-19,19,Card,12:07:00
280,108,2,NULL,2024-03-27,11.5,App,10:56:00
281,109,3,2,2024-03-04,2.75,App,07:14:00
282,109,1,1,2024-02-23,12,App,16:45:00
283,110,2,NULL,2024-03-09,2.75,App,14:39:00
284,110,1,NULL,2024-03-01,2.75,App,07:02:00
285,110,1,1,2024-02-24,12.75,Cash,09:33:00
286,110,3,2,2024-03-07,4,Cash,14:31:00
287,110,1,NULL,2024-03-21,4.25,Cash,11:39:00
288,110,3,NULL,2024-03-10,8.5,Card,10:26:00
289,110,1,2,2024-01-28,4.25,App,11:29:00
290,110,2,1,2024-01-20,4.5,App,15:05:00
291,112,2,2,2024-03-24,12.25,Cash,16:37:00
292,114,3,NULL,2024-03-31,2.75,App,16:57:00
293,115,3,NULL,2024-03-30,13,Cash,14:42:00
294,115,2,NULL,2024-03-30,10.25,Card,08:55:00
295,115,3,1,2024-03-30,17,Card,14:24:00
296,115,1,NULL,2024-03-30,22.5,Card,12:16:00
297,116,2,2,2024-03-27,8.5,Card,14:59:00
298,116,3,NULL,2024-02-07,4.25,Cash,10:58:00
299,117,3,NULL,2024-03-28,13,Cash,17:26:00
300,118,2,NULL,2024-03-30,8.5,Cash,09:15:00
301,118,1,1,2024-03-31,18,Card,18:19:00
302,119,3,1,2024-03-31,15.25,Cash,07:29:00
303,119,3,2,2024-02-27,9.75,App,16:50:00
304,120,2,2,2024-03-09,4.25,Cash,07:04:00
305,120,3,1,2024-03-28,12.25,Card,12:29:00
306,120,3,NULL,2024-02-20,3,App,09:03:00
307,120,3,2,2024-03-15,10,Card,08:59:00
308,120,3,2,2024-02-20,6,App,08:17:00
309,120,3,1,2024-02-16,13.5,App,14:48:00
310,120,1,1,2024-03-15,5.25,Cash,12:15:00
311,121,3,2,2024-02-27,9,Card,10:56:00
312,121,3,2,2024-02-25,14.75,App,15:23:00
313,121,1,1,2024-03-04,8.25,Cash,11:06:00
314,121,2,2,2024-03-17,3,Cash,08:48:00
315,121,1,1,2024-03-13,16.5,App,11:47:00
316,121,2,2,2024-02-27,16.25,App,07:59:00
317,121,2,2,2024-03-06,15.75,Card,17:48:00
318,121,3,2,2024-02-11,9.75,Card,13:51:00
319,121,3,NULL,2024-03-31,8.5,Cash,17:59:00
320,121,3,NULL,2024-03-17,6,App,07:14:00
321,122,2,NULL,2024-03-28,15.5,Card,10:53:00
322,122,3,NULL,2024-03-30,4.75,Card,10:20:00
323,122,1,1,2024-03-20,10.25,Card,10:46:00
324,122,3,NULL,2024-03-31,16.25,App,15:11:00
325,123,2,NULL,2024-03-31,18,Card,13:25:00
326,123,3,1,2024-03-25,9.25,App,15:23:00
327,123,3,NULL,2024-03-24,15,Card,08:37:00
328,123,3,2,2024-03-14,9.25,App,09:13:00
329,124,1,NULL,2024-03-17,6.5,App,12:40:00
330,124,1,NULL,2024-03-23,16,App,08:15:00
331,125,2,1,2024-01-28,3.25,Cash,12:43:00
332,125,2,NULL,2024-01-18,4,Cash,14:43:00
333,125,3,1,2024-03-04,6,Cash,14:48:00
334,125,3,NULL,2024-03-02,14,Card,07:20:00
335,126,3,1,2024-03-24,16.25,Cash,17:05:00
336,127,2,2,2024-02-19,9.75,App,16:10:00
337,127,2,1,2024-03-24,12,Cash,08:14:00
338,127,2,NULL,2024-02-22,5.25,App,13:57:00
339,127,2,NULL,2024-03-20,6.25,Cash,07:16:00
340,127,1,2,2024-02-08,4.5,Cash,13:57:00
341,127,1,NULL,2024-02-25,3.25,Cash,11:03:00
342,127,3,1,2024-03-09,4.25,App,14:08:00
343,128,1,1,2024-02-26,7.75,App,07:58:00
344,128,3,NULL,2024-03-21,5.75,App,13:41:00
345,128,3,NULL,2024-03-08,4,Card,12:07:00
346,128,2,2,2024-03-16,20,App,07:39:00
347,129,3,1,2024-03-30,14,Cash,07:34:00
348,130,3,1,2024-02-14,10.25,Card,08:20:00
349,130,3,1,2024-01-16,15.5,Card,17:10:00
350,130,3,1,2024-03-31,19.75,App,07:47:00
351,130,2,2,2024-03-19,6.5,Cash,16:06:00
352,130,2,2,2024-01-17,8,Card,12:17:00
353,130,2,NULL,2024-02-15,13.75,App,17:46:00
354,130,3,1,2024-02-13,7,App,07:40:00
355,131,2,1,2024-03-26,11.75,Card,14:55:00
356,131,1,NULL,2024-03-31,15.75,Card,10:48:00
357,131,3,NULL,2024-03-26,4.5,Cash,13:19:00
358,131,3,2,2024-03-23,7,App,09:37:00
359,131,2,1,2024-03-23,19.5,Cash,12:03:00
360,131,2,NULL,2024-03-29,10,Cash,09:37:00
361,131,2,NULL,2024-03-28,14,App,08:04:00
362,132,2,NULL,2024-03-23,5.25,Cash,13:13:00
363,132,3,1,2024-03-16,13,Card,07:01:00
364,132,2,1,2024-03-24,14.5,Card,12:33:00
365,132,2,2,2024-03-22,10,Card,15:58:00
366,132,1,NULL,2024-03-19,8.5,App,16:24:00
367,132,3,2,2024-03-09,8.5,Cash,15:16:00
368,132,1,2,2024-03-20,21,Card,15:24:00
369,132,2,NULL,2024-03-21,17,Cash,11:49:00
370,132,2,NULL,2024-03-10,12.25,App,09:41:00
371,133,1,NULL,2024-03-28,14.75,Cash,10:09:00
372,133,3,NULL,2024-03-30,12.5,App,09:40:00
373,133,3,NULL,2024-03-29,19.5,Cash,17:02:00
374,134,2,2,2024-03-30,4.5,Cash,08:36:00
375,134,2,1,2024-01-27,12.75,Card,07:57:00
376,134,2,2,2024-03-14,18.25,Cash,08:01:00
377,134,1,NULL,2024-02-21,9.25,Card,13:08:00
378,134,3,NULL,2024-03-24,7.5,App,13:17:00
379,134,1,2,2024-01-22,3,Card,12:36:00
380,134,2,NULL,2024-03-26,4,App,10:26:00
381,134,1,2,2024-03-12,14.5,Card,15:47:00
382,134,3,NULL,2024-02-24,6,Card,12:09:00
383,135,2,1,2024-03-20,20.25,App,09:58:00
384,135,2,2,2024-03-26,16.25,App,16:30:00
385,135,1,1,2024-03-08,11.5,Cash,16:46:00
386,137,2,NULL,2024-03-20,16.75,Cash,07:14:00
387,137,3,NULL,2024-03-18,15.5,Card,11:03:00
388,138,3,2,2024-02-27,17,App,10:45:00
389,138,1,1,2024-03-21,14.25,App,14:23:00
390,140,3,2,2024-02-10,16.5,Cash,11:28:00
391,142,1,1,2024-03-04,13.75,Card,13:05:00
392,142,1,NULL,2024-03-14,15.25,Card,12:56:00
393,143,2,NULL,2024-03-07,11.75,App,08:14:00
394,143,2,2,2024-02-25,9.25,Card,13:16:00
395,143,1,NULL,2024-03-08,20,Card,13:39:00
396,143,3,NULL,2024-03-15,14.25,Card,13:30:00
397,144,3,NULL,2024-03-13,15.75,App,08:50:00
398,146,1,2,2024-02-27,11.25,App,12:36:00
399,146,1,NULL,2024-03-21,3,Cash,12:38:00
400,146,3,NULL,2024-03-21,14,Cash,08:40:00
401,146,1,1,2024-03-17,3,App,13:54:00
402,146,3,NULL,2024-03-10,11.75,Card,08:03:00
403,147,2,NULL,2024-03-28,3.25,Cash,12:35:00
404,147,3,1,2024-02-29,6.5,Card,09:48:00
405,148,3,NULL,2024-03-29,9.75,Cash,10:37:00
406,148,3,1,2024-03-27,11.5,Cash,07:23:00
407,148,2,1,2024-03-26,16.5,Cash,16:15:00
408,150,3,1,2024-03-18,7,Card,09:39:00
409,150,1,2,2024-03-20,8.75,App,17:49:00
410,150,2,1,2024-03-14,4.5,App,10:01:00
411,150,1,NULL,2024-02-18,5.25,Card,16:26:00
412,150,2,NULL,2024-02-22,4.75,Card,11:59:00
413,150,3,1,2024-03-20,2.75,Cash,14:29:00
414,150,3,NULL,2024-03-04,5.25,App,11:34:00
415,150,1,NULL,2024-03-30,13,Cash,13:48:00
416,151,2,NULL,2024-03-29,4,App,15:43:00
417,153,3,2,2024-03-21,12.25,Card,11:57:00
418,153,1,NULL,2024-03-27,18.5,App,17:57:00
419,153,3,NULL,2024-03-28,11.25,Cash,14:45:00
420,153,3,NULL,2024-03-24,15.25,Cash,14:33:00
421,154,2,1,2024-03-31,11.75,App,07:05:00
422,154,2,1,2024-03-31,16.25,App,20:31:00
423,154,3,1,2024-03-31,7,Card,13:23:00
424,154,2,1,2024-03-31,8,Card,12:24:00
425,154,3,NULL,2024-03-31,3,Cash,10:39:00
426,154,2,NULL,2024-03-31,12.75,Card,13:33:00
427,154,2,NULL,2024-03-31,17.25,Cash,11:28:00
428,155,3,NULL,2024-03-28,11,App,13:33:00
429,155,1,1,2024-03-26,17.75,Cash,14:57:00
430,156,3,NULL,2024-03-27,12.75,Cash,17:55:00
431,156,3,1,2024-03-04,7.25,Card,09:31:00
432,156,3,2,2024-03-17,5.25,Cash,14:32:00
433,156,2,NULL,2024-02-22,7.25,Cash,15:45:00
434,156,3,NULL,2024-02-27,18.75,App,11:49:00
435,156,3,NULL,2024-02-23,22,Card,13:17:00
436,156,3,NULL,2024-03-15,8.5,Card,17:53:00
437,156,2,NULL,2024-03-27,3.25,Cash,11:37:00
438,156,2,NULL,2024-02-22,10.5,Cash,20:36:00
439,157,3,NULL,2024-03-10,16.25,Cash,10:27:00
440,157,3,NULL,2024-03-01,5.25,Card,11:01:00
441,158,1,NULL,2024-02-24,16,Cash,08:51:00
442,158,1,NULL,2024-02-29,14,App,07:46:00
443,158,3,NULL,2024-02-22,3.25,Cash,17:59:00
444,158,3,NULL,2024-03-24,11.25,App,12:35:00
445,158,3,1,2024-02-16,6.5,App,13:57:00
446,159,2,1,2024-03-11,11.5,App,09:00:00
447,160,1,NULL,2024-03-25,18.25,Cash,14:14:00
448,160,1,2,2024-03-11,3,Card,12:39:00
449,160,3,1,2024-03-19,13.25,Cash,14:15:00
450,160,2,1,2024-03-24,11,App,15:03:00
451,160,3,2,2024-03-10,7,Cash,13:11:00
452,160,1,1,2024-03-20,19,Card,15:35:00
453,160,2,NULL,2024-03-18,18,Card,14:08:00
454,160,1,NULL,2024-03-13,8.25,App,07:02:00
455,160,2,NULL,2024-03-13,18.5,Card,07:58:00
456,161,2,NULL,2024-02-27,10.5,Card,13:34:00
457,161,3,1,2024-03-11,9.75,App,16:59:00
458,161,1,1,2024-02-25,10,Card,10:30:00
459,161,3,1,2024-03-01,6.5,Card,09:34:00
460,162,3,1,2024-03-30,9.75,App,09:46:00
461,162,1,NULL,2024-03-30,6.25,Card,15:02:00
462,163,2,NULL,2024-03-15,8.75,Card,08:18:00
463,164,3,1,2024-03-29,14.75,Cash,15:29:00
464,164,3,1,2024-03-04,21.25,Cash,12:21:00
465,164,3,NULL,2024-02-24,6.5,App,15:29:00
466,164,1,2,2024-02-18,7,Card,08:31:00
467,164,3,NULL,2024-02-11,10.5,App,07:35:00
468,164,2,2,2024-02-12,7.25,Cash,08:33:00
469,164,1,NULL,2024-03-04,22.5,App,10:30:00
470,165,3,2,2024-03-31,16.5,Card,08:11:00
471,165,3,NULL,2024-03-26,15.5,App,10:49:00
472,166,1,2,2024-02-03,14.75,App,16:50:00
473,167,3,NULL,2024-03-19,7.5,Cash,12:48:00
474,167,1,NULL,2024-02-26,3.25,Card,17:32:00
475,168,2,NULL,2024-03-25,4.25,App,07:26:00
476,168,1,1,2024-03-01,6.5,App,14:16:00
477,169,1,2,2024-03-03,10,App,07:03:00
478,169,2,2,2024-03-15,17,Cash,14:05:00
479,169,3,NULL,2024-02-03,4.25,Cash,15:28:00
480,169,1,1,2024-01-25,4.25,App,16:02:00
481,170,3,1,2024-03-31,3,Cash,07:21:00
482,170,2,NULL,2024-03-28,14.25,Card,08:20:00
483,170,1,1,2024-03-31,4.5,Cash,11:25:00
484,170,2,2,2024-03-29,3.25,Cash,09:03:00
485,170,1,2,2024-03-31,8.5,Cash,17:47:00
486,170,3,NULL,2024-03-29,7.75,Cash,13:24:00
487,170,3,NULL,2024-03-28,16.75,App,08:58:00
488,170,2,1,2024-03-29,9.5,App,17:32:00
489,170,3,2,2024-03-31,18.25,App,07:44:00
490,171,1,NULL,2024-01-15,8,Cash,10:15:00
491,171,1,1,2024-02-13,8.25,Cash,12:16:00
492,171,2,NULL,2024-03-10,18,Cash,14:24:00
493,171,1,1,2024-02-04,12.75,Card,10:10:00
494,172,1,1,2024-03-02,20.25,Cash,10:10:00
495,172,3,1,2024-03-01,17.25,Cash,13:38:00
496,172,3,1,2024-03-21,5.25,App,09:41:00
497,172,3,1,2024-03-22,4.25,Cash,07:37:00
498,172,1,2,2024-03-07,9.5,Cash,15:06:00
499,172,1,NULL,2024-03-12,9.75,App,17:34:00
500,172,1,NULL,2024-03-14,15.75,Cash,15:35:00
501,172,2,NULL,2024-03-19,12.75,Card,14:39:00
502,172,3,2,2024-03-15,8,Card,16:07:00
503,172,3,1,2024-03-17,15.75,App,11:40:00
504,173,3,2,2024-02-01,18.5,Card,11:20:00
505,173,3,NULL,2024-01-17,14,App,12:25:00
506,174,3,NULL,2024-02-07,14.5,Cash,07:50:00
507,174,3,2,2024-03-02,4,Cash,07:30:00
508,174,1,NULL,2024-02-19,4.75,Cash,16:50:00
509,175,3,1,2024-02-10,13,Cash,13:58:00
510,177,2,NULL,2024-03-29,6.5,Card,13:38:00
511,178,2,NULL,2024-03-06,17,Card,07:14:00
512,178,3,2,2024-03-31,12,App,13:18:00
513,178,1,NULL,2024-03-26,6.5,Cash,10:01:00
514,178,2,2,2024-03-05,19.5,Cash,12:50:00
515,179,1,1,2024-03-31,16,App,09:15:00
516,181,1,1,2024-03-25,11.5,Cash,16:01:00
517,182,3,NULL,2024-03-30,16.75,App,13:21:00
518,183,3,2,2024-03-23,17.25,Card,14:29:00
519,183,2,1,2024-03-28,8.75,App,09:06:00
520,184,3,2,2024-03-21,18,App,07:20:00
521,184,2,NULL,2024-03-23,4.75,Cash,07:13:00
522,184,2,NULL,2024-03-28,5.25,Cash,08:39:00
523,184,3,NULL,2024-03-22,10.75,App,08:22:00
524,185,3,NULL,2024-03-15,6.75,Cash,11:01:00
525,185,3,2,2024-03-11,12.25,Cash,08:51:00
526,185,3,NULL,2024-03-15,12.75,Cash,12:35:00
527,185,1,1,2024-01-21,4,App,08:17:00
528,186,3,2,2024-03-19,9.75,App,15:35:00
529,186,3,NULL,2024-03-20,19.75,Card,08:13:00
530,186,2,1,2024-03-12,7.25,Card,07:00:00
531,186,3,NULL,2024-02-13,16.25,Card,11:04:00
532,186,2,2,2024-03-18,13.5,App,19:39:00
533,187,2,NULL,2024-02-28,19,Card,17:21:00
534,187,3,1,2024-02-13,17.5,App,20:20:00
535,187,3,1,2024-01-25,4.75,Cash,07:40:00
536,187,3,NULL,2024-03-08,18,Card,14:01:00
537,188,2,NULL,2024-02-26,10.5,App,08:14:00
538,189,2,2,2024-03-07,10,App,07:47:00
539,191,2,2,2024-03-22,7.75,Card,07:54:00
540,191,2,NULL,2024-03-31,15.25,App,08:31:00
541,191,1,1,2024-03-17,8.75,Cash,11:49:00
542,192,3,NULL,2024-01-29,9.25,Card,15:44:00
543,193,3,2,2024-03-27,10,Card,10:56:00
544,193,1,NULL,2024-03-06,18.25,Card,16:46:00
545,193,3,NULL,2024-03-25,11.5,Card,11:56:00
546,193,1,2,2024-02-21,22.75,Cash,14:31:00
547,193,3,2,2024-03-08,18.5,App,18:49:00
548,193,2,2,2024-02-19,14.5,Cash,14:19:00
549,194,2,1,2024-03-26,12.5,App,16:54:00
550,194,3,2,2024-03-25,22.25,App,14:10:00
551,194,3,NULL,2024-03-26,13,App,09:58:00
552,194,1,NULL,2024-03-22,6.5,Cash,14:22:00
553,194,1,1,2024-03-26,11.25,App,17:57:00
554,194,1,NULL,2024-03-29,4.5,Card,14:59:00
555,194,3,2,2024-03-23,8.75,Card,16:07:00
556,194,2,NULL,2024-03-25,14,Cash,14:01:00
557,194,1,NULL,2024-03-23,13,Cash,14:29:00
558,195,2,2,2024-01-20,8,Card,11:47:00
559,195,3,NULL,2024-01-20,10.25,Cash,10:46:00
560,195,3,NULL,2024-01-24,16,App,14:52:00
561,195,3,1,2024-01-09,16.75,App,13:09:00
562,195,3,1,2024-01-06,6,Cash,11:52:00
563,195,1,2,2024-02-27,18,App,08:24:00
564,196,2,1,2024-03-24,10.25,Card,15:15:00
565,197,3,NULL,2024-02-08,20.5,Cash,10:12:00
566,198,2,2,2024-03-01,2.75,App,18:11:00
567,199,1,NULL,2024-03-21,4.75,Card,16:40:00
568,199,2,NULL,2024-03-22,20,Cash,08:04:00
569,199,1,NULL,2024-03-17,10.75,Cash,12:07:00
570,199,3,2,2024-03-22,10,App,18:09:00
571,200,2,NULL,2024-03-05,17.25,App,08:48:00
572,200,1,NULL,2024-02-28,15.75,App,08:43:00
573,200,3,NULL,2024-03-07,6.5,Card,14:50:00
574,200,3,NULL,2024-03-27,6,Card,13:38:00
575,201,2,NULL,2024-03-17,13,Card,11:32:00
576,201,2,NULL,2024-02-23,11.75,Card,07:24:00
577,201,3,2,2024-03-13,7.75,Card,17:09:00
578,201,1,2,2024-02-19,9.5,App,12:53:00
579,201,1,NULL,2024-02-14,4.75,Card,07:13:00
580,201,2,2,2024-03-05,9.5,App,08:40:00
581,201,3,2,2024-03-04,9,Cash,07:32:00
582,201,3,2,2024-02-10,4,Card,09:21:00
583,201,2,NULL,2024-03-11,11.5,Card,12:14:00
584,202,3,NULL,2024-02-29,17.5,App,12:28:00
585,202,1,2,2024-02-04,14.5,App,10:03:00
586,202,2,NULL,2024-03-27,18,Cash,16:03:00
587,202,1,NULL,2024-01-29,7.25,App,07:36:00
588,202,3,NULL,2024-03-12,11.25,Card,07:14:00
589,202,2,NULL,2024-03-21,12.5,Cash,09:39:00
590,202,1,2,2024-02-16,8.5,Card,16:15:00
591,202,2,2,2024-02-01,3.25,App,09:35:00
592,203,1,1,2024-03-27,11.75,Cash,12:28:00
593,203,2,1,2024-03-17,7.75,Card,12:56:00
594,205,2,1,2024-03-21,8.75,Card,19:27:00
595,206,3,NULL,2024-03-14,3.25,App,16:28:00
596,206,2,2,2024-03-31,15.5,Card,11:49:00
597,207,3,NULL,2024-03-03,19.5,Card,20:25:00
598,208,2,NULL,2024-03-31,23.25,App,12:57:00
599,208,3,2,2024-03-30,7,App,08:19:00
600,209,1,1,2024-02-08,11.25,Cash,08:01:00
601,209,1,2,2024-03-27,7.5,Cash,11:07:00
602,210,2,NULL,2024-03-25,3.25,App,08:23:00
603,210,3,NULL,2024-03-31,12,Cash,08:57:00
604,210,3,NULL,2024-03-23,12.75,Card,12:36:00
605,211,2,NULL,2024-03-08,14,Cash,12:30:00
606,211,3,NULL,2024-02-06,8,App,14:32:00
607,211,1,2,2024-03-23,8,App,10:31:00
608,211,2,2,2024-03-05,10.25,App,08:47:00
609,212,3,2,2024-03-20,14,Card,17:08:00
610,213,2,NULL,2024-02-16,17.25,Card,11:46:00
611,215,1,NULL,2024-02-20,14.5,App,12:57:00
612,215,2,2,2024-03-23,4,Cash,07:10:00
613,215,1,NULL,2024-02-24,10.75,Card,09:50:00
614,215,2,2,2024-03-08,17,App,10:46:00
615,216,2,1,2024-03-29,4.25,Cash,09:18:00
616,217,3,1,2024-03-04,8.5,Card,11:02:00
617,219,1,1,2024-03-23,16.5,Cash,16:41:00
618,220,1,2,2024-03-25,11,Cash,07:36:00
619,220,1,2,2024-03-19,9.25,Cash,13:25:00
620,220,1,1,2024-03-20,15.25,App,12:33:00
621,221,3,2,2024-03-20,4.25,Card,16:57:00
622,221,1,NULL,2024-03-30,19.25,Cash,14:29:00
623,221,2,NULL,2024-03-08,9.25,Card,08:12:00
624,221,1,2,2024-03-05,7,App,11:02:00
625,222,3,NULL,2024-03-13,10.75,App,12:05:00
626,223,2,1,2024-01-22,18,Cash,07:36:00
627,224,2,NULL,2024-03-28,17,Cash,17:55:00
628,226,1,2,2024-03-07,3,App,12:16:00
629,226,3,2,2024-03-10,13.5,Cash,08:36:00
630,227,1,1,2024-03-10,15.75,Cash,09:44:00
631,227,3,2,2024-03-24,6,App,07:59:00
632,228,3,2,2024-03-31,4,App,08:39:00
633,229,1,1,2024-03-17,16.75,Card,07:39:00
634,229,3,1,2024-03-29,19,Cash,13:00:00
635,229,2,NULL,2024-03-06,9.25,Card,07:50:00
636,229,2,NULL,2024-03-12,8.75,Card,16:13:00
637,230,3,NULL,2024-03-31,9.25,Card,07:37:00
638,231,2,1,2024-03-27,14.25,App,12:55:00
639,231,2,NULL,2024-02-28,11,Card,07:03:00
640,231,2,1,2024-02-08,9.75,Cash,10:17:00
641,233,3,NULL,2024-03-02,19.75,App,16:07:00
642,233,2,1,2024-01-09,15.5,Cash,13:33:00
643,233,2,1,2024-02-27,4.5,Card,08:54:00
644,233,1,NULL,2024-01-29,8.25,App,07:26:00
645,233,1,2,2024-01-28,4.5,Card,11:34:00
646,233,2,NULL,2024-01-09,7.5,Cash,12:06:00
647,233,3,NULL,2024-03-24,16,App,09:44:00
648,233,3,NULL,2024-02-06,4.75,Card,13:14:00
649,233,3,NULL,2024-01-27,11.75,Card,13:51:00
650,233,3,1,2024-03-30,16,Cash,11:42:00
651,234,1,NULL,2024-03-27,9.25,App,07:19:00
652,234,3,NULL,2024-03-28,13.5,Card,09:51:00
653,235,2,NULL,2024-02-05,6,App,10:51:00
654,235,1,NULL,2024-02-29,18.25,App,12:09:00
655,237,3,NULL,2024-02-20,2.75,App,09:40:00
656,237,1,1,2024-03-11,20.5,Cash,16:30:00
657,237,2,2,2024-03-17,11,Cash,08:42:00
658,238,1,2,2024-03-15,3.25,App,08:25:00
659,238,3,NULL,2024-03-28,4.25,App,13:03:00
660,238,2,NULL,2024-03-26,7.25,App,11:05:00
661,238,2,2,2024-03-16,5.25,Card,09:40:00
662,238,3,1,2024-03-27,12.5,Cash,08:25:00
663,238,2,1,2024-03-26,11,App,12:00:00
664,239,1,NULL,2024-03-30,4.5,App,07:53:00
665,240,3,NULL,2024-03-28,15.75,Card,13:35:00
666,241,1,2,2024-03-31,22.25,App,13:18:00
667,242,3,NULL,2024-03-25,3.25,App,11:50:00
668,242,1,2,2024-03-28,16.25,Cash,17:36:00
669,242,1,1,2024-02-16,9.75,Card,14:34:00
670,243,2,2,2024-03-02,24.75,Card,13:18:00
671,243,2,2,2024-01-30,14.25,Cash,14:37:00
672,244,1,1,2024-01-17,2.75,Cash,17:57:00
673,244,1,1,2024-02-18,9,Cash,10:04:00
674,245,3,NULL,2024-03-03,4,Cash,09:45:00
675,245,2,NULL,2024-02-26,12.75,Card,12:55:00
676,246,1,2,2024-02-25,2.75,App,16:57:00
677,246,3,1,2024-03-07,6.5,Cash,08:14:00
678,246,3,NULL,2024-02-09,16.25,App,09:18:00
679,246,3,1,2024-02-16,23.25,Cash,13:55:00
680,247,2,2,2024-03-02,9.25,App,07:39:00
681,248,2,2,2024-03-14,16.5,Card,09:09:00
682,249,3,1,2024-03-30,6.5,App,09:03:00
683,249,3,2,2024-03-29,10,App,14:42:00
684,249,3,NULL,2024-03-29,19,Cash,15:04:00
685,250,1,NULL,2024-03-31,16,App,09:02:00
686,250,3,1,2024-03-25,15.75,App,14:34:00
687,250,2,NULL,2024-03-29,13.25,Cash,07:50:00
688,250,1,NULL,2024-03-26,5.25,Card,13:18:00
689,250,2,2,2024-03-27,16.5,Cash,07:12:00
690,250,1,1,2024-03-25,9.5,Cash,14:28:00
691,250,1,1,2024-03-24,10.5,Card,07:09:00
692,250,1,NULL,2024-03-31,9.25,Cash,10:00:00
693,250,1,1,2024-03-30,19,App,09:38:00
694,251,3,2,2024-02-26,8.5,App,07:41:00
695,251,1,NULL,2024-02-09,13.75,Card,08:06:00
696,251,1,1,2024-03-23,2.75,Cash,17:50:00
697,252,1,NULL,2024-03-30,13.25,Cash,15:26:00
698,252,3,NULL,2024-03-22,5.25,App,14:14:00
699,252,3,1,2024-03-25,16.75,Cash,13:15:00
700,252,2,2,2024-03-27,13.75,Card,10:34:00
701,254,3,NULL,2024-03-03,17.5,Cash,09:10:00
702,254,2,2,2024-03-23,4.25,Cash,15:06:00
703,254,2,NULL,2024-03-21,15,App,10:58:00
704,254,2,NULL,2024-03-23,4.25,Cash,16:44:00
705,254,2,NULL,2024-03-18,3.25,App,14:56:00
706,254,3,1,2024-02-26,4.5,Cash,09:15:00
707,254,1,NULL,2024-02-24,20,App,08:38:00
708,254,1,1,2024-02-29,13,App,15:48:00
709,254,1,2,2024-03-05,6,Cash,15:32:00
710,255,3,NULL,2024-03-26,16.5,Card,09:23:00
711,255,3,1,2024-03-05,7.25,Cash,07:46:00
712,255,3,NULL,2024-02-12,22.75,Card,12:48:00
713,255,1,1,2024-02-15,16,Cash,13:13:00
714,255,1,NULL,2024-03-25,14.75,Cash,13:01:00
715,255,2,2,2024-02-24,7.5,Card,17:50:00
716,255,2,NULL,2024-03-29,15.5,Card,07:54:00
717,255,3,1,2024-03-04,4.5,Cash,09:14:00
718,255,1,1,2024-03-21,9.25,Card,11:30:00
719,256,3,NULL,2024-03-29,4,App,09:33:00
720,256,3,1,2024-03-22,17,Cash,10:10:00
721,256,1,NULL,2024-03-24,18,Cash,15:37:00
722,256,3,2,2024-03-17,8.5,App,11:33:00
723,256,1,2,2024-03-17,10,Card,12:31:00
724,256,2,1,2024-03-31,10.25,App,09:29:00
725,256,2,2,2024-03-27,5.25,Card,14:17:00
726,256,1,NULL,2024-03-13,6.5,Card,13:35:00
727,256,1,2,2024-03-16,20.5,App,12:25:00
728,257,2,2,2024-03-21,4.25,Cash,14:55:00
729,257,2,NULL,2024-02-08,15.5,Card,08:47:00
730,258,3,NULL,2024-03-31,7.75,Card,13:24:00
731,258,2,NULL,2024-03-28,11.5,App,13:09:00
732,258,2,NULL,2024-03-29,11.75,App,12:43:00
733,258,3,2,2024-03-29,14.5,App,08:10:00
734,258,3,2,2024-03-27,14.25,App,14:18:00
735,258,3,1,2024-03-27,4.5,Cash,17:21:00
736,258,3,NULL,2024-03-30,16.75,Cash,16:06:00
737,258,1,NULL,2024-03-27,16,Card,15:57:00
738,259,2,NULL,2024-03-25,14.25,App,13:28:00
739,260,2,2,2024-03-15,3.25,Cash,12:57:00
740,261,2,2,2024-03-13,3,App,09:10:00
741,261,2,NULL,2024-03-21,13.5,Cash,12:05:00
742,261,3,NULL,2024-03-24,14.25,App,08:14:00
743,261,2,NULL,2024-03-31,9.25,Cash,16:55:00
744,261,2,NULL,2024-03-21,3,Cash,07:43:00
745,261,1,2,2024-03-21,19.75,App,14:09:00
746,261,2,NULL,2024-03-17,4.5,App,14:41:00
747,261,3,NULL,2024-03-26,6.25,Cash,15:48:00
748,262,2,2,2024-03-09,15.75,App,13:53:00
749,262,1,1,2024-03-01,3.25,Card,07:12:00
750,263,1,NULL,2024-03-12,21,Card,08:40:00
751,264,3,2,2024-02-11,13,App,07:44:00
752,264,1,NULL,2024-01-08,8.25,Card,13:18:00
753,265,2,NULL,2024-03-01,4,App,12:46:00
754,265,1,2,2024-03-22,4.5,Cash,10:40:00
755,267,2,2,2024-03-19,9.25,Card,08:41:00
756,267,2,1,2024-03-23,4.5,Card,14:57:00
757,267,3,2,2024-03-26,20.5,Cash,11:40:00
758,267,2,2,2024-02-26,18.25,Cash,14:33:00
759,268,1,2,2024-02-23,18.5,Cash,12:15:00
760,268,3,NULL,2024-02-13,9.25,Cash,14:33:00
761,268,2,NULL,2024-02-15,7.5,Cash,07:52:00
762,269,3,NULL,2024-03-31,9.25,Cash,14:44:00
763,269,1,NULL,2024-03-25,15.25,App,12:13:00
764,269,1,2,2024-03-18,3.25,Card,19:32:00
765,269,2,NULL,2024-03-25,3,Card,14:44:00
766,269,2,NULL,2024-03-22,10,Cash,08:09:00
767,269,2,NULL,2024-03-15,11.5,Cash,14:38:00
768,269,2,1,2024-03-19,14,Cash,08:47:00
769,269,3,NULL,2024-03-17,6.5,App,13:00:00
770,269,1,NULL,2024-03-25,7,Card,12:15:00
771,269,1,NULL,2024-03-16,7,App,14:54:00
772,270,3,NULL,2024-03-29,5.5,Cash,14:45:00
773,270,1,2,2024-02-28,17.5,Card,09:57:00
774,270,3,NULL,2024-03-06,8.75,Card,07:46:00
775,270,3,NULL,2024-03-23,16,Card,11:36:00
776,271,3,NULL,2024-03-19,18.75,Cash,07:14:00
777,271,2,2,2024-02-27,6.25,Cash,20:55:00
778,271,1,NULL,2024-03-13,7,App,10:31:00
779,271,2,1,2024-03-08,9.75,Cash,10:01:00
780,271,3,2,2024-03-19,21.75,Card,13:24:00
781,271,2,1,2024-03-25,16.75,App,07:26:00
782,271,2,NULL,2024-03-20,16.75,Cash,10:02:00
783,272,3,NULL,2024-03-24,7,Card,10:33:00
784,272,2,1,2024-03-16,17.25,Card,13:38:00
785,272,3,1,2024-02-29,3,App,08:15:00
786,273,2,NULL,2024-03-26,17.5,App,13:43:00
787,274,2,NULL,2024-03-12,19.5,Cash,11:08:00
788,274,3,1,2024-03-28,15.25,Card,14:03:00
789,276,1,NULL,2024-03-03,15,Cash,11:31:00
790,276,3,1,2024-03-11,19.5,Cash,13:36:00
791,277,1,2,2024-03-25,14,Cash,13:35:00
792,277,3,2,2024-03-06,17,Card,15:54:00
793,277,3,NULL,2024-03-06,2.75,Cash,09:51:00
794,277,2,NULL,2024-03-28,2.75,Card,13:01:00
795,277,2,1,2024-03-15,16.25,Cash,15:45:00
796,278,2,NULL,2024-03-31,17.25,Card,09:18:00
797,278,1,2,2024-03-29,14,Cash,12:00:00
798,278,2,NULL,2024-03-31,13.5,Cash,13:55:00
799,279,3,NULL,2024-03-02,14.5,Cash,09:19:00
800,279,1,2,2024-03-21,11.75,App,16:55:00
801,279,3,1,2024-03-22,7,App,13:38:00
802,279,1,NULL,2024-02-28,13.5,App,10:22:00
803,280,3,NULL,2024-03-12,15.25,Card,09:58:00
804,280,1,1,2024-02-21,17.25,App,08:20:00
805,280,2,2,2024-02-11,7,Card,11:46:00
806,280,2,NULL,2024-02-08,4.5,Cash,07:49:00
807,281,1,NULL,2024-01-27,7.25,Cash,16:07:00
808,281,1,1,2024-03-19,6,Card,07:22:00
809,281,2,1,2024-02-11,6,Card,19:58:00
810,284,3,2,2024-03-19,4,App,10:45:00
811,284,2,2,2024-02-06,6.5,Cash,09:56:00
812,285,1,NULL,2024-03-27,11.25,Cash,07:22:00
813,285,3,2,2024-03-27,7,Cash,16:47:00
814,288,3,NULL,2024-03-30,6.5,Cash,14:42:00
815,288,3,NULL,2024-03-22,3,Cash,08:31:00
816,288,2,1,2024-03-31,19.75,Cash,12:36:00
817,288,1,NULL,2024-01-29,12.25,Card,14:54:00
818,289,2,NULL,2024-02-29,13.25,Cash,13:13:00
819,289,1,1,2024-02-01,16.5,App,07:44:00
820,289,1,NULL,2024-02-06,4.75,App,14:26:00
821,289,1,NULL,2024-02-21,23.75,Card,16:39:00
822,289,3,NULL,2024-01-13,6.5,App,10:21:00
823,289,1,2,2024-03-11,10.5,Cash,09:37:00
824,289,2,NULL,2024-01-18,15.25,Cash,08:17:00
825,289,3,NULL,2024-03-12,4.75,Cash,12:57:00
826,289,2,NULL,2024-03-06,9.25,App,12:57:00
827,290,1,2,2024-03-14,4,Card,12:43:00
828,291,3,NULL,2024-03-12,4.75,Card,11:00:00
829,291,3,NULL,2024-03-10,17,Card,12:30:00
830,291,1,NULL,2024-03-17,16.5,App,12:50:00
831,291,3,NULL,2024-03-24,10.5,App,11:15:00
832,292,2,NULL,2024-02-18,7,Cash,08:37:00
833,292,3,1,2024-02-13,3.25,Cash,09:10:00
834,294,3,2,2024-01-17,5.25,Card,07:08:00
835,294,1,1,2024-02-03,4.5,Cash,12:35:00
836,294,2,NULL,2024-01-17,13.75,Cash,14:19:00
837,294,1,NULL,2024-02-29,16.75,Cash,13:44:00
838,294,3,2,2024-03-30,6.5,App,17:37:00
839,294,1,NULL,2024-03-11,3.25,Card,14:33:00
840,294,3,NULL,2024-02-14,6.5,Card,16:59:00
841,294,2,2,2024-01-20,4.5,App,11:51:00
842,294,1,NULL,2024-03-20,11,App,11:22:00
843,294,2,NULL,2024-03-14,17.75,Card,11:26:00
844,295,3,2,2024-03-17,14.5,Card,13:35:00
845,295,1,NULL,2024-02-19,9,App,09:19:00
846,295,3,1,2024-03-16,22,Cash,14:20:00
847,297,2,1,2024-03-22,16,App,09:21:00
848,298,2,NULL,2024-03-09,8.25,Cash,14:25:00
849,299,2,NULL,2024-03-19,7.25,Card,17:57:00
850,300,3,1,2024-03-19,12,Cash,13:45:00
851,302,1,NULL,2024-02-20,11.25,Card,14:06:00
852,303,3,NULL,2024-03-22,13,Cash,13:42:00
853,305,2,1,2024-03-12,3,Card,15:49:00
854,305,1,NULL,2024-03-07,8.25,Cash,08:24:00
855,306,1,NULL,2024-02-16,8.5,Card,13:51:00
856,306,3,2,2024-01-26,2.75,Card,12:31:00
857,307,1,1,2024-03-27,11.75,Cash,12:01:00
858,307,3,NULL,2024-03-26,9.5,Card,13:03:00
859,307,3,1,2024-03-20,13.25,Cash,14:56:00
860,307,3,NULL,2024-03-17,12.25,App,14:00:00
861,307,3,NULL,2024-03-17,21,Cash,10:25:00
862,307,1,2,2024-03-17,20,App,09:48:00
863,308,3,2,2024-03-17,18.5,App,11:33:00
864,308,3,NULL,2024-03-29,10.5,App,10:37:00
865,309,1,2,2024-03-25,15.75,Cash,14:05:00
866,309,1,NULL,2024-03-29,16.25,Card,13:36:00
867,311,2,2,2024-03-17,16,Cash,12:12:00
868,311,1,2,2024-03-13,8.5,Card,13:11:00
869,311,1,NULL,2024-03-10,14.25,Cash,13:17:00
870,313,3,1,2024-03-25,14,Cash,10:39:00
871,313,3,1,2024-03-24,4,App,10:36:00
872,313,2,2,2024-03-26,6.5,Cash,16:22:00
873,314,1,NULL,2024-02-18,24,Card,13:49:00
874,314,2,2,2024-03-24,12.5,App,15:02:00
875,315,2,NULL,2024-03-12,13.25,Cash,08:46:00
876,315,3,2,2024-03-16,11.25,Card,17:30:00
877,315,3,1,2024-03-22,12.5,Cash,13:54:00
878,315,1,1,2024-03-03,16.25,Card,12:15:00
879,316,1,2,2024-03-01,13.25,Cash,09:28:00
880,316,3,NULL,2024-03-20,17,Card,15:39:00
881,317,1,1,2024-03-18,6.5,Card,12:53:00
882,317,2,NULL,2024-03-13,6,App,10:32:00
883,317,1,NULL,2024-03-21,19.5,Card,11:52:00
884,317,1,2,2024-03-15,17.75,Cash,11:37:00
885,317,1,2,2024-03-26,12.5,App,16:37:00
886,317,1,NULL,2024-03-22,17.75,Cash,07:45:00
887,317,3,NULL,2024-03-23,13.25,Card,19:31:00
888,319,3,2,2024-03-30,16.75,Cash,13:42:00
889,319,1,1,2024-03-17,16.25,Card,11:00:00
890,320,1,1,2024-03-18,20,Card,07:53:00
891,321,1,2,2024-01-29,14.5,App,13:50:00
892,321,1,NULL,2024-01-30,9.25,Cash,16:53:00
893,321,2,NULL,2024-03-14,10.75,Card,16:26:00
894,321,2,NULL,2024-03-12,4.75,Card,12:30:00
895,322,3,2,2024-03-22,7.5,App,14:25:00
896,323,2,NULL,2024-03-28,7,Card,07:33:00
897,323,2,NULL,2024-03-27,3.25,App,10:35:00
898,324,3,NULL,2024-03-14,18.5,Card,08:33:00
899,324,1,2,2024-03-17,3,Card,17:58:00
900,324,1,NULL,2024-03-21,8.75,App,13:33:00
901,324,1,2,2024-03-30,2.75,Card,18:45:00
902,325,3,2,2024-03-09,19.5,Card,13:02:00
903,325,2,NULL,2024-03-17,14.25,Card,07:34:00
904,326,3,1,2024-02-29,4.5,App,10:31:00
905,327,3,NULL,2024-03-26,8.5,Cash,12:38:00
906,327,2,2,2024-03-30,7,App,16:33:00
907,327,3,2,2024-03-30,2.75,Cash,15:36:00
908,327,3,2,2024-03-23,24,App,07:47:00
909,327,1,NULL,2024-03-31,4,Card,11:02:00
910,327,3,NULL,2024-03-25,3,Cash,10:14:00
911,327,2,1,2024-03-24,7.5,Cash,08:12:00
912,329,3,NULL,2024-03-28,12.75,Cash,14:05:00
913,329,3,NULL,2024-03-28,5.5,Cash,08:21:00
914,330,3,NULL,2024-02-02,20.5,Card,14:24:00
915,330,1,2,2024-03-29,5.25,Card,10:17:00
916,332,1,NULL,2024-01-09,11.5,App,11:36:00
917,332,3,1,2024-02-11,10.5,Cash,08:47:00
918,332,1,NULL,2024-02-11,15.25,App,07:51:00
919,332,1,2,2024-03-02,2.75,Cash,16:58:00
920,332,2,2,2024-02-08,18.25,Card,15:51:00
921,333,2,NULL,2024-01-10,16,Cash,14:26:00
922,333,3,1,2024-03-02,21,Card,09:38:00
923,333,3,2,2024-02-14,2.75,App,13:04:00
924,333,3,NULL,2024-01-22,8.25,Cash,15:22:00
925,334,2,2,2024-03-16,16.5,Cash,14:04:00
926,334,2,NULL,2024-02-15,17.5,Card,11:33:00
927,335,2,2,2024-03-31,9.5,App,13:01:00
928,335,1,2,2024-03-31,2.75,Card,07:35:00
929,335,3,NULL,2024-03-29,8.75,App,14:02:00
930,335,3,1,2024-03-25,9.5,Card,07:29:00
931,335,1,NULL,2024-03-30,3.25,Card,08:17:00
932,335,3,NULL,2024-03-23,7.5,App,09:51:00
933,335,2,1,2024-03-24,16.5,App,11:02:00
934,335,3,1,2024-03-16,9.25,App,11:58:00
935,335,3,NULL,2024-03-23,9.5,Cash,13:19:00
936,335,1,2,2024-03-16,15.75,App,07:10:00
937,336,1,NULL,2024-02-22,6.5,Cash,11:00:00
938,336,1,NULL,2024-03-14,4.25,Card,13:53:00
939,337,2,NULL,2024-02-29,8.5,Cash,12:50:00
940,337,2,1,2024-02-21,2.75,Card,13:16:00
941,337,3,2,2024-02-18,14.5,Card,14:00:00
942,337,1,NULL,2024-03-24,5.25,App,11:16:00
943,337,1,1,2024-03-13,17.25,Cash,10:00:00
944,338,2,1,2024-02-12,13.75,Card,15:40:00
945,338,1,2,2024-02-11,16.5,Card,13:15:00
946,339,2,2,2024-03-04,14,Cash,07:16:00
947,339,1,1,2024-03-14,19.75,App,12:45:00
948,339,2,2,2024-02-16,3.25,Cash,13:14:00
949,339,3,NULL,2024-03-08,4.25,Card,14:18:00
950,339,1,2,2024-03-28,11,Cash,16:44:00
951,339,3,NULL,2024-03-26,9.5,App,16:58:00
952,340,2,NULL,2024-02-09,6,App,14:15:00
953,341,3,NULL,2024-03-01,13.5,Cash,13:49:00
954,341,3,NULL,2024-02-13,2.75,Cash,14:38:00
955,342,3,2,2024-03-28,19,App,20:45:00
956,342,1,NULL,2024-03-06,14.5,Card,08:45:00
957,343,2,NULL,2024-03-20,14.75,App,09:21:00
958,343,2,1,2024-03-17,16,Cash,08:04:00
959,344,1,2,2024-03-13,13.5,App,10:49:00
960,345,3,NULL,2024-02-10,4.75,Cash,10:49:00
961,345,2,NULL,2024-02-27,16.5,App,09:20:00
962,345,2,2,2024-03-15,2.75,App,14:30:00
963,345,3,NULL,2024-02-10,4.25,Card,17:41:00
964,346,2,NULL,2024-03-01,7,App,14:49:00
965,346,2,2,2024-03-01,11,Cash,12:55:00
966,346,3,1,2024-03-14,10.25,Cash,13:43:00
967,346,1,NULL,2024-02-01,15.5,Cash,09:45:00
968,346,2,2,2024-02-05,14.75,App,14:51:00
969,346,3,NULL,2024-02-10,13.5,App,12:21:00
970,346,2,NULL,2024-02-28,4.5,App,09:40:00
971,346,2,NULL,2024-02-26,7,Card,07:11:00
972,346,2,2,2024-03-26,8.5,App,10:51:00
973,348,3,2,2024-03-29,6.5,Card,10:33:00
974,349,2,2,2024-03-17,12,App,14:30:00
975,349,1,NULL,2024-03-10,4.75,Cash,08:56:00
976,349,3,1,2024-03-21,4.75,Cash,13:16:00
977,349,2,2,2024-03-12,13.5,Cash,13:08:00
978,349,1,NULL,2024-03-15,20.25,App,11:03:00
979,349,3,NULL,2024-03-27,5.25,Cash,13:29:00
980,349,3,NULL,2024-03-31,10,Card,07:03:00
981,349,2,NULL,2024-03-18,10,Card,14:55:00
982,349,1,1,2024-03-23,4.5,Card,11:27:00
983,350,2,NULL,2024-02-19,15.25,App,12:55:00
984,350,2,2,2024-03-12,11.25,App,13:39:00
985,350,2,1,2024-03-29,7.5,App,09:23:00
986,350,1,NULL,2024-02-14,14.25,Card,17:58:00
987,350,1,1,2024-03-15,12.25,App,15:47:00
988,350,3,1,2024-01-29,18.5,Cash,11:18:00
989,350,3,NULL,2024-02-15,8.5,Cash,08:26:00
990,350,3,NULL,2024-03-23,16.5,App,10:47:00
991,352,1,NULL,2024-03-23,4,App,14:38:00
992,354,2,NULL,2024-02-04,11,App,11:24:00
993,354,2,NULL,2024-02-19,17.5,Card,09:33:00
994,354,3,1,2024-02-15,19,App,08:42:00
995,354,3,NULL,2024-02-25,4.25,Cash,13:14:00
996,355,2,2,2024-02-04,16,App,12:59:00
997,356,1,2,2024-03-24,11,Card,14:40:00
998,356,3,2,2024-03-25,9.25,Cash,09:00:00
999,357,2,NULL,2024-02-22,11.75,App,13:07:00
1000,357,1,NULL,2024-02-26,5.25,App,10:10:00
1001,357,1,NULL,2024-02-05,4,App,12:40:00
1002,358,2,NULL,2024-02-23,25,App,08:14:00
1003,358,1,NULL,2024-03-13,3.25,App,07:43:00
1004,358,3,1,2024-03-28,11.75,App,12:56:00
1005,358,3,NULL,2024-02-25,8.75,Cash,12:56:00
1006,360,2,NULL,2024-03-08,12.5,Cash,12:25:00
1007,361,2,2,2024-03-01,12.25,Cash,16:35:00
1008,361,3,2,2024-03-31,11,App,12:47:00
1009,361,2,2,2024-02-26,2.75,App,12:50:00
1010,361,3,1,2024-02-25,10.25,Cash,12:14:00
1011,361,3,2,2024-03-12,10.75,Card,12:06:00
1012,361,1,NULL,2024-03-19,18.25,Card,13:55:00
1013,361,2,2,2024-03-27,12.75,Card,12:50:00
1014,361,3,NULL,2024-03-04,17.75,Cash,14:48:00
1015,361,1,NULL,2024-03-17,5.25,Cash,11:59:00
1016,361,1,2,2024-03-09,15.25,Card,17:06:00
1017,362,1,2,2024-02-28,17.25,Cash,17:10:00
1018,362,3,NULL,2024-03-22,4.5,Cash,12:29:00
1019,362,1,NULL,2024-03-25,15.25,Card,14:50:00
1020,362,3,2,2024-02-18,3.25,Cash,15:11:00
1021,362,2,2,2024-03-10,3.25,Cash,10:16:00
1022,362,3,NULL,2024-02-28,8.5,Card,08:21:00
1023,362,2,NULL,2024-03-28,23.25,App,09:31:00
1024,362,1,NULL,2024-03-16,8.75,Card,13:27:00
1025,362,1,NULL,2024-03-06,6.25,Cash,10:27:00
1026,363,2,1,2024-01-22,8,Cash,09:29:00
1027,364,2,NULL,2024-03-30,11.25,App,15:01:00
1028,365,2,1,2024-03-28,4.25,Card,11:23:00
1029,367,2,1,2024-03-12,3.25,Cash,11:06:00
1030,367,2,1,2024-03-10,13,Cash,08:32:00
1031,367,3,NULL,2024-03-02,10.25,App,12:13:00
1032,368,3,NULL,2024-02-07,18,Cash,07:11:00
1033,368,1,NULL,2024-01-26,11,App,12:28:00
1034,368,3,1,2024-01-22,18.75,App,09:51:00
1035,369,1,1,2024-02-11,13.75,Cash,10:30:00
1036,370,2,NULL,2024-02-27,8.75,App,08:02:00
1037,370,1,NULL,2024-03-19,5.25,Cash,10:54:00
1038,370,2,NULL,2024-03-23,13.5,Cash,14:02:00
1039,370,3,2,2024-02-18,12.5,Cash,10:15:00
1040,372,2,1,2024-03-29,13.25,App,09:13:00
1041,373,1,NULL,2024-03-21,11.25,App,15:43:00
1042,373,2,NULL,2024-03-19,11.5,Card,14:03:00
1043,374,3,1,2024-03-14,7,Cash,14:16:00
1044,376,1,NULL,2024-03-01,13.5,App,15:47:00
1045,376,1,NULL,2024-02-23,21,App,13:18:00
1046,376,1,1,2024-03-12,8,Cash,12:11:00
1047,378,1,NULL,2024-02-14,19.25,Cash,13:21:00
1048,378,3,NULL,2024-01-28,11.25,Cash,09:20:00
1049,378,2,NULL,2024-01-27,4.25,App,13:32:00
1050,378,2,2,2024-01-16,18.75,Card,13:12:00
1051,379,1,NULL,2024-03-19,4.25,Card,08:04:00
1052,379,1,NULL,2024-03-13,3,Cash,14:27:00
1053,379,3,1,2024-03-06,5.25,App,09:23:00
1054,379,2,2,2024-03-07,6.75,App,11:02:00
1055,380,3,1,2024-03-07,3,App,13:07:00
1056,380,1,1,2024-03-07,7,App,12:11:00
1057,381,1,NULL,2024-02-06,6.5,Card,17:55:00
1058,381,2,1,2024-02-07,7.75,App,12:36:00
1059,381,1,NULL,2024-03-11,4,Card,15:25:00
1060,381,1,1,2024-02-27,2.75,App,11:02:00
1061,381,1,NULL,2024-02-01,10.25,App,16:37:00
1062,381,3,2,2024-02-25,8.75,Card,07:26:00
1063,381,2,1,2024-02-20,14.25,Card,08:02:00
1064,382,3,1,2024-03-23,9.75,Card,13:39:00
1065,382,2,NULL,2024-03-18,15.5,Card,09:15:00
1066,382,1,1,2024-01-20,16.25,Cash,14:26:00
1067,382,2,1,2024-03-15,8.5,App,08:21:00
1068,382,3,2,2024-02-17,7.75,Cash,14:30:00
1069,383,3,NULL,2024-03-31,5.25,App,12:19:00
1070,383,1,NULL,2024-03-15,17.75,Card,12:15:00
1071,383,1,1,2024-02-19,10.5,Cash,12:50:00
1072,383,3,NULL,2024-02-22,8.25,Cash,14:57:00
1073,384,3,2,2024-03-31,3.25,Card,13:24:00
1074,385,3,NULL,2024-01-14,16.25,App,11:21:00
1075,385,1,NULL,2024-02-08,3,Card,07:41:00
1076,386,1,NULL,2024-03-12,12.5,Cash,19:18:00
1077,386,3,NULL,2024-03-19,11.75,App,07:07:00
1078,386,3,NULL,2024-03-30,6.25,Card,18:11:00
1079,386,2,2,2024-03-29,15.75,App,09:30:00
1080,387,2,2,2024-03-25,8.5,Card,08:04:00
1081,387,1,2,2024-03-31,11.75,Card,17:54:00
1082,387,3,2,2024-03-24,10.75,Cash,08:51:00
1083,387,2,2,2024-03-24,8.5,App,09:29:00
1084,388,1,1,2024-03-23,11.5,Card,14:16:00
1085,389,2,NULL,2024-03-17,5.25,Card,09:41:00
1086,389,1,NULL,2024-03-23,13.25,App,10:31:00
1087,390,2,NULL,2024-03-22,10.25,Cash,11:53:00
1088,390,2,NULL,2024-03-09,7.75,Cash,16:04:00
1089,390,2,NULL,2024-03-23,15,App,08:31:00
1090,390,3,NULL,2024-03-08,8.5,Card,19:52:00
1091,391,3,1,2024-03-02,13.75,App,15:22:00
1092,391,2,2,2024-03-12,10,Card,11:54:00
1093,391,1,2,2024-03-10,3,Card,14:38:00
1094,391,2,NULL,2024-01-25,18,App,08:03:00
1095,391,1,1,2024-02-09,11.75,Card,14:47:00
1096,391,3,1,2024-01-29,19.25,Cash,10:40:00
1097,391,2,1,2024-03-07,11.25,Card,14:39:00
1098,391,1,1,2024-03-18,10.5,Cash,07:52:00
1099,392,3,NULL,2024-03-05,10,App,13:02:00
1100,392,1,2,2024-03-10,8,Cash,12:00:00
1101,392,1,2,2024-03-06,2.75,Cash,16:21:00
1102,393,1,NULL,2024-03-22,14.5,Card,11:12:00
1103,393,2,2,2024-03-21,11,Cash,16:15:00
1104,393,2,NULL,2024-03-24,17,Card,14:58:00
1105,393,3,NULL,2024-03-21,15,Cash,17:54:00
1106,395,2,NULL,2024-03-18,4.25,Cash,12:10:00
1107,395,2,NULL,2024-03-01,16.75,Cash,12:36:00
1108,395,3,NULL,2024-03-08,4.5,Cash,15:55:00
1109,395,2,NULL,2024-03-18,6,Cash,15:29:00
1110,395,2,NULL,2024-03-21,13.75,App,09:13:00
1111,395,3,NULL,2024-03-25,5.5,Card,10:52:00
1112,395,1,NULL,2024-02-27,14.5,Cash,08:49:00
1113,395,3,2,2024-03-23,11.25,Card,12:30:00
1114,395,1,NULL,2024-03-02,19.25,Card,08:14:00
1115,397,1,1,2024-03-09,4,Cash,09:12:00
1116,397,3,2,2024-02-11,12,Card,13:44:00
1117,397,2,1,2024-03-05,4.25,App,08:14:00
1118,397,2,NULL,2024-02-26,10.25,Cash,07:14:00
1119,397,2,2,2024-02-19,13.75,App,16:33:00
1120,397,1,NULL,2024-03-31,22.75,Card,15:28:00
1121,397,3,NULL,2024-01-22,13.75,Cash,11:20:00
1122,397,2,2,2024-03-28,5.25,App,13:08:00
1123,397,1,2,2024-02-27,14.25,Cash,13:50:00
1124,398,2,NULL,2024-02-24,3.25,Cash,10:30:00
1125,398,1,NULL,2024-02-02,14.5,Card,12:26:00
1126,398,1,2,2024-03-02,10.25,App,13:16:00
1127,399,1,2,2024-03-05,7.5,App,08:55:00
1128,399,2,NULL,2024-03-06,21,App,17:40:00
1129,400,2,1,2024-03-26,8,App,10:31:00
1130,400,1,2,2024-02-21,4.75,Card,14:51:00
1131,401,1,2,2024-03-25,4.25,App,09:41:00
1132,401,3,1,2024-03-21,10.5,App,14:09:00
1133,402,3,1,2024-03-17,4,Cash,12:52:00
1134,402,1,NULL,2024-03-14,4.5,App,10:55:00
1135,403,1,1,2024-02-04,9,Cash,08:14:00
1136,404,2,2,2024-02-12,3.25,Card,11:51:00
1137,404,2,NULL,2024-01-30,6.5,App,17:20:00
1138,404,3,NULL,2024-02-22,7,Cash,10:55:00
1139,405,3,NULL,2024-03-25,2.75,App,13:13:00
1140,405,2,NULL,2024-03-14,11,App,14:33:00
1141,405,1,NULL,2024-03-03,7,App,07:26:00
1142,405,1,1,2024-03-22,5.25,Card,09:54:00
1143,405,2,NULL,2024-02-28,4.25,Card,13:47:00
1144,405,2,NULL,2024-03-10,2.75,Cash,17:14:00
1145,405,3,2,2024-03-24,18.75,Cash,14:22:00
1146,405,1,1,2024-03-10,18,Card,08:29:00
1147,405,1,2,2024-03-06,18.5,App,14:32:00
1148,406,3,2,2024-03-11,7.5,Cash,11:51:00
1149,406,3,2,2024-03-24,10,Card,07:19:00
1150,406,3,1,2024-03-18,10.75,Cash,08:19:00
1151,406,2,NULL,2024-03-14,15,Cash,15:57:00
1152,406,2,1,2024-03-24,3,Card,14:08:00
1153,406,3,1,2024-03-21,11.25,Card,14:02:00
1154,406,1,NULL,2024-03-21,21,App,15:51:00
1155,406,1,1,2024-03-16,4.75,App,08:50:00
1156,407,2,1,2024-03-10,8.25,Cash,07:31:00
1157,407,2,NULL,2024-03-21,12.25,Cash,15:53:00
1158,407,1,1,2024-02-16,17,App,11:12:00
1159,407,3,NULL,2024-01-05,14.5,App,09:49:00
1160,407,3,NULL,2024-03-30,14,App,10:13:00
1161,407,2,1,2024-01-13,8.75,App,09:38:00
1162,407,3,2,2024-01-11,3.25,Cash,08:14:00
1163,408,3,1,2024-03-05,3,Card,09:35:00
1164,410,3,NULL,2024-03-24,9.75,Cash,11:20:00
1165,411,1,NULL,2024-03-28,10.5,App,10:52:00
1166,411,1,1,2024-03-16,17.25,Cash,09:13:00
1167,411,1,1,2024-03-24,8,Card,15:33:00
1168,412,3,2,2024-03-11,18.5,Card,11:02:00
1169,413,2,NULL,2024-02-10,9,App,07:22:00
1170,414,1,NULL,2024-01-31,19.5,App,08:08:00
1171,414,1,1,2024-02-13,17.75,App,08:13:00
1172,414,1,1,2024-01-21,23.5,Card,11:18:00
1173,414,2,NULL,2024-03-26,11.5,Card,07:58:00
1174,415,1,NULL,2024-02-18,5.25,Cash,07:00:00
1175,415,2,1,2024-02-10,6.5,Card,11:05:00
1176,415,2,1,2024-03-31,7,Cash,14:29:00
1177,415,2,NULL,2024-02-17,10.25,Cash,14:09:00
1178,415,3,NULL,2024-03-21,14.25,Cash,14:14:00
1179,415,3,NULL,2024-03-17,12.75,Cash,12:16:00
1180,415,3,2,2024-03-06,17.25,App,10:32:00
1181,415,1,NULL,2024-03-01,16.75,Card,11:46:00
1182,417,2,NULL,2024-03-28,10.5,Cash,12:54:00
1183,417,1,1,2024-03-23,11.75,Card,11:59:00
1184,417,1,2,2024-03-21,12.25,App,10:55:00
1185,417,1,1,2024-03-20,17,Card,10:31:00
1186,417,1,1,2024-03-27,4.25,Card,08:29:00
1187,417,3,2,2024-03-19,6.5,Cash,15:03:00
1188,417,2,NULL,2024-03-25,4.75,Card,13:58:00
1189,417,1,NULL,2024-03-26,9,App,10:35:00
1190,417,3,2,2024-03-26,20.25,Cash,17:52:00
1191,418,2,1,2024-01-05,18.5,Cash,16:53:00
1192,419,3,1,2024-02-21,16.25,Card,14:03:00
1193,420,1,NULL,2024-01-20,20.5,Cash,10:13:00
1194,420,2,1,2024-01-28,11.25,App,15:53:00
1195,421,1,1,2024-03-27,3.25,Card,08:53:00
1196,421,3,1,2024-03-29,3,Cash,12:24:00
1197,421,3,2,2024-03-30,11,Card,12:47:00
1198,421,3,NULL,2024-03-31,15,App,10:11:00
1199,421,1,NULL,2024-03-27,8.75,Cash,10:09:00
1200,421,1,1,2024-03-25,3.25,Cash,08:47:00
1201,424,3,NULL,2024-03-29,4,App,07:44:00
1202,425,2,NULL,2024-03-18,14.75,App,10:45:00
1203,425,1,2,2024-03-22,15.75,App,14:23:00
1204,426,3,NULL,2024-03-25,8.25,Cash,07:47:00
1205,426,3,1,2024-03-23,13.25,Card,13:49:00
1206,427,1,2,2024-03-12,4.25,Cash,09:22:00
1207,427,2,1,2024-03-11,12.5,App,12:18:00
1208,427,2,2,2024-03-05,7,Cash,10:23:00
1209,427,2,NULL,2024-01-22,17,Card,11:46:00
1210,427,1,1,2024-02-25,3.25,App,07:57:00
1211,427,2,NULL,2024-02-01,21,App,08:55:00
1212,427,2,NULL,2024-01-25,13.25,App,16:07:00
1213,428,1,NULL,2024-01-18,11.25,App,13:41:00
1214,428,3,NULL,2024-03-07,8.25,Cash,14:39:00
1215,428,2,NULL,2024-03-13,19,App,09:59:00
1216,429,1,NULL,2024-03-31,9.75,App,11:42:00
1217,429,1,2,2024-03-28,14.75,App,12:14:00
1218,430,1,1,2024-03-31,16.75,App,15:18:00
1219,430,1,NULL,2024-03-13,11.25,Card,09:10:00
1220,431,2,1,2024-03-23,4.75,Cash,12:27:00
1221,431,2,1,2024-03-23,17.5,App,13:12:00
1222,432,2,NULL,2024-01-18,14.75,Cash,11:28:00
1223,432,3,2,2024-03-18,2.75,App,16:42:00
1224,432,2,2,2024-01-29,10,App,12:48:00
1225,432,3,1,2024-03-04,20,Card,15:12:00
1226,432,3,1,2024-02-19,15.5,App,10:02:00
1227,433,2,NULL,2024-02-17,11.75,Cash,08:49:00
1228,433,2,2,2024-02-27,3,App,07:07:00
1229,434,1,NULL,2024-01-25,19.75,Card,09:10:00
1230,434,1,2,2024-01-20,16.25,App,13:14:00
1231,435,2,NULL,2024-02-17,7.25,Cash,08:47:00
1232,435,2,NULL,2024-03-18,9.25,Cash,17:53:00
1233,436,1,NULL,2024-03-23,21.5,App,09:59:00
1234,436,3,NULL,2024-03-21,7.25,App,10:09:00
1235,436,1,2,2024-03-31,2.75,Cash,07:56:00
1236,437,3,NULL,2024-03-31,11.25,Cash,14:12:00
1237,437,2,NULL,2024-03-31,6.5,Cash,08:10:00
1238,438,3,NULL,2024-02-22,15.5,Card,13:16:00
1239,438,1,1,2024-03-01,5.25,App,15:05:00
1240,438,2,2,2024-03-29,12.75,Cash,16:59:00
1241,438,3,NULL,2024-02-22,11,App,08:36:00
1242,439,2,NULL,2024-03-26,2.75,App,13:19:00
1243,440,1,NULL,2024-02-25,14.75,Card,16:47:00
1244,440,3,NULL,2024-01-31,12.5,App,17:30:00
1245,441,2,1,2024-03-08,4.5,Card,09:30:00
1246,442,3,2,2024-03-30,15.25,Cash,11:12:00
1247,442,1,2,2024-03-30,7,App,11:36:00
1248,443,2,NULL,2024-03-31,19,App,20:56:00
1249,443,1,1,2024-03-23,11.25,App,16:17:00
1250,443,1,NULL,2024-03-14,5.25,Card,13:39:00
1251,443,3,NULL,2024-03-23,5.25,App,07:35:00
1252,444,1,NULL,2024-02-01,8.5,Cash,07:18:00
1253,444,3,1,2024-03-25,8,Card,16:17:00
1254,444,3,NULL,2024-03-13,4,Card,07:15:00
1255,444,1,1,2024-03-19,10.5,Cash,11:50:00
1256,445,2,NULL,2024-03-26,16.75,App,16:45:00
1257,445,1,2,2024-02-12,18,Cash,17:50:00
1258,445,1,NULL,2024-03-23,2.75,Cash,16:01:00
1259,445,1,2,2024-02-15,17,Card,15:13:00
1260,445,2,2,2024-02-28,11.5,App,16:35:00
1261,445,2,2,2024-03-10,20,Card,11:27:00
1262,445,1,2,2024-03-09,4,App,11:15:00
1263,445,3,NULL,2024-02-05,14,Cash,10:37:00
1264,445,2,2,2024-02-04,17.75,App,07:00:00
1265,445,3,2,2024-02-29,14,Cash,12:16:00
1266,446,1,1,2024-03-21,5.25,Cash,08:36:00
1267,446,3,1,2024-03-29,14.5,Cash,08:16:00
1268,447,3,NULL,2024-03-29,4,App,08:08:00
1269,448,1,2,2024-03-09,6.5,Cash,15:23:00
1270,448,2,1,2024-02-26,18.5,Card,11:07:00
1271,448,1,1,2024-03-25,6.5,Cash,17:32:00
1272,449,2,NULL,2024-03-28,9,Card,11:34:00
1273,450,3,NULL,2024-02-27,17.5,Card,14:22:00
1274,450,1,1,2024-03-27,12.75,Card,12:13:00
1275,451,1,2,2024-03-06,7,Card,09:37:00
1276,451,1,1,2024-02-09,11,Card,07:33:00
1277,452,2,1,2024-02-23,12.5,App,14:16:00
1278,452,3,NULL,2024-03-07,11.25,Card,15:56:00
1279,452,1,NULL,2024-03-21,18.75,Card,20:30:00
1280,452,2,2,2024-03-27,4.25,Card,11:04:00
1281,452,3,NULL,2024-03-11,11.75,Card,11:35:00
1282,453,3,NULL,2024-03-31,4.75,Cash,17:05:00
1283,453,3,2,2024-03-31,14,App,11:33:00
1284,453,1,NULL,2024-03-31,14.5,Cash,16:18:00
1285,453,3,2,2024-03-31,17,Card,15:51:00
1286,453,1,2,2024-03-31,9.75,Cash,13:09:00
1287,453,3,NULL,2024-03-31,17.75,Card,17:19:00
1288,453,2,NULL,2024-03-31,3.25,Cash,11:12:00
1289,453,3,2,2024-03-31,10.75,Card,09:46:00
1290,453,1,2,2024-03-31,18,Card,07:13:00
1291,455,1,2,2024-02-23,17.25,Card,11:37:00
1292,455,3,NULL,2024-03-01,12.25,Cash,11:56:00
1293,455,3,NULL,2024-02-17,16.25,Card,11:29:00
1294,455,2,NULL,2024-03-20,11.75,Cash,10:12:00
1295,457,3,2,2024-03-29,17.75,Cash,09:04:00
1296,457,3,NULL,2024-03-30,10.5,Cash,14:57:00
1297,457,1,2,2024-03-21,8.75,App,07:08:00
1298,458,3,NULL,2024-03-29,20.5,App,11:21:00
1299,458,1,1,2024-03-29,8.5,Cash,16:02:00
1300,459,1,1,2024-03-15,5.25,Cash,10:26:00
1301,460,1,NULL,2024-02-22,4.75,App,11:24:00
1302,460,3,NULL,2024-02-19,6.5,App,10:08:00
1303,461,1,2,2024-03-06,21.75,Cash,07:02:00
1304,461,3,NULL,2024-02-23,18.25,App,12:11:00
1305,461,1,NULL,2024-03-30,14.25,Cash,09:19:00
1306,461,1,1,2024-03-04,18,App,12:43:00
1307,462,2,1,2024-03-25,10,Card,14:21:00
1308,462,1,2,2024-03-25,9.25,Card,09:47:00
1309,462,1,NULL,2024-03-30,18,Cash,14:34:00
1310,463,3,NULL,2024-03-20,22.75,Card,12:02:00
1311,463,3,NULL,2024-01-30,16.75,Card,07:29:00
1312,463,3,2,2024-02-01,9.25,Cash,11:38:00
1313,463,3,2,2024-02-07,21,Cash,07:11:00
1314,463,1,NULL,2024-02-07,12.5,Card,09:13:00
1315,463,3,NULL,2024-02-03,9.25,Cash,07:28:00
1316,463,1,2,2024-03-14,13,Cash,11:13:00
1317,463,2,NULL,2024-03-08,4,App,11:08:00
1318,463,3,2,2024-02-05,7,Card,07:47:00
1319,463,2,1,2024-03-24,16.25,Cash,14:59:00
1320,465,2,NULL,2024-03-01,15,App,18:13:00
1321,465,3,NULL,2024-02-25,16,Card,16:01:00
1322,466,2,1,2024-01-10,14.5,Card,10:52:00
1323,466,1,NULL,2024-02-27,10.25,Cash,10:36:00
1324,467,1,1,2024-03-01,20.5,Cash,11:07:00
1325,467,1,NULL,2024-02-05,17.75,App,15:44:00
1326,467,1,NULL,2024-03-02,4,Card,11:42:00
1327,467,2,2,2024-02-14,8.5,App,09:14:00
1328,467,1,2,2024-02-09,3,App,12:29:00
1329,468,3,2,2024-02-17,8.75,App,19:39:00
1330,468,2,NULL,2024-03-10,15.75,App,12:39:00
1331,469,2,1,2024-03-29,20,Cash,08:21:00
1332,469,2,NULL,2024-03-26,15.5,Cash,09:32:00
1333,470,1,NULL,2024-03-29,21,App,17:35:00
1334,471,1,NULL,2024-03-03,7,App,07:48:00
1335,471,1,NULL,2024-02-16,4.25,Cash,11:50:00
1336,471,3,NULL,2024-03-10,6.5,Cash,12:48:00
1337,472,2,NULL,2024-03-31,12.75,Card,17:23:00
1338,473,3,2,2024-03-27,14.5,Cash,08:37:00
1339,473,3,NULL,2024-03-30,3.25,App,12:46:00
1340,473,2,NULL,2024-03-25,11.5,Card,07:59:00
1341,473,1,NULL,2024-03-27,3.25,Cash,10:06:00
1342,473,1,2,2024-03-31,10.25,App,12:55:00
1343,473,1,NULL,2024-03-29,17.75,Cash,13:29:00
1344,474,3,NULL,2024-03-27,17,Card,13:30:00
1345,474,3,1,2024-03-18,18.75,App,13:04:00
1346,474,3,2,2024-03-07,2.75,App,14:21:00
1347,475,1,1,2024-03-24,9.75,Card,11:02:00
1348,475,2,NULL,2024-03-28,4.75,Cash,10:36:00
1349,476,2,NULL,2024-01-29,12.25,App,13:07:00
1350,476,2,1,2024-02-19,12,App,14:34:00
1351,477,3,NULL,2024-02-19,8.25,Card,09:47:00
1352,477,3,NULL,2024-03-08,17,Card,13:47:00
1353,478,3,NULL,2024-03-31,8.25,Cash,09:11:00
1354,478,1,NULL,2024-03-12,10.75,App,13:45:00
1355,479,1,2,2024-02-16,20.25,Card,09:50:00
1356,479,1,2,2024-03-20,16.5,Card,16:02:00
1357,479,3,NULL,2024-03-24,8.25,Cash,14:27:00
1358,479,1,2,2024-03-18,18.75,Cash,20:41:00
1359,479,2,NULL,2024-03-15,12.5,Card,09:28:00
1360,479,3,NULL,2024-02-23,15.25,App,08:35:00
1361,480,3,1,2024-01-30,2.75,Cash,11:43:00
1362,480,3,1,2024-02-23,4,Card,08:00:00
1363,481,3,1,2024-02-05,10.75,App,10:17:00
1364,481,3,2,2024-03-17,22.25,App,07:40:00
1365,481,2,NULL,2024-02-04,8.75,Card,10:28:00
1366,481,1,2,2024-03-12,2.75,Card,16:29:00
1367,482,1,NULL,2024-03-01,11.75,App,15:35:00
1368,482,3,2,2024-03-10,19.75,Card,12:24:00
1369,483,1,NULL,2024-01-23,17,Cash,11:35:00
1370,484,2,1,2024-03-11,2.75,App,09:52:00
1371,485,2,NULL,2024-03-30,4.25,Card,08:30:00
1372,486,3,NULL,2024-02-16,8.25,App,10:23:00
1373,486,2,NULL,2024-03-18,9.25,Cash,10:48:00
1374,487,1,1,2024-03-28,8.25,Cash,14:03:00
1375,487,2,NULL,2024-03-31,9.25,Cash,14:21:00
1376,488,3,1,2024-03-19,6.5,Cash,14:58:00
1377,489,3,2,2024-03-30,7.75,App,11:27:00
1378,490,1,2,2024-03-18,12,App,13:22:00
1379,490,3,1,2024-03-30,7,App,12:01:00
1380,491,2,NULL,2024-02-15,7,Cash,14:54:00
1381,491,3,2,2024-03-28,11.25,Card,12:06:00
1382,491,2,2,2024-02-25,2.75,App,15:10:00
1383,492,1,2,2024-03-05,11.5,Cash,09:39:00
1384,492,2,2,2024-03-22,9.5,Card,12:05:00
1385,492,3,2,2024-03-27,18.5,App,17:05:00
1386,493,2,NULL,2024-03-30,3.25,Card,15:41:00
1387,493,2,2,2024-03-30,4.25,App,12:41:00
1388,493,1,NULL,2024-03-31,7,Cash,12:44:00
1389,493,1,NULL,2024-03-28,14,Cash,11:20:00
1390,494,1,1,2024-03-03,4.25,Cash,16:20:00
1391,494,1,NULL,2024-03-05,11.25,Cash,11:39:00
1392,495,2,1,2024-02-12,6.5,Card,14:26:00
1393,495,3,2,2024-03-21,19.5,Card,12:12:00
1394,495,2,2,2024-02-24,12,Card,12:25:00
1395,495,3,1,2024-03-21,17.75,Card,08:34:00
1396,495,1,1,2024-02-29,14.75,Cash,10:53:00
1397,495,1,NULL,2024-03-21,11.75,App,08:25:00
1398,496,1,2,2024-03-12,7.5,Cash,08:25:00
1399,497,2,1,2024-03-24,18.75,Card,09:56:00
1400,498,2,NULL,2024-03-24,14.25,App,10:47:00
1401,498,3,2,2024-03-29,6.5,Cash,12:31:00
1402,498,3,2,2024-03-30,4,Cash,13:52:00
1403,498,2,NULL,2024-03-28,19,App,10:05:00
1404,498,2,NULL,2024-03-29,19,Card,10:54:00
1405,498,2,1,2024-03-23,11.75,App,10:45:00
1406,498,2,NULL,2024-03-31,18,Cash,11:24:00
1407,499,2,1,2024-03-13,14,Cash,15:39:00
1408,500,1,1,2024-03-04,12.25,Cash,13:52:00
1409,502,1,NULL,2024-03-14,10.75,Card,15:17:00
1410,502,2,2,2024-03-18,11.75,Cash,15:07:00
1411,502,1,1,2024-03-19,12,Card,11:52:00
1412,502,3,NULL,2024-03-31,18.25,App,12:22:00
1413,503,3,NULL,2024-03-23,18.5,Cash,07:08:00
1414,504,3,NULL,2024-03-16,16.5,Card,07:48:00
1415,504,2,NULL,2024-03-09,14.75,App,11:00:00
1416,504,1,1,2024-03-05,11.5,App,16:27:00
1417,504,2,NULL,2024-01-28,15.25,App,12:40:00
1418,504,2,NULL,2024-03-28,5.75,Card,12:11:00
1419,504,1,1,2024-02-17,15.5,App,14:34:00
1420,504,2,NULL,2024-03-19,8.25,Cash,10:04:00
1421,504,1,2,2024-03-10,11.25,Cash,12:20:00
1422,505,1,NULL,2024-03-28,19.5,App,08:44:00
1423,505,2,1,2024-03-30,16,Cash,16:12:00
1424,505,3,NULL,2024-03-25,11.25,App,08:13:00
1425,506,2,2,2024-03-31,10.25,App,08:29:00
1426,506,2,NULL,2024-03-16,3.25,App,08:25:00
1427,506,1,1,2024-03-18,7.5,Card,10:05:00
1428,506,2,NULL,2024-03-26,14.25,Cash,09:03:00
1429,507,3,2,2024-03-25,9.75,App,07:37:00
1430,507,2,2,2024-03-31,7.5,Cash,16:32:00
1431,507,1,1,2024-03-20,16.75,App,08:37:00
1432,508,1,NULL,2024-03-25,9,App,17:27:00
1433,508,3,2,2024-03-31,2.75,Card,14:27:00
1434,508,1,2,2024-03-30,2.75,Card,08:42:00
1435,508,3,2,2024-03-16,10.75,App,07:59:00
1436,510,2,1,2024-03-11,3,Card,13:23:00
1437,510,3,2,2024-03-12,11.25,Cash,12:15:00
1438,511,2,NULL,2024-02-11,16,App,12:59:00
1439,511,1,NULL,2024-01-31,21.25,App,11:32:00
1440,511,2,NULL,2024-03-05,6.5,App,13:25:00
1441,511,3,1,2024-03-11,16,Card,12:42:00
1442,511,3,2,2024-03-26,4.5,Cash,13:24:00
1443,511,2,NULL,2024-02-08,6,App,16:14:00
1444,511,2,NULL,2024-03-28,16.5,Card,09:29:00
1445,511,3,2,2024-03-27,16,Card,12:32:00
1446,511,2,2,2024-03-31,13.5,Cash,17:56:00
1447,511,1,1,2024-01-28,5.25,Card,12:29:00
1448,512,3,1,2024-03-18,8.75,Cash,15:24:00
1449,512,3,1,2024-03-21,8.5,Cash,13:51:00
1450,512,2,1,2024-03-24,8.25,Cash,10:39:00
1451,512,2,NULL,2024-03-24,16.75,Card,15:18:00
1452,512,2,NULL,2024-03-19,16,App,13:09:00
1453,512,3,2,2024-03-17,22,Cash,08:47:00
1454,512,2,NULL,2024-03-21,14.5,Card,10:07:00
1455,512,1,NULL,2024-03-15,9.25,Cash,07:10:00
1456,513,3,1,2024-03-18,3.25,Card,08:24:00
1457,514,1,NULL,2024-02-28,6.5,Cash,09:06:00
1458,514,3,NULL,2024-03-05,14.75,Card,09:57:00
1459,514,3,NULL,2024-03-16,4.75,Cash,08:11:00
1460,515,3,NULL,2024-01-12,11,Card,16:47:00
1461,517,2,NULL,2024-03-23,16.25,Card,10:09:00
1462,517,2,2,2024-03-14,11.5,Card,10:08:00
1463,518,3,2,2024-03-29,6.5,Card,16:57:00
1464,518,3,2,2024-03-31,4,Card,14:28:00
1465,518,2,1,2024-03-31,20.5,App,15:02:00
1466,518,2,1,2024-03-30,15,App,12:26:00
1467,519,2,2,2024-03-25,4.25,App,12:02:00
1468,519,1,2,2024-03-24,16.25,Cash,11:17:00
1469,520,2,NULL,2024-03-03,9.75,App,14:10:00
1470,521,2,2,2024-03-27,4,App,16:45:00
1471,521,3,NULL,2024-03-31,12.75,Card,08:30:00
1472,522,3,1,2024-03-18,17.25,Card,14:01:00
1473,522,2,1,2024-03-01,6.75,Cash,10:11:00
1474,523,2,2,2024-03-08,12.5,Cash,09:21:00
1475,523,3,2,2024-02-28,13.5,Card,11:42:00
1476,523,3,1,2024-03-29,9,Cash,10:31:00
1477,524,3,NULL,2024-03-26,11.75,App,12:15:00
1478,524,2,NULL,2024-03-23,7,Card,15:38:00
1479,524,2,2,2024-03-30,3.25,App,07:26:00
1480,525,2,2,2024-02-27,4.5,App,14:36:00
1481,525,3,1,2024-02-17,15,Cash,07:02:00
1482,525,1,NULL,2024-03-08,11.75,App,13:11:00
1483,525,2,NULL,2024-03-14,6.5,App,08:53:00
1484,526,3,1,2024-03-27,4.25,Cash,07:18:00
1485,526,3,1,2024-03-15,16,App,15:03:00
1486,528,3,1,2024-03-25,12,App,17:13:00
1487,528,3,2,2024-03-24,19.5,Cash,15:25:00
1488,528,2,2,2024-03-29,7,Card,13:07:00
1489,529,3,1,2024-03-25,13.75,Cash,11:24:00
1490,529,3,NULL,2024-01-17,4.75,Card,12:23:00
1491,529,3,NULL,2024-02-23,3.25,App,14:41:00
1492,529,2,2,2024-03-28,7.25,Cash,16:40:00
1493,529,3,1,2024-01-26,16.5,App,15:37:00
1494,529,2,2,2024-03-04,3,Card,12:07:00
1495,530,2,1,2024-02-09,17.5,Card,14:56:00
1496,533,1,1,2024-03-26,2.75,Card,13:42:00
1497,533,1,NULL,2024-03-12,8.25,App,11:04:00
1498,534,1,NULL,2024-02-28,11,Cash,09:26:00
1499,534,1,NULL,2024-03-13,19.25,Cash,16:30:00
1500,534,1,NULL,2024-02-25,4.25,Cash,15:55:00
1501,535,1,2,2024-02-07,11.25,Card,09:29:00
1502,537,2,NULL,2024-03-30,12.5,App,10:40:00
1503,537,1,1,2024-03-30,11.75,Cash,15:11:00
1504,537,3,2,2024-03-29,12.75,Card,17:07:00
1505,541,1,NULL,2024-03-26,10.75,Card,15:16:00
1506,542,1,NULL,2024-01-20,7.25,App,12:18:00
1507,542,1,2,2024-03-20,7.25,Card,13:16:00
1508,542,2,1,2024-03-04,3,Cash,13:38:00
1509,542,1,NULL,2024-02-05,6.25,Cash,11:53:00
1510,542,2,NULL,2024-02-25,7.5,App,12:16:00
1511,542,1,2,2024-02-06,4.5,Card,16:32:00
1512,542,2,2,2024-02-19,7.75,Cash,09:13:00
1513,543,1,1,2024-02-05,6.5,Cash,10:17:00
1514,544,1,NULL,2024-03-27,9.75,App,17:23:00
1515,544,1,2,2024-03-31,14.5,App,10:12:00
1516,546,3,1,2024-03-21,6,Cash,12:15:00
1517,546,3,NULL,2024-03-24,15.5,Card,09:45:00
1518,546,3,NULL,2024-03-12,6,Card,10:13:00
1519,547,2,2,2024-03-16,20.5,Card,15:00:00
1520,548,2,1,2024-03-31,11,App,08:26:00
1521,549,3,NULL,2024-03-30,15.5,Cash,13:46:00
1522,549,2,NULL,2024-03-30,9.75,Cash,12:21:00
1523,549,2,NULL,2024-03-31,11,Card,11:36:00
1524,549,2,NULL,2024-03-28,10.25,App,20:32:00
1525,549,1,NULL,2024-03-27,5.25,App,13:52:00
1526,549,3,NULL,2024-03-30,7,Cash,13:22:00
1527,549,3,NULL,2024-03-28,13,Card,08:49:00
1528,550,3,2,2024-03-31,7,Card,11:51:00
1529,550,2,2,2024-02-17,17.5,Cash,09:16:00
1530,551,1,NULL,2024-03-10,3.25,App,11:56:00
1531,552,1,2,2024-03-27,6.5,Card,14:51:00
1532,553,2,NULL,2024-03-24,12,Card,12:37:00
1533,553,3,NULL,2024-03-19,10.75,App,08:45:00
1534,554,3,1,2024-03-24,4.75,Card,12:06:00
1535,554,1,2,2024-03-29,16.25,App,09:47:00
1536,554,1,1,2024-03-29,10.25,Card,09:47:00
1537,555,3,2,2024-03-27,16.75,Card,17:07:00
1538,556,3,NULL,2024-03-31,14,Cash,16:47:00
1539,556,3,1,2024-03-29,13,App,10:11:00
1540,557,1,NULL,2024-02-09,21.75,Card,14:32:00
1541,557,2,1,2024-03-03,6.5,App,14:32:00
1542,557,3,2,2024-02-29,17,App,14:05:00
1543,558,3,NULL,2024-01-28,7.5,Card,07:05:00
1544,558,3,2,2024-03-24,18.75,App,18:37:00
1545,558,3,2,2024-03-14,17.25,Card,10:02:00
1546,558,3,NULL,2024-01-21,12.75,Cash,12:45:00
1547,558,2,1,2024-02-12,15.75,App,08:06:00
1548,558,2,1,2024-01-23,12.25,Cash,08:53:00
1549,558,3,2,2024-03-12,15.25,Cash,10:04:00
1550,558,2,NULL,2024-02-20,13,App,15:45:00
1551,558,2,2,2024-03-21,8.5,Cash,07:06:00
1552,559,2,2,2024-02-25,11.25,Cash,15:31:00
1553,559,1,1,2024-01-10,18.25,Card,12:09:00
1554,560,1,NULL,2024-03-06,18,Card,08:00:00
1555,560,2,2,2024-03-20,4,Card,15:11:00
1556,561,1,NULL,2024-02-03,11.25,Cash,16:48:00
1557,562,2,NULL,2024-01-26,11.75,Card,09:23:00
1558,562,1,NULL,2024-03-26,13,Card,15:36:00
1559,562,2,NULL,2024-03-10,19.25,Cash,08:31:00
1560,563,3,1,2024-02-14,13.5,Cash,12:34:00
1561,563,2,NULL,2024-03-12,17,Card,09:26:00
1562,563,1,2,2024-02-01,14.5,App,12:05:00
1563,563,2,NULL,2024-03-29,18.25,App,11:18:00
1564,564,2,NULL,2024-03-22,7,Card,14:16:00
1565,564,3,NULL,2024-03-15,15.25,App,14:46:00
1566,564,2,1,2024-03-27,14.25,Card,12:48:00
1567,564,3,2,2024-03-14,10.5,Card,11:32:00
1568,565,1,2,2024-02-22,11.75,App,08:27:00
1569,565,1,NULL,2024-02-20,13.75,App,09:53:00
1570,565,1,2,2024-03-20,10.5,App,09:26:00
1571,566,1,2,2024-03-20,2.75,Card,12:50:00
1572,566,1,2,2024-03-18,16.75,Cash,13:33:00
1573,566,1,1,2024-03-20,7.25,Cash,15:41:00
1574,566,1,1,2024-03-28,17.75,Card,11:56:00
1575,566,2,1,2024-03-24,4.75,Card,07:54:00
1576,566,3,1,2024-03-17,4.25,Card,11:42:00
1577,566,3,NULL,2024-03-16,10.25,Card,15:12:00
1578,566,3,NULL,2024-03-29,10,Cash,14:40:00
1579,566,1,NULL,2024-03-28,13.5,App,13:06:00
1580,566,3,2,2024-03-25,11.25,Card,08:59:00
1581,567,3,NULL,2024-01-03,11.25,Card,14:37:00
1582,567,1,NULL,2024-03-07,6.5,App,13:02:00
1583,567,3,1,2024-01-19,21.25,Card,07:16:00
1584,567,3,1,2024-03-05,7,Card,09:59:00
1585,567,2,2,2024-01-24,2.75,Card,09:42:00
1586,567,2,NULL,2024-01-06,2.75,App,10:55:00
1587,567,3,2,2024-03-29,6.75,App,09:40:00
1588,569,2,2,2024-03-28,6.5,Cash,17:44:00
1589,569,2,1,2024-03-18,18.5,Card,20:58:00
1590,570,3,NULL,2024-03-18,5.25,App,20:32:00
1591,570,2,NULL,2024-03-09,13,App,12:17:00
1592,570,2,NULL,2024-03-07,13.25,Cash,08:48:00
1593,570,3,1,2024-03-29,5.25,Card,15:44:00
1594,570,2,NULL,2024-03-09,16.25,Card,11:02:00
1595,570,3,NULL,2024-03-15,3.25,App,12:18:00
1596,570,3,1,2024-03-15,5.25,Card,12:05:00
1597,570,1,NULL,2024-03-21,10.5,Cash,08:36:00
1598,570,3,1,2024-03-11,18,Card,12:10:00
1599,570,3,2,2024-03-24,19,Card,10:23:00
1600,572,3,NULL,2024-02-29,9,Cash,11:37:00
1601,572,1,NULL,2024-03-03,9.75,Cash,17:10:00
1602,572,3,2,2024-03-06,15,Cash,14:51:00
1603,572,2,NULL,2024-03-25,23.25,Card,12:16:00
1604,573,2,NULL,2024-01-20,5.25,Cash,08:09:00
1605,573,2,NULL,2024-01-20,5.25,Card,08:08:00
1606,574,3,2,2024-02-24,7,Card,14:01:00
1607,574,1,1,2024-03-27,4.75,Card,09:21:00
1608,574,1,1,2024-01-14,9.25,Cash,08:43:00
1609,575,2,NULL,2024-02-23,16.75,Cash,14:46:00
1610,575,3,1,2024-02-29,19.25,Card,15:00:00
1611,576,1,1,2024-03-01,4.5,Card,08:48:00
1612,576,1,NULL,2024-03-13,5.5,Cash,14:50:00
1613,576,1,NULL,2024-01-10,3.25,Card,13:11:00
1614,578,1,NULL,2024-03-25,3,Card,17:40:00
1615,578,2,2,2024-03-29,14.5,App,13:15:00
1616,578,3,1,2024-03-09,17.25,Cash,08:09:00
1617,578,3,NULL,2024-03-20,8.25,Cash,07:48:00
1618,578,2,1,2024-03-16,3.25,Card,13:10:00
1619,578,1,2,2024-03-12,19.75,Card,11:45:00
1620,578,2,2,2024-03-28,22.75,Card,09:05:00
1621,578,2,1,2024-03-16,14.5,Cash,12:38:00
1622,578,1,NULL,2024-03-07,7.5,Card,12:34:00
1623,578,3,1,2024-03-20,12.75,Cash,10:15:00
1624,579,3,NULL,2024-03-03,8,Cash,07:21:00
1625,579,1,2,2024-03-15,19,App,13:45:00
1626,579,3,NULL,2024-03-07,12.25,App,11:14:00
1627,579,1,2,2024-03-16,16,Card,09:55:00
1628,580,3,NULL,2024-02-04,4.5,App,09:48:00
1629,580,1,NULL,2024-01-13,10,Card,14:51:00
1630,580,3,NULL,2024-01-24,12,Card,07:13:00
1631,580,3,2,2024-02-04,12.25,Cash,07:32:00
1632,581,1,2,2024-02-27,7,Card,11:12:00
1633,581,2,2,2024-03-21,14,Card,07:48:00
1634,582,1,2,2024-03-04,18.5,Cash,08:02:00
1635,582,2,NULL,2024-03-20,17,App,07:42:00
1636,582,1,NULL,2024-03-19,9,Cash,10:36:00
1637,582,3,NULL,2024-03-17,5.25,Cash,12:28:00
1638,583,3,1,2024-03-01,15.75,Card,08:10:00
1639,583,2,NULL,2024-02-24,16.5,Cash,11:15:00
1640,583,1,NULL,2024-03-02,13.75,Card,10:30:00
1641,583,1,2,2024-03-03,2.75,Cash,13:15:00
1642,583,1,NULL,2024-03-13,4,Card,16:45:00
1643,583,1,2,2024-03-05,13,Cash,11:01:00
1644,584,2,1,2024-03-27,6.75,App,11:45:00
1645,584,2,1,2024-03-16,6.5,Cash,13:45:00
1646,585,3,NULL,2024-03-29,4.25,Cash,17:40:00
1647,585,1,NULL,2024-03-29,7.25,Card,14:29:00
1648,585,3,NULL,2024-03-13,3,Card,11:24:00
1649,585,1,1,2024-03-27,4.25,App,15:11:00
1650,586,2,NULL,2024-03-31,3,App,12:18:00
1651,586,1,NULL,2024-03-28,9,App,10:05:00
1652,586,2,NULL,2024-03-28,7.5,App,14:18:00
1653,586,2,NULL,2024-03-30,20.75,App,12:00:00
1654,587,1,NULL,2024-03-21,4.25,App,19:26:00
1655,588,3,NULL,2024-01-26,4.5,App,16:01:00
1656,588,1,NULL,2024-01-31,8,Cash,17:58:00
1657,588,3,1,2024-02-10,7.25,Cash,07:01:00
1658,588,3,NULL,2024-02-15,12.75,Card,14:06:00
1659,588,1,1,2024-01-18,4.75,Cash,14:32:00
1660,588,2,2,2024-03-26,4.5,Card,11:01:00
1661,589,3,1,2024-03-31,15.75,Card,16:16:00
1662,590,2,NULL,2024-03-28,9,Cash,15:58:00
1663,591,2,1,2024-03-18,23.75,Cash,11:47:00
1664,592,1,1,2024-03-05,13.25,Card,11:17:00
1665,593,3,NULL,2024-02-25,3,Card,14:26:00
1666,593,2,1,2024-03-19,14.75,Card,11:05:00
1667,594,2,NULL,2024-03-05,17.75,Card,12:51:00
1668,595,3,1,2024-03-28,4.5,Card,13:51:00
1669,595,2,2,2024-03-31,16.5,App,13:34:00
1670,595,2,2,2024-03-31,14,Card,11:24:00
1671,595,2,2,2024-03-29,4.75,App,17:55:00
1672,595,3,1,2024-03-26,11.75,Cash,10:38:00
1673,596,2,2,2024-03-10,8,Cash,13:23:00
1674,596,1,2,2024-03-26,14.5,Cash,16:22:00
1675,596,2,NULL,2024-03-29,7.5,App,11:05:00
1676,596,3,NULL,2024-03-15,11.25,App,10:40:00
1677,597,3,2,2024-02-28,7.5,Card,09:29:00
1678,598,3,1,2024-03-17,6.5,App,08:03:00
1679,600,2,2,2024-02-13,8.25,Card,10:59:00
1680,600,2,2,2024-03-02,6.75,App,09:00:00
1681,600,2,NULL,2024-03-18,9.5,App,13:17:00
1682,601,3,1,2024-03-07,6.5,Card,14:50:00
1683,601,2,NULL,2024-03-05,7,Cash,14:34:00
1684,602,2,1,2024-03-29,21,Card,08:40:00
1685,602,3,1,2024-01-30,4,Cash,07:40:00
1686,603,3,1,2024-03-15,9,Cash,09:45:00
1687,603,1,NULL,2024-02-07,16.25,Card,15:57:00
1688,604,3,2,2024-02-15,10.25,Card,09:21:00
1689,604,1,1,2024-03-09,12.5,App,13:01:00
1690,605,3,NULL,2024-03-30,17.5,App,16:02:00
1691,605,3,NULL,2024-03-15,2.75,Card,19:47:00
1692,605,2,2,2024-03-21,14.25,Card,10:53:00
1693,605,1,2,2024-03-26,21,App,11:11:00
1694,606,1,NULL,2024-03-25,3,Card,10:43:00
1695,607,1,NULL,2024-02-21,8.5,Card,14:36:00
1696,607,2,2,2024-02-23,20.5,Cash,07:08:00
1697,608,2,NULL,2024-03-28,5.25,App,08:45:00
1698,608,1,NULL,2024-03-23,15,Card,10:31:00
1699,609,2,NULL,2024-01-27,4.75,Card,17:21:00
1700,609,2,1,2024-02-08,18.25,App,11:16:00
1701,609,1,1,2024-02-13,18,Cash,10:14:00
1702,609,3,2,2024-02-24,8.75,App,07:21:00
1703,609,2,NULL,2024-01-16,8.75,Card,13:42:00
1704,609,3,1,2024-03-18,14.75,Card,10:59:00
1705,609,2,NULL,2024-03-07,12.5,Card,11:30:00
1706,609,1,2,2024-02-13,14.5,Cash,11:57:00
1707,610,3,1,2024-03-30,9.25,App,10:25:00
1708,610,1,NULL,2024-03-26,4,Card,07:54:00
1709,610,2,2,2024-03-25,7.5,Cash,07:36:00
1710,610,1,NULL,2024-03-29,14.5,App,09:22:00
1711,611,1,NULL,2024-02-14,16.25,Cash,14:53:00
1712,611,2,NULL,2024-02-13,4.5,Card,16:11:00
1713,611,2,1,2024-03-04,14.25,App,09:02:00
1714,612,1,2,2024-02-11,15.75,Card,07:51:00
1715,612,2,NULL,2024-03-13,4.5,Card,15:15:00
1716,613,3,NULL,2024-03-02,12.25,Cash,17:03:00
1717,613,3,NULL,2024-02-26,4.75,Cash,14:24:00
1718,613,3,2,2024-03-17,7,App,16:37:00
1719,613,1,1,2024-03-10,20.5,App,10:27:00
1720,613,3,NULL,2024-03-11,10.25,App,12:58:00
1721,613,2,2,2024-03-31,14.75,Cash,08:33:00
1722,614,2,1,2024-03-07,5.5,Card,07:27:00
1723,614,2,NULL,2024-03-21,2.75,Cash,09:57:00
1724,614,3,1,2024-03-14,9,Card,07:27:00
1725,614,1,2,2024-03-29,3.25,App,13:44:00
1726,615,1,NULL,2024-03-30,4,App,08:29:00
1727,615,3,NULL,2024-03-30,13.75,Card,11:27:00
1728,615,3,2,2024-03-22,7.5,Cash,12:39:00
1729,615,3,NULL,2024-03-23,19.5,Card,11:59:00
1730,615,2,NULL,2024-03-09,12.5,Card,09:24:00
1731,615,3,NULL,2024-03-14,6,App,16:20:00
1732,615,2,NULL,2024-03-05,9,Card,10:54:00
1733,615,2,2,2024-03-16,11,Card,12:43:00
1734,616,1,2,2024-03-27,19,Cash,09:58:00
1735,617,2,1,2024-03-26,18,Card,14:11:00
1736,617,3,1,2024-03-31,15.75,App,09:51:00
1737,617,2,NULL,2024-03-24,5.25,Cash,09:06:00
1738,617,3,NULL,2024-03-31,16,App,13:07:00
1739,617,1,1,2024-03-28,17.75,Cash,07:08:00
1740,617,3,NULL,2024-03-23,22.25,Card,10:23:00
1741,617,3,2,2024-03-26,4,App,08:57:00
1742,618,2,NULL,2024-01-28,4,Cash,14:39:00
1743,618,2,NULL,2024-03-10,9.75,Cash,12:38:00
1744,618,2,NULL,2024-02-27,14.5,Card,07:06:00
1745,618,1,2,2024-01-29,11,Cash,07:25:00
1746,620,1,2,2024-03-29,13.25,Cash,08:36:00
1747,620,2,NULL,2024-03-31,16.75,App,09:42:00
1748,621,1,1,2024-03-20,16.75,Card,07:24:00
1749,621,1,NULL,2024-03-31,4.25,Card,11:31:00
1750,621,3,NULL,2024-03-21,20.75,Card,08:56:00
1751,621,1,NULL,2024-03-25,19.75,App,10:17:00
1752,622,3,2,2024-03-12,2.75,App,12:13:00
1753,624,3,NULL,2024-03-24,12.25,App,14:00:00
1754,624,2,NULL,2024-03-31,22.75,Card,11:18:00
1755,625,3,NULL,2024-03-04,11.25,App,13:17:00
1756,625,1,NULL,2024-01-17,8.5,Cash,08:12:00
1757,626,1,2,2024-03-31,3.25,Cash,07:51:00
1758,626,2,NULL,2024-03-10,6,Cash,20:09:00
1759,626,3,NULL,2024-03-19,19.25,Card,12:05:00
1760,626,3,1,2024-03-14,15.5,App,10:15:00
1761,626,1,NULL,2024-03-19,5.75,App,12:51:00
1762,626,2,2,2024-03-15,15.75,Cash,11:16:00
1763,627,3,2,2024-03-31,9.25,Cash,17:16:00
1764,628,3,NULL,2024-02-03,12,App,07:54:00
1765,629,2,NULL,2024-03-10,12,Card,16:00:00
1766,629,3,1,2024-03-20,13.25,Cash,14:28:00
1767,630,3,NULL,2024-03-24,16.75,Cash,17:23:00
1768,630,2,NULL,2024-01-26,4,App,10:11:00
1769,631,3,NULL,2024-03-31,17.75,Cash,09:48:00
1770,631,3,1,2024-03-15,8.75,Cash,12:12:00
1771,633,2,NULL,2024-03-30,10.5,Card,13:03:00
1772,633,3,1,2024-03-21,15.5,App,08:50:00
1773,633,3,2,2024-03-24,14.75,Card,20:45:00
1774,633,1,NULL,2024-02-23,4.5,Cash,12:07:00
1775,633,1,1,2024-03-03,7.75,App,11:41:00
1776,633,1,NULL,2024-02-25,4.5,App,14:33:00
1777,633,3,1,2024-03-09,13.75,App,17:23:00
1778,633,3,1,2024-02-27,12.5,App,07:17:00
1779,633,3,NULL,2024-03-30,8.5,Cash,12:49:00
1780,633,3,NULL,2024-03-29,4.75,Card,14:38:00
1781,634,1,NULL,2024-03-21,21.75,Card,07:42:00
1782,634,1,1,2024-02-19,3,Card,10:53:00
1783,634,3,2,2024-02-26,21.5,Cash,07:55:00
1784,635,2,2,2024-03-14,19.25,Card,13:36:00
1785,635,2,1,2024-03-18,16.5,App,08:47:00
1786,635,2,NULL,2024-03-30,13.5,Cash,16:29:00
1787,635,1,NULL,2024-03-07,5.5,Cash,07:11:00
1788,635,2,1,2024-03-10,8,Card,08:21:00
1789,635,1,NULL,2024-03-16,6.5,App,11:30:00
1790,635,2,1,2024-02-02,12.75,App,10:34:00
1791,636,1,1,2024-03-26,12,Cash,11:59:00
1792,636,2,NULL,2024-03-22,11.75,Card,12:04:00
1793,636,3,NULL,2024-03-30,15.5,Card,09:20:00
1794,636,1,NULL,2024-03-19,15.5,App,07:49:00
1795,637,2,NULL,2024-01-22,7.25,Cash,13:27:00
1796,637,3,NULL,2024-01-25,4.75,Card,10:43:00
1797,637,3,NULL,2024-01-14,16.75,App,12:45:00
1798,638,1,NULL,2024-01-17,4.5,App,09:45:00
1799,638,1,NULL,2024-02-11,18.25,App,16:52:00
1800,638,1,NULL,2024-03-07,15.25,Card,09:20:00
1801,638,3,NULL,2024-01-18,18,App,07:35:00
1802,638,1,1,2024-01-31,18.25,Card,14:15:00
1803,640,3,NULL,2024-03-29,17.75,Card,13:04:00
1804,640,2,2,2024-03-18,23.25,App,16:10:00
1805,641,3,NULL,2024-03-06,17,Cash,11:32:00
1806,641,2,2,2024-03-17,13,Card,11:16:00
1807,641,2,NULL,2024-03-12,7.5,Card,08:20:00
1808,641,3,NULL,2024-03-25,12.75,App,10:47:00
1809,643,2,2,2024-03-08,16,Cash,09:01:00
1810,643,1,NULL,2024-03-01,4,Card,11:36:00
1811,643,1,2,2024-02-26,16.5,Cash,11:25:00
1812,643,3,2,2024-02-24,6.5,App,10:15:00
1813,643,2,NULL,2024-01-27,14.25,Cash,12:35:00
1814,643,1,1,2024-01-30,3,App,09:41:00
1815,644,2,1,2024-01-14,14.25,Cash,07:14:00
1816,644,1,NULL,2024-02-16,19.75,App,17:32:00
1817,644,3,NULL,2024-03-16,6,App,14:34:00
1818,645,3,1,2024-03-22,9.5,App,14:05:00
1819,645,3,1,2024-01-20,15.25,Cash,07:48:00
1820,645,1,2,2024-01-12,7.5,Card,16:20:00
1821,645,3,1,2024-02-21,7.5,App,14:40:00
1822,647,1,2,2024-03-30,11,Card,11:28:00
1823,648,2,1,2024-03-23,22.75,App,16:36:00
1824,649,3,1,2024-03-15,11.75,App,12:45:00
1825,649,3,NULL,2024-03-12,3.25,Card,09:56:00
1826,649,2,1,2024-03-22,15,Cash,12:34:00
1827,649,1,NULL,2024-03-11,11.75,Card,13:35:00
1828,649,1,1,2024-03-06,14,App,14:15:00
1829,649,1,NULL,2024-03-13,13.5,Card,14:10:00
1830,649,2,2,2024-03-18,13,Card,10:19:00
1831,649,1,2,2024-03-13,16.5,Cash,08:31:00
1832,649,2,NULL,2024-03-10,11.75,Card,13:16:00
1833,649,2,NULL,2024-03-27,4.5,Card,15:56:00
1834,650,3,2,2024-02-03,4.25,Cash,12:00:00
1835,651,1,NULL,2024-03-26,10.25,Card,09:14:00
1836,651,1,1,2024-03-17,12.25,Card,12:07:00
1837,651,1,NULL,2024-03-16,7.5,App,14:45:00
1838,651,1,1,2024-03-26,4.75,Cash,07:44:00
1839,653,3,NULL,2024-01-27,17,App,12:21:00
1840,653,2,NULL,2024-02-19,20.25,App,11:30:00
1841,653,3,2,2024-02-09,17.25,App,08:38:00
1842,655,1,NULL,2024-01-20,11,App,13:37:00
1843,656,2,1,2024-03-10,9.75,Cash,12:16:00
1844,656,1,1,2024-03-18,9.5,App,10:17:00
1845,657,2,NULL,2024-03-04,4,Card,08:16:00
1846,658,3,1,2024-02-21,13,Cash,09:33:00
1847,659,3,NULL,2024-02-29,7.25,Card,10:02:00
1848,659,2,NULL,2024-01-14,4.25,Cash,07:16:00
1849,659,3,2,2024-01-28,12.75,App,09:42:00
1850,659,1,1,2024-01-08,10.25,App,11:40:00
1851,659,1,NULL,2024-01-05,7,Cash,07:08:00
1852,659,3,1,2024-03-11,21.25,App,13:37:00
1853,659,2,NULL,2024-01-24,22.75,App,07:15:00
1854,659,2,1,2024-03-18,11,Card,19:07:00
1855,659,1,2,2024-03-05,17.5,Cash,10:26:00
1856,659,3,2,2024-03-26,12.25,Card,11:08:00
1857,660,2,NULL,2024-03-04,5.25,Card,15:42:00
1858,660,2,2,2024-03-31,3.25,Card,12:37:00
1859,660,1,2,2024-02-16,7,Cash,11:10:00
1860,661,2,NULL,2024-03-27,24,App,11:56:00
1861,661,1,2,2024-03-09,16.5,Card,14:40:00
1862,661,3,NULL,2024-02-25,14.75,Cash,16:01:00
1863,661,1,1,2024-02-29,8,App,10:02:00
1864,661,1,NULL,2024-03-16,7.25,Cash,11:52:00
1865,661,2,NULL,2024-03-10,4.25,App,14:54:00
1866,661,1,NULL,2024-03-01,15.25,Card,08:07:00
1867,661,1,2,2024-03-12,6.5,App,10:56:00
1868,661,3,NULL,2024-03-28,11.5,Cash,10:19:00
1869,663,3,NULL,2024-02-11,7,Card,10:18:00
1870,663,3,NULL,2024-02-25,11.75,App,12:30:00
1871,663,1,2,2024-03-22,9.5,App,13:22:00
1872,664,3,2,2024-02-15,14,Card,11:16:00
1873,664,1,NULL,2024-02-13,4.75,Cash,12:28:00
1874,664,1,1,2024-03-14,9,App,12:06:00
1875,664,1,NULL,2024-03-24,4.75,Card,17:57:00
1876,665,3,1,2024-03-10,4.75,App,09:08:00
1877,666,3,NULL,2024-03-31,14.25,Cash,10:51:00
1878,666,1,1,2024-03-21,7.25,Card,11:14:00
1879,666,2,2,2024-03-22,7,Cash,07:22:00
1880,666,1,1,2024-03-25,9.25,Cash,14:13:00
1881,666,2,NULL,2024-03-24,11.75,Card,08:54:00
1882,666,1,NULL,2024-03-28,4,Cash,13:17:00
1883,666,2,NULL,2024-03-30,10,Cash,12:56:00
1884,666,1,NULL,2024-03-28,18,Card,14:54:00
1885,666,1,1,2024-03-31,10.75,App,07:07:00
1886,666,2,1,2024-03-24,11.75,Card,08:50:00
1887,667,1,NULL,2024-01-09,17.5,Cash,09:47:00
1888,667,1,NULL,2024-02-03,2.75,App,14:56:00
1889,668,3,NULL,2024-03-19,20.75,Card,14:09:00
1890,668,2,1,2024-02-16,13.5,Card,14:55:00
1891,669,3,2,2024-02-28,11,App,07:06:00
1892,670,3,1,2024-03-18,9.25,Cash,14:01:00
1893,671,2,NULL,2024-03-31,18.25,Card,14:17:00
1894,671,1,NULL,2024-03-28,7.25,App,14:23:00
1895,671,1,NULL,2024-02-24,3.25,App,12:21:00
1896,674,1,NULL,2024-03-26,19,App,09:10:00
1897,674,1,NULL,2024-02-28,9.25,App,12:35:00
1898,675,3,NULL,2024-03-30,6,Card,08:58:00
1899,675,3,NULL,2024-03-29,16.75,App,16:35:00
1900,675,1,2,2024-03-29,6,Cash,07:12:00
1901,676,2,1,2024-02-23,8,Card,18:23:00
1902,676,2,2,2024-02-21,4.75,Card,10:22:00
1903,676,2,NULL,2024-03-19,19,Cash,11:24:00
1904,677,2,NULL,2024-03-22,9.75,Card,13:38:00
1905,678,3,NULL,2024-02-28,13.75,Card,13:14:00
1906,678,1,1,2024-03-16,16.75,Cash,09:32:00
1907,679,1,NULL,2024-02-13,17.25,App,14:00:00
1908,680,3,1,2024-03-29,6.5,Cash,07:10:00
1909,680,1,1,2024-02-02,18,Card,11:19:00
1910,681,2,NULL,2024-03-08,5.75,Cash,08:59:00
1911,681,2,NULL,2024-03-20,15,Cash,15:14:00
1912,681,1,NULL,2024-03-31,4.75,App,14:22:00
1913,682,1,2,2024-03-25,23,Card,08:36:00
1914,682,3,NULL,2024-03-26,8,Card,08:16:00
1915,682,1,NULL,2024-03-18,19.75,Cash,14:31:00
1916,682,1,NULL,2024-03-21,4.5,Cash,08:39:00
1917,682,3,NULL,2024-03-22,6.5,App,13:03:00
1918,683,3,NULL,2024-03-17,15.75,App,12:07:00
1919,683,3,NULL,2024-02-19,9,App,13:27:00
1920,684,3,NULL,2024-03-24,4.5,App,16:00:00
1921,684,3,1,2024-03-29,8.5,Card,08:50:00
1922,684,3,NULL,2024-03-19,10.5,Card,12:20:00
1923,684,2,NULL,2024-03-17,17.25,Cash,07:31:00
1924,684,3,NULL,2024-03-16,11.5,App,14:22:00
1925,684,1,2,2024-03-30,13,Card,08:21:00
1926,684,1,2,2024-03-26,4.5,App,08:50:00
1927,684,1,NULL,2024-03-17,17.25,Card,16:47:00
1928,684,3,1,2024-03-20,20.75,App,12:48:00
1929,684,2,NULL,2024-03-19,15.5,Cash,12:03:00
1930,685,1,1,2024-03-07,22.75,Cash,10:45:00
1931,685,3,NULL,2024-03-12,11.5,Card,14:43:00
1932,686,3,NULL,2024-03-30,7,App,07:43:00
1933,686,3,NULL,2024-03-10,10,Card,11:12:00
1934,686,3,NULL,2024-03-31,2.75,Card,12:26:00
1935,686,3,1,2024-03-27,14,Card,07:08:00
1936,687,2,NULL,2024-03-29,11.5,Card,16:46:00
1937,687,3,NULL,2024-03-25,20.75,Cash,13:51:00
1938,687,3,1,2024-03-25,3,Cash,10:40:00
1939,687,1,NULL,2024-03-24,4.5,App,12:29:00
1940,688,3,NULL,2024-03-16,11,Card,10:16:00
1941,688,3,1,2024-02-26,4.75,App,14:12:00
1942,690,3,1,2024-03-06,12.75,Card,12:08:00
1943,690,1,2,2024-03-22,18,App,08:30:00
1944,690,1,NULL,2024-02-13,12.75,Cash,07:16:00
1945,690,2,NULL,2024-03-19,4.75,Cash,08:50:00
1946,690,1,1,2024-02-03,6,App,14:14:00
1947,690,2,1,2024-03-31,14.5,Card,13:49:00
1948,693,2,NULL,2024-02-28,13,App,11:25:00
1949,693,3,NULL,2024-03-02,16.75,Card,12:30:00
1950,694,1,NULL,2024-03-10,7.5,App,11:05:00
1951,694,1,2,2024-03-02,18.5,Card,14:05:00
1952,694,3,1,2024-03-27,17.75,Card,09:11:00
1953,694,1,NULL,2024-03-24,20,App,16:17:00
1954,696,2,1,2024-03-31,11.75,App,17:26:00
1955,696,3,1,2024-03-29,16.5,App,15:07:00
1956,697,1,2,2024-03-19,8.5,Cash,09:24:00
1957,697,2,2,2024-03-31,3.25,Card,13:44:00
1958,697,3,NULL,2024-02-28,9.75,Cash,13:04:00
1959,697,2,1,2024-02-23,15.25,Card,14:23:00
1960,697,3,NULL,2024-02-23,14.5,Card,14:52:00
1961,697,2,NULL,2024-03-26,7.25,App,13:10:00
1962,697,3,NULL,2024-02-25,13.5,App,11:17:00
1963,697,3,1,2024-03-14,4,Card,13:47:00
1964,697,3,1,2024-03-18,10.5,Card,16:08:00
1965,697,2,1,2024-02-24,13,Card,11:42:00
1966,698,1,2,2024-03-19,19.25,Card,16:21:00
1967,698,1,NULL,2024-03-21,11.75,App,10:27:00
1968,698,2,1,2024-03-20,6.25,App,08:47:00
1969,698,3,NULL,2024-03-17,17,Card,08:51:00
1970,698,2,NULL,2024-03-29,4.25,App,09:40:00
1971,698,1,NULL,2024-03-22,14.75,Card,11:29:00
1972,698,3,NULL,2024-03-20,6,App,07:47:00
1973,698,3,2,2024-03-28,13.25,App,08:28:00
1974,698,1,NULL,2024-03-27,14.5,App,12:44:00
1975,698,1,NULL,2024-03-18,7,Cash,10:44:00
1976,699,3,NULL,2024-02-18,10.25,Cash,10:35:00
1977,699,2,NULL,2024-03-07,19,Card,07:42:00
1978,699,3,NULL,2024-03-13,5.25,App,07:59:00
1979,700,2,NULL,2024-02-20,11.25,Card,11:40:00
1980,700,3,NULL,2024-03-09,11,Cash,10:24:00
1981,700,2,2,2024-03-06,7,Cash,13:59:00
1982,701,1,NULL,2024-03-23,5.25,Cash,13:49:00
1983,702,1,2,2024-02-26,15.5,Cash,11:57:00
1984,702,3,NULL,2024-01-21,14,Cash,09:00:00
1985,702,1,1,2024-03-21,13.25,Cash,08:31:00
1986,702,1,NULL,2024-02-29,21,Cash,12:18:00
1987,703,3,NULL,2024-03-26,11,Card,08:53:00
1988,703,3,NULL,2024-03-19,15.75,Cash,13:12:00
1989,703,1,NULL,2024-03-31,8,Cash,12:49:00
1990,704,1,1,2024-01-14,17.75,App,11:03:00
1991,705,3,1,2024-03-13,12,Card,15:50:00
1992,705,2,NULL,2024-03-26,17.5,Cash,16:13:00
1993,706,3,2,2024-03-30,7,Cash,14:36:00
1994,706,1,1,2024-03-16,17,App,14:07:00
1995,706,1,NULL,2024-03-22,14.75,Cash,14:03:00
1996,706,1,NULL,2024-03-13,8.25,Card,07:16:00
1997,707,3,NULL,2024-03-10,21.25,App,07:26:00
1998,707,2,NULL,2024-02-27,17,App,14:08:00
1999,707,1,NULL,2024-03-27,7.5,Cash,09:32:00
2000,707,3,NULL,2024-03-08,4,Card,10:55:00
2001,708,3,NULL,2024-02-24,17,Card,07:44:00
2002,708,3,NULL,2024-02-24,18.75,Cash,08:09:00
2003,708,2,2,2024-03-11,5.25,Cash,10:46:00
2004,708,3,2,2024-01-17,4.25,Cash,16:16:00
2005,708,1,1,2024-03-30,13.75,App,12:24:00
2006,708,2,NULL,2024-03-31,8.75,Cash,14:41:00
2007,709,1,NULL,2024-03-31,18.25,Card,08:30:00
2008,709,3,2,2024-03-31,3,Cash,13:57:00
2009,709,2,NULL,2024-03-30,4.5,App,12:02:00
2010,709,3,NULL,2024-03-30,4.5,Cash,11:45:00
2011,709,3,1,2024-03-31,4,Card,12:58:00
2012,709,3,1,2024-03-31,6.5,Card,09:38:00
2013,710,1,2,2024-03-30,15.25,App,15:44:00
2014,710,2,2,2024-03-07,18.5,Card,11:24:00
2015,711,1,2,2024-03-27,16,App,09:21:00
2016,711,3,2,2024-03-06,15.25,Card,13:23:00
2017,712,1,1,2024-03-23,5.25,Cash,10:44:00
2018,713,1,1,2024-02-24,12.25,Card,07:47:00
2019,714,2,NULL,2024-01-20,17,App,14:31:00
2020,714,3,NULL,2024-01-17,18.25,Card,13:08:00
2021,714,3,1,2024-03-30,13,App,08:28:00
2022,714,3,2,2024-03-03,5.25,Cash,16:48:00
2023,714,2,1,2024-01-31,11.75,Card,14:10:00
2024,714,1,1,2024-03-20,4.25,App,09:18:00
2025,714,2,NULL,2024-02-17,3.25,App,13:35:00
2026,717,2,NULL,2024-03-29,13,App,13:34:00
2027,718,1,NULL,2024-01-26,6.5,Card,15:18:00
2028,718,3,NULL,2024-03-27,5.25,App,07:51:00
2029,719,3,1,2024-01-30,19.75,App,11:00:00
2030,720,1,NULL,2024-03-30,9,Card,09:35:00
2031,720,3,NULL,2024-03-15,18.25,Cash,14:54:00
2032,720,2,NULL,2024-03-09,22,Cash,12:57:00
2033,720,1,NULL,2024-03-11,20,Cash,10:09:00
2034,720,1,1,2024-03-12,12,App,10:22:00
2035,721,2,2,2024-02-09,4,App,14:00:00
2036,721,3,NULL,2024-03-18,9.25,Card,14:23:00
2037,721,2,2,2024-02-21,19.5,App,10:49:00
2038,722,2,1,2024-03-14,4.25,App,10:06:00
2039,722,1,NULL,2024-03-12,10.25,Cash,10:16:00
2040,722,3,1,2024-03-26,13,App,13:23:00
2041,723,3,NULL,2024-03-24,4,App,08:15:00
2042,723,2,2,2024-03-11,6.5,App,13:08:00
2043,725,2,2,2024-03-25,11.25,Cash,09:48:00
2044,725,3,1,2024-03-07,20.25,Cash,17:40:00
2045,726,3,2,2024-03-25,18.25,Card,12:27:00
2046,726,2,NULL,2024-03-16,13.25,App,14:26:00
2047,726,3,NULL,2024-03-16,10,App,07:47:00
2048,726,2,1,2024-03-24,15.25,Cash,11:56:00
2049,727,3,1,2024-03-11,15.25,Cash,11:17:00
2050,727,2,2,2024-03-22,7,App,12:48:00
2051,728,1,NULL,2024-03-04,11.75,App,14:24:00
2052,728,2,NULL,2024-03-31,11.75,Cash,10:24:00
2053,728,2,NULL,2024-02-24,11.5,Cash,10:56:00
2054,728,2,2,2024-03-15,6,App,09:50:00
2055,728,3,2,2024-02-27,8,Card,13:59:00
2056,728,3,1,2024-03-15,5.25,App,08:20:00
2057,728,3,2,2024-03-31,12.25,Card,11:58:00
2058,728,2,1,2024-03-15,4.75,Cash,11:02:00
2059,729,2,NULL,2024-03-03,8.75,Card,09:27:00
2060,730,3,NULL,2024-03-10,18.5,Card,09:07:00
2061,730,3,1,2024-02-09,7,App,17:07:00
2062,731,2,NULL,2024-02-27,15,Cash,17:18:00
2063,732,1,NULL,2024-02-02,13.25,Card,13:06:00
2064,733,2,1,2024-02-21,3,Cash,15:50:00
2065,734,3,NULL,2024-03-18,10.25,App,08:32:00
2066,734,2,NULL,2024-03-19,19,Cash,11:51:00
2067,734,1,1,2024-03-26,12.25,Cash,17:46:00
2068,734,3,2,2024-03-27,7,Cash,15:23:00
2069,734,2,NULL,2024-03-28,15,Cash,10:28:00
2070,734,3,1,2024-03-25,15,Cash,13:10:00
2071,735,3,1,2024-03-31,10.75,App,15:00:00
2072,735,2,1,2024-03-30,11.25,App,10:40:00
2073,735,3,NULL,2024-03-27,13,Card,13:32:00
2074,736,2,NULL,2024-03-12,9.75,Cash,10:40:00
2075,736,3,1,2024-03-11,12.75,Card,12:50:00
2076,736,2,NULL,2024-03-20,10.25,Cash,15:39:00
2077,736,3,1,2024-03-13,18,Card,13:45:00
2078,737,3,2,2024-03-29,11.75,App,07:53:00
2079,737,2,2,2024-03-21,10.5,App,14:29:00
2080,737,2,NULL,2024-03-07,13.75,App,11:38:00
2081,737,1,NULL,2024-03-26,9.75,Card,08:56:00
2082,738,3,1,2024-02-19,3,Card,08:34:00
2083,738,3,NULL,2024-03-13,7.25,Card,10:18:00
2084,739,3,1,2024-03-27,7,Cash,10:37:00
2085,739,2,NULL,2024-02-03,17.75,Cash,10:27:00
2086,740,3,1,2024-03-18,16.5,App,09:22:00
2087,740,2,NULL,2024-03-02,20,Card,12:30:00
2088,740,1,NULL,2024-03-20,19.75,App,10:43:00
2089,741,2,NULL,2024-03-02,5.75,App,14:05:00
2090,741,1,NULL,2024-02-29,14.75,Card,18:16:00
2091,742,1,NULL,2024-03-05,7,App,13:04:00
2092,743,3,1,2024-03-20,11.75,Card,07:12:00
2093,743,3,2,2024-03-11,16.75,App,13:34:00
2094,745,3,NULL,2024-03-23,11.25,Cash,11:50:00
2095,745,2,NULL,2024-03-31,11,Card,14:41:00
2096,745,1,NULL,2024-03-20,23.25,Cash,17:36:00
2097,746,3,NULL,2024-02-27,7.25,App,14:45:00
2098,746,3,NULL,2024-03-31,13.25,Card,08:25:00
2099,746,1,NULL,2024-03-01,18.25,Card,16:08:00
2100,747,3,2,2024-03-30,15,App,15:37:00
2101,747,1,2,2024-03-27,3,Card,08:35:00
2102,747,1,1,2024-03-23,7.75,Cash,10:00:00
2103,747,1,NULL,2024-03-26,14.25,Cash,17:02:00
2104,747,1,NULL,2024-03-21,11.5,Card,13:43:00
2105,747,2,NULL,2024-03-23,4.75,Cash,14:18:00
2106,747,1,2,2024-03-23,21,App,13:51:00
2107,747,3,NULL,2024-03-21,16,Card,10:07:00
2108,747,1,2,2024-03-24,18.25,Card,10:31:00
2109,748,1,2,2024-02-16,4.25,Cash,07:33:00
2110,749,3,NULL,2024-02-23,20.5,App,09:08:00
2111,749,1,NULL,2024-03-07,4,App,16:24:00
2112,749,2,1,2024-03-01,10,Cash,11:13:00
2113,749,2,1,2024-02-29,4.25,App,08:53:00
2114,750,1,1,2024-02-14,7,Card,14:08:00
2115,750,3,NULL,2024-03-06,10.5,App,10:46:00
2116,750,1,1,2024-02-10,17.25,App,15:28:00
2117,751,3,NULL,2024-03-05,5.25,Cash,07:59:00
2118,751,3,1,2024-03-23,11.25,App,10:06:00
2119,751,1,NULL,2024-03-28,18,Card,07:14:00
2120,752,2,1,2024-03-09,16.5,App,08:59:00
2121,752,1,NULL,2024-02-10,4.25,App,12:18:00
2122,752,1,NULL,2024-03-02,15.5,Cash,13:38:00
2123,753,1,NULL,2024-02-09,15.75,Card,14:28:00
2124,755,3,1,2024-03-19,11.25,Card,07:57:00
2125,756,1,NULL,2024-03-26,3,Card,08:57:00
2126,756,2,2,2024-03-30,14.75,Cash,11:48:00
2127,757,3,1,2024-03-25,12.75,Cash,10:41:00
2128,759,2,NULL,2024-03-30,7,Card,14:03:00
2129,761,1,2,2024-03-29,11,Card,12:01:00
2130,763,1,NULL,2024-03-31,2.75,App,10:06:00
2131,763,1,NULL,2024-03-24,2.75,Card,17:42:00
2132,763,2,NULL,2024-02-15,3.25,Card,12:20:00
2133,763,1,NULL,2024-03-24,15.5,Card,13:50:00
2134,764,3,2,2024-03-06,12.75,Cash,07:09:00
2135,764,3,NULL,2024-02-23,4.75,Card,10:32:00
2136,764,1,1,2024-03-10,15.25,Cash,07:20:00
2137,764,1,NULL,2024-03-13,2.75,Card,12:15:00
2138,764,3,2,2024-02-27,10.5,Card,09:47:00
2139,764,2,2,2024-03-29,7.25,Cash,08:13:00
2140,765,3,NULL,2024-02-20,3,Cash,15:29:00
2141,765,2,2,2024-03-03,4,Cash,09:17:00
2142,766,1,NULL,2024-03-19,6.5,Card,08:08:00
2143,766,2,2,2024-03-19,4,App,09:27:00
2144,766,1,1,2024-01-25,14,App,14:05:00
2145,766,3,1,2024-01-28,2.75,App,16:53:00
2146,766,3,NULL,2024-02-15,11.25,App,10:24:00
2147,766,3,NULL,2024-03-21,14.5,App,13:12:00
2148,766,3,NULL,2024-03-20,5.25,Cash,10:06:00
2149,766,3,NULL,2024-03-06,19,Cash,12:18:00
2150,766,2,NULL,2024-01-31,11.75,Cash,10:00:00
2151,768,1,1,2024-03-16,21.25,Card,10:49:00
2152,768,3,NULL,2024-03-18,15.75,App,12:40:00
2153,768,3,NULL,2024-03-24,9.5,Card,13:23:00
2154,769,1,NULL,2024-01-24,7,Cash,11:50:00
2155,769,3,NULL,2024-01-23,16.5,Card,07:04:00
2156,770,1,2,2024-03-30,7,Card,07:16:00
2157,770,3,1,2024-03-31,4.5,App,12:22:00
2158,770,2,1,2024-03-31,8.75,Cash,12:06:00
2159,770,2,NULL,2024-03-31,19.25,App,13:17:00
2160,771,1,NULL,2024-03-30,20.25,Cash,17:04:00
2161,772,1,NULL,2024-03-29,12.5,Cash,10:06:00
2162,772,3,NULL,2024-03-27,13.5,App,16:04:00
2163,772,3,NULL,2024-03-25,24.75,Cash,08:42:00
2164,772,2,2,2024-03-26,4,App,11:46:00
2165,772,3,NULL,2024-03-10,4,Cash,12:43:00
2166,773,2,1,2024-03-28,21.75,Card,16:09:00
2167,773,2,NULL,2024-03-08,10.5,Cash,08:44:00
2168,773,3,2,2024-03-22,7,App,09:26:00
2169,773,2,1,2024-03-29,19.5,App,07:21:00
2170,774,2,1,2024-01-04,11,Cash,14:24:00
2171,774,1,1,2024-01-03,3.25,App,09:33:00
2172,774,1,NULL,2024-01-15,22.25,Cash,14:08:00
2173,774,3,NULL,2024-01-02,17.25,App,11:12:00
2174,774,3,NULL,2024-03-09,18,Card,09:09:00
2175,774,3,NULL,2024-01-16,16.75,Cash,14:33:00
2176,774,1,NULL,2024-01-31,7.5,Card,13:34:00
2177,775,1,2,2024-03-31,5.25,App,09:06:00
2178,775,2,2,2024-03-24,2.75,App,19:09:00
2179,777,3,NULL,2024-03-13,12.75,App,10:36:00
2180,778,2,1,2024-02-26,4.75,Card,13:55:00
2181,778,2,NULL,2024-02-06,8,Cash,11:46:00
2182,778,3,2,2024-01-30,6.5,Cash,14:20:00
2183,778,3,NULL,2024-03-15,16.5,Card,14:31:00
2184,778,3,NULL,2024-03-21,22.25,Card,12:43:00
2185,778,1,1,2024-02-23,19.5,Cash,13:03:00
2186,779,2,2,2024-03-12,8,Cash,10:49:00
2187,779,3,2,2024-03-19,15,App,12:31:00
2188,779,3,1,2024-02-11,11.5,Card,09:18:00
2189,779,3,NULL,2024-03-30,4.75,Card,14:59:00
2190,780,1,2,2024-02-27,11.5,App,14:40:00
2191,780,1,2,2024-03-15,3.25,Card,10:37:00
2192,781,3,2,2024-02-25,6,App,15:17:00
2193,782,1,1,2024-03-29,10.5,Card,08:39:00
2194,782,2,NULL,2024-03-26,4.75,Card,07:45:00
2195,783,2,1,2024-02-28,7,App,13:07:00
2196,783,2,1,2024-03-11,16,App,07:20:00
2197,783,2,NULL,2024-03-08,4,Cash,13:57:00
2198,784,2,NULL,2024-03-14,17.25,Cash,16:15:00
2199,785,1,1,2024-03-20,10.75,Card,13:34:00
2200,786,2,1,2024-03-22,4.5,App,07:17:00
2201,786,3,1,2024-03-20,6,Cash,09:37:00
2202,786,1,NULL,2024-03-23,8.25,Card,11:42:00
2203,786,2,2,2024-02-28,14.25,Cash,14:06:00
2204,786,2,NULL,2024-02-17,4.25,Card,14:49:00
2205,788,3,2,2024-03-05,3,App,13:32:00
2206,788,1,2,2024-02-11,23,Cash,09:30:00
2207,789,2,1,2024-03-22,15.75,Card,12:44:00
2208,789,1,NULL,2024-03-25,8.25,Card,08:21:00
2209,789,2,2,2024-03-30,11.25,Card,14:45:00
2210,789,3,2,2024-03-23,11,Card,17:19:00
2211,789,1,NULL,2024-03-29,7,Cash,14:51:00
2212,790,2,1,2024-03-24,9.25,Cash,08:23:00
2213,790,2,1,2024-02-29,13.5,App,11:39:00
2214,791,1,NULL,2024-02-25,10.5,Card,13:36:00
2215,791,3,2,2024-03-30,6.5,App,07:25:00
2216,791,2,NULL,2024-03-14,15,Card,11:24:00
2217,791,1,2,2024-02-23,11,App,07:12:00
2218,791,3,NULL,2024-03-10,4.75,Card,09:29:00
2219,791,2,NULL,2024-03-31,11,Card,08:58:00
2220,791,3,1,2024-03-11,8.75,Card,16:54:00
2221,791,2,1,2024-03-04,3,Card,07:04:00
2222,791,3,NULL,2024-03-26,3.25,App,09:58:00
2223,791,2,1,2024-03-14,3.25,App,16:34:00
2224,793,2,2,2024-03-29,7,Cash,11:24:00
2225,794,3,2,2024-03-19,13.5,Card,11:13:00
2226,794,1,1,2024-03-07,9.25,App,10:32:00
2227,795,3,1,2024-03-13,17.5,App,10:32:00
2228,796,1,NULL,2024-03-24,14,App,12:58:00
2229,796,2,1,2024-02-16,16.75,Card,09:34:00
2230,796,1,2,2024-02-07,12.5,App,15:38:00
2231,796,3,NULL,2024-02-23,21.75,App,11:07:00
2232,796,1,NULL,2024-03-30,15.25,Card,07:10:00
2233,796,1,NULL,2024-02-24,8.5,App,15:12:00
2234,796,1,NULL,2024-02-15,9.5,Card,07:01:00
2235,796,1,2,2024-02-04,14,Card,16:43:00
2236,797,3,2,2024-03-25,19,App,08:27:00
2237,797,1,2,2024-02-21,4,Cash,10:22:00
2238,797,3,1,2024-01-29,14.5,Card,09:06:00
2239,797,1,1,2024-03-13,19.25,Cash,10:40:00
2240,797,2,1,2024-02-23,3,App,15:46:00
2241,797,1,NULL,2024-01-24,13.25,App,16:42:00
2242,797,2,2,2024-02-20,13.25,App,11:56:00
2243,797,2,2,2024-03-06,16,App,12:09:00
2244,798,2,NULL,2024-03-19,7,Card,07:00:00
2245,798,3,NULL,2024-03-22,18.25,Cash,07:03:00
2246,798,1,NULL,2024-03-23,15.5,App,07:14:00
2247,798,3,1,2024-03-21,10.25,Card,12:43:00
2248,798,3,2,2024-03-28,8,App,12:42:00
2249,798,1,NULL,2024-03-23,25.75,App,13:27:00
2250,798,2,2,2024-03-06,2.75,App,13:30:00
2251,799,1,2,2024-03-17,4.75,Cash,15:10:00
2252,799,2,NULL,2024-03-19,7.5,Card,14:19:00
2253,800,2,NULL,2024-03-07,18.5,App,09:29:00
2254,800,3,NULL,2024-02-02,6.5,Cash,09:58:00
2255,801,1,2,2024-03-05,19.25,Cash,13:00:00
2256,801,2,NULL,2024-03-03,4.5,App,17:21:00
2257,802,1,2,2024-03-25,7.25,App,07:28:00
2258,802,1,2,2024-03-23,16.25,Card,10:06:00
2259,803,3,1,2024-03-29,11.5,Cash,12:56:00
2260,803,3,1,2024-03-25,16,Cash,13:40:00
2261,803,1,NULL,2024-03-22,9.25,App,17:30:00
2262,804,1,NULL,2024-03-13,3.25,App,10:43:00
2263,804,3,2,2024-02-25,13.75,Cash,10:00:00
2264,804,1,2,2024-02-25,11.25,Cash,13:20:00
2265,804,3,1,2024-03-30,10.5,App,17:52:00
2266,804,3,NULL,2024-03-09,10.5,App,13:32:00
2267,804,1,2,2024-02-26,3.25,Card,16:30:00
2268,804,3,NULL,2024-03-31,17.25,Cash,09:52:00
2269,804,3,NULL,2024-03-17,4.75,Card,13:29:00
2270,804,1,NULL,2024-03-04,16,App,08:39:00
2271,805,1,NULL,2024-03-19,8.25,Cash,14:34:00
2272,807,3,NULL,2024-02-29,20.25,Card,16:18:00
2273,807,2,1,2024-03-23,14.25,App,13:21:00
2274,807,2,NULL,2024-03-10,15.75,Cash,13:27:00
2275,807,2,2,2024-02-27,4.75,Card,09:54:00
2276,807,3,NULL,2024-03-23,20.75,App,16:15:00
2277,807,3,NULL,2024-02-24,10,Card,16:26:00
2278,807,3,2,2024-03-02,8.75,App,12:31:00
2279,807,2,1,2024-03-07,19,Card,10:00:00
2280,808,3,2,2024-02-29,13.25,Card,08:48:00
2281,808,2,NULL,2024-03-01,18,Card,11:17:00
2282,808,3,NULL,2024-02-07,12.5,Cash,07:34:00
2283,808,1,NULL,2024-02-28,12.25,App,13:07:00
2284,808,2,NULL,2024-03-03,16.75,App,08:24:00
2285,809,1,NULL,2024-03-29,4.75,Card,12:16:00
2286,810,1,2,2024-03-31,12.25,Card,09:25:00
2287,811,1,2,2024-02-16,4.75,Cash,12:38:00
2288,811,1,1,2024-02-09,14.75,Cash,13:36:00
2289,811,2,1,2024-02-10,6.75,App,11:23:00
2290,811,3,NULL,2024-02-16,4.25,Card,07:28:00
2291,812,2,NULL,2024-03-19,6.25,Card,12:56:00
2292,814,2,1,2024-02-21,17,App,07:34:00
2293,814,1,NULL,2024-03-02,20.75,Cash,10:26:00
2294,815,3,NULL,2024-03-29,3,Card,12:08:00
2295,815,2,NULL,2024-03-25,13,Cash,10:27:00
2296,815,1,1,2024-03-26,8.25,Cash,15:55:00
2297,816,1,1,2024-02-02,5.25,App,09:28:00
2298,816,2,NULL,2024-03-30,10.75,App,13:16:00
2299,816,2,NULL,2024-03-22,10.75,Card,09:06:00
2300,817,3,2,2024-02-13,21.5,Card,09:18:00
2301,818,2,NULL,2024-03-29,20.5,Card,17:30:00
2302,819,3,1,2024-02-17,6,App,12:39:00
2303,819,2,2,2024-02-26,5.5,Cash,08:01:00
2304,819,1,1,2024-01-19,4.5,Card,09:55:00
2305,820,2,2,2024-03-04,8.5,Card,14:36:00
2306,820,3,NULL,2024-03-11,4.25,Cash,15:45:00
2307,820,3,NULL,2024-03-21,9.25,App,13:28:00
2308,820,1,NULL,2024-03-05,4.75,Card,08:22:00
2309,821,1,NULL,2024-03-31,7,Cash,07:10:00
2310,822,2,NULL,2024-03-31,9,Card,16:42:00
2311,822,2,NULL,2024-03-19,7.75,Cash,08:16:00
2312,822,3,2,2024-03-09,18.75,Cash,14:08:00
2313,822,2,NULL,2024-03-25,4.25,App,09:31:00
2314,823,1,NULL,2024-03-14,8.5,Cash,12:52:00
2315,823,1,NULL,2024-03-31,16.75,Card,16:01:00
2316,823,2,2,2024-03-02,4.75,Cash,09:53:00
2317,823,1,NULL,2024-03-05,2.75,Cash,13:07:00
2318,824,1,NULL,2024-03-22,17.75,Card,09:45:00
2319,824,2,NULL,2024-02-04,15,App,11:31:00
2320,824,1,2,2024-03-11,9.75,Card,10:09:00
2321,824,3,NULL,2024-03-01,17.75,App,17:11:00
2322,824,3,NULL,2024-02-14,20,App,14:54:00
2323,825,2,NULL,2024-01-30,7,App,07:51:00
2324,825,3,2,2024-02-13,11,Card,11:55:00
2325,825,2,NULL,2024-02-09,10.75,Card,14:09:00
2326,828,1,NULL,2024-03-17,4,Card,14:32:00
2327,828,2,2,2024-01-25,16.5,Cash,10:49:00
2328,829,2,NULL,2024-03-15,4.25,App,09:49:00
2329,830,1,NULL,2024-03-14,4,App,13:33:00
2330,831,1,NULL,2024-02-26,18,Card,09:33:00
2331,831,2,NULL,2024-03-06,4.25,App,15:57:00
2332,831,1,1,2024-03-31,3.25,Cash,13:18:00
2333,831,2,NULL,2024-03-07,2.75,Card,15:21:00
2334,831,2,2,2024-03-05,12.5,Cash,08:01:00
2335,831,1,NULL,2024-03-04,9.25,Card,13:28:00
2336,831,3,NULL,2024-03-23,15,App,11:54:00
2337,831,3,NULL,2024-02-27,3,App,14:36:00
2338,831,1,1,2024-03-08,4.75,App,14:35:00
2339,834,2,NULL,2024-02-16,2.75,Cash,12:53:00
2340,834,3,2,2024-03-15,18,Cash,09:49:00
2341,834,1,2,2024-03-14,9.75,Card,10:14:00
2342,834,2,NULL,2024-03-03,15.75,Cash,17:01:00
2343,834,3,2,2024-02-23,11.75,Card,14:22:00
2344,835,1,2,2024-03-15,7.75,Card,09:07:00
2345,837,3,1,2024-03-19,15.75,Cash,07:29:00
2346,838,3,2,2024-01-16,4.75,App,07:56:00
2347,838,1,NULL,2024-02-21,14,App,17:00:00
2348,838,2,NULL,2024-03-19,9.75,Cash,16:08:00
2349,838,1,1,2024-03-31,12.75,Card,09:14:00
2350,838,1,NULL,2024-03-04,13.5,Card,20:17:00
2351,838,1,1,2024-01-20,13,App,12:24:00
2352,838,2,2,2024-02-17,15.75,App,14:26:00
2353,838,3,1,2024-02-20,13.25,App,08:35:00
2354,838,2,2,2024-02-24,11.25,App,09:35:00
2355,839,2,1,2024-03-17,8.75,Card,14:36:00
2356,839,2,NULL,2024-03-24,4.75,Cash,07:08:00
2357,839,3,NULL,2024-03-24,12.25,Cash,08:08:00
2358,839,2,2,2024-03-19,19.25,Cash,08:08:00
2359,840,2,NULL,2024-02-06,7.5,Cash,16:02:00
2360,840,2,2,2024-02-16,4,Card,12:03:00
2361,840,3,NULL,2024-02-10,7.5,Cash,09:59:00
2362,840,2,1,2024-02-16,9.5,Cash,13:54:00
2363,840,2,2,2024-03-31,7.5,Card,07:09:00
2364,841,3,2,2024-03-10,13,Card,10:30:00
2365,841,2,2,2024-01-11,7,App,08:03:00
2366,843,3,2,2024-03-04,17.5,Card,14:13:00
2367,843,2,NULL,2024-02-16,7,Card,17:47:00
2368,844,1,2,2024-03-20,18.75,Card,12:58:00
2369,844,3,2,2024-02-15,11.75,Cash,16:58:00
2370,844,1,NULL,2024-01-08,2.75,Cash,11:41:00
2371,845,3,NULL,2024-03-13,12.75,Card,13:31:00
2372,845,1,2,2024-02-22,8.75,Card,10:35:00
2373,845,1,2,2024-03-07,7.75,Cash,10:22:00
2374,845,3,NULL,2024-02-22,5.25,Cash,14:23:00
2375,845,2,NULL,2024-03-29,17,App,16:10:00
2376,845,2,1,2024-03-01,14.5,App,12:17:00
2377,845,3,NULL,2024-02-29,15,Card,13:39:00
2378,845,2,NULL,2024-03-21,8.5,App,12:49:00
2379,845,3,2,2024-02-28,10,App,07:27:00
2380,845,3,NULL,2024-03-17,4,App,11:52:00
2381,846,2,NULL,2024-02-21,6.5,Card,09:51:00
2382,847,2,NULL,2024-01-28,7,Cash,14:16:00
2383,848,1,2,2024-03-24,7,Cash,09:03:00
2384,848,1,2,2024-03-31,4.5,Card,07:22:00
2385,848,2,NULL,2024-03-12,19.5,Card,07:04:00
2386,848,3,NULL,2024-03-25,6.5,App,14:26:00
2387,849,2,1,2024-03-25,21,App,07:58:00
2388,849,2,NULL,2024-03-27,9.5,Card,14:26:00
2389,849,1,NULL,2024-02-26,4.75,App,13:32:00
2390,849,2,1,2024-03-05,8.5,Card,12:34:00
2391,850,1,NULL,2024-02-20,11,Cash,14:10:00
2392,850,1,2,2024-02-18,9,App,13:23:00
2393,850,1,2,2024-03-03,16.75,Cash,12:28:00
2394,851,3,NULL,2024-02-17,11.75,Cash,11:11:00
2395,851,2,2,2024-02-16,7,Card,10:24:00
2396,851,3,NULL,2024-02-22,13.25,Cash,07:03:00
2397,852,2,1,2024-01-25,4.25,Cash,10:35:00
2398,852,3,1,2024-03-21,3.25,Card,07:08:00
2399,852,2,NULL,2024-03-30,10,Card,08:35:00
2400,852,3,NULL,2024-01-22,17.5,App,13:05:00
2401,853,1,2,2024-03-16,4.25,Card,07:29:00
2402,853,2,2,2024-03-08,7.5,Card,14:10:00
2403,853,3,NULL,2024-03-23,8.75,Cash,10:55:00
2404,853,1,NULL,2024-03-15,21.5,Card,08:33:00
2405,854,1,2,2024-02-20,8.75,App,17:44:00
2406,854,2,NULL,2024-02-22,4.75,Cash,13:46:00
2407,854,1,2,2024-03-26,17,Card,09:25:00
2408,854,3,2,2024-03-03,18,App,08:37:00
2409,855,2,NULL,2024-03-17,3.25,Card,12:48:00
2410,855,2,NULL,2024-02-28,14,Card,10:03:00
2411,855,1,NULL,2024-02-20,2.75,Card,14:57:00
2412,855,1,2,2024-03-24,19.25,Cash,07:29:00
2413,855,2,NULL,2024-03-22,3,Cash,08:22:00
2414,855,2,2,2024-02-19,18.25,App,10:51:00
2415,855,2,2,2024-03-08,17,Cash,13:22:00
2416,855,2,NULL,2024-03-02,8.75,Cash,17:43:00
2417,855,1,1,2024-03-03,11.75,Cash,10:35:00
2418,856,2,2,2024-03-02,13,App,17:26:00
2419,856,1,1,2024-02-16,8,App,07:51:00
2420,858,2,NULL,2024-03-31,5.5,App,13:05:00
2421,859,2,NULL,2024-03-01,16.5,Cash,18:44:00
2422,859,2,1,2024-03-23,13.25,App,17:02:00
2423,860,2,NULL,2024-03-31,12.5,Cash,12:43:00
2424,861,3,NULL,2024-03-23,8,App,12:26:00
2425,861,2,NULL,2024-03-24,10.25,Cash,10:04:00
2426,861,3,NULL,2024-03-22,8.25,App,09:50:00
2427,861,2,2,2024-03-24,11.25,App,17:58:00
2428,862,3,1,2024-03-29,5.25,App,12:43:00
2429,862,1,2,2024-03-09,7.25,Card,07:36:00
2430,863,1,1,2024-03-26,15,Cash,11:32:00
2431,864,2,2,2024-02-29,7.25,Cash,11:52:00
2432,864,1,1,2024-02-12,12,Card,11:20:00
2433,866,3,NULL,2024-02-26,7.25,Card,12:36:00
2434,866,1,2,2024-02-18,13,Card,16:50:00
2435,867,2,1,2024-02-23,17.75,App,07:20:00
2436,867,3,NULL,2024-03-31,13.75,Card,07:15:00
2437,867,2,1,2024-02-23,17.5,App,09:26:00
2438,867,3,1,2024-02-26,5.25,App,12:15:00
2439,869,3,NULL,2024-01-22,5.25,App,07:58:00
2440,870,1,2,2024-03-17,7.5,Cash,12:19:00
2441,871,3,2,2024-03-13,20,App,09:59:00
2442,871,3,NULL,2024-03-30,11,Cash,12:52:00
2443,872,3,2,2024-02-17,19,App,14:09:00
2444,872,1,NULL,2024-02-27,12.5,Cash,11:06:00
2445,873,1,1,2024-01-17,16.75,Card,11:46:00
2446,873,2,NULL,2024-03-25,9.5,App,15:25:00
2447,873,1,NULL,2024-03-03,4.25,App,08:42:00
2448,874,3,NULL,2024-02-15,8.25,Card,10:51:00
2449,876,1,NULL,2024-02-24,18.75,App,14:42:00
2450,877,3,1,2024-03-26,12.5,App,13:12:00
2451,877,3,NULL,2024-03-16,4.5,Cash,13:21:00
2452,877,1,1,2024-03-11,17.75,App,08:59:00
2453,877,3,NULL,2024-03-16,11,Card,10:01:00
2454,877,1,NULL,2024-03-25,6.5,App,10:50:00
2455,878,1,NULL,2024-03-31,12.75,Cash,08:23:00
2456,878,3,2,2024-03-21,6.5,App,12:47:00
2457,879,2,NULL,2024-03-04,7,Cash,08:49:00
2458,879,2,NULL,2024-03-07,17.75,App,16:57:00
2459,879,1,NULL,2024-03-13,12.5,Card,09:38:00
2460,879,3,2,2024-03-26,22,Cash,07:31:00
2461,880,2,NULL,2024-03-03,18,Card,17:21:00
2462,880,1,NULL,2024-02-26,7,Card,18:05:00
2463,881,3,2,2024-02-07,4.5,Cash,13:26:00
2464,882,2,NULL,2024-03-31,9,App,16:00:00
2465,883,3,NULL,2024-02-27,15.5,Cash,10:39:00
2466,883,1,2,2024-02-19,21.5,Card,13:25:00
2467,884,2,NULL,2024-03-23,7.75,Cash,11:14:00
2468,884,2,1,2024-03-25,13.25,App,14:53:00
2469,885,1,NULL,2024-03-31,8,App,10:29:00
2470,885,2,1,2024-02-18,19.25,Card,16:56:00
2471,885,2,NULL,2024-01-21,5.75,Cash,08:32:00
2472,885,3,1,2024-03-19,4.75,Cash,13:09:00
2473,885,1,2,2024-02-19,16.25,App,11:49:00
2474,885,3,NULL,2024-03-01,7.5,App,07:45:00
2475,885,1,NULL,2024-02-29,20,Cash,13:09:00
2476,885,2,NULL,2024-02-04,3.25,App,09:36:00
2477,885,2,NULL,2024-01-27,9,Cash,10:06:00
2478,886,3,NULL,2024-03-22,11.75,Card,10:10:00
2479,887,1,NULL,2024-03-09,10.75,Card,14:19:00
2480,887,2,2,2024-02-21,7.5,Card,08:57:00
2481,887,3,NULL,2024-03-30,3.25,Cash,19:50:00
2482,887,1,1,2024-03-06,7,Cash,10:20:00
2483,887,1,NULL,2024-03-02,5.25,Card,17:03:00
2484,887,1,1,2024-03-22,8.75,Card,13:02:00
2485,887,1,NULL,2024-02-07,7.25,Card,10:05:00
2486,887,3,NULL,2024-02-27,14.5,App,13:22:00
2487,887,2,2,2024-03-22,16.25,App,13:58:00
2488,887,3,1,2024-02-09,3.25,Cash,12:54:00
2489,888,1,NULL,2024-03-22,3.25,App,11:11:00
2490,889,2,2,2024-03-05,9.75,App,11:41:00
2491,889,3,2,2024-02-17,11.75,Cash,14:20:00
2492,890,2,NULL,2024-02-05,4.75,App,11:27:00
2493,890,3,NULL,2024-01-28,9.75,Cash,12:55:00
2494,891,1,NULL,2024-03-04,16.75,Cash,11:37:00
2495,892,3,NULL,2024-03-22,6.5,App,14:38:00
2496,893,2,1,2024-03-22,4.25,App,12:44:00
2497,893,3,NULL,2024-03-27,3,Card,14:38:00
2498,893,2,2,2024-03-23,4.25,Cash,08:26:00
2499,893,1,NULL,2024-03-29,16.5,Card,08:14:00
2500,893,1,2,2024-03-25,7.5,App,09:56:00
2501,893,3,1,2024-03-24,9.25,Card,10:26:00
2502,893,3,NULL,2024-03-31,14.5,Card,08:43:00
2503,894,3,NULL,2024-01-21,6.5,App,14:58:00
2504,894,3,2,2024-02-12,9.75,App,13:18:00
2505,894,1,NULL,2024-01-28,20.25,Card,15:23:00
2506,894,1,1,2024-03-17,7,App,10:08:00
2507,894,2,2,2024-03-23,20,Card,17:17:00
2508,894,1,NULL,2024-02-03,11.25,Card,11:52:00
2509,894,1,NULL,2024-03-21,11.5,Card,09:48:00
2510,894,3,NULL,2024-03-27,15.5,App,09:09:00
2511,895,2,NULL,2024-03-21,20.75,Cash,09:02:00
2512,896,3,NULL,2024-03-22,7,Cash,09:02:00
2513,896,1,1,2024-03-11,9.25,App,19:37:00
2514,896,2,2,2024-02-02,22.5,App,17:36:00
2515,896,3,NULL,2024-02-24,13.5,Cash,16:00:00
2516,897,3,2,2024-02-24,13.5,Cash,14:10:00
2517,898,1,1,2024-02-27,21,Card,16:29:00
2518,898,3,1,2024-02-29,14,Card,09:06:00
2519,898,2,NULL,2024-03-08,17.75,App,11:25:00
2520,899,2,2,2024-03-23,19.75,Card,19:48:00
2521,900,1,NULL,2024-03-17,21.5,App,09:22:00
2522,900,3,1,2024-03-04,20.75,App,14:54:00
2523,900,3,NULL,2024-03-29,22.25,Cash,13:02:00
2524,900,3,NULL,2024-03-20,23.25,Cash,13:25:00
2525,901,1,1,2024-03-31,12,Cash,08:19:00
2526,901,2,1,2024-03-31,7.5,Card,08:06:00
2527,901,2,2,2024-03-22,3.25,Card,19:43:00
2528,901,2,NULL,2024-03-28,7,App,12:40:00
2529,901,2,1,2024-03-23,16.75,App,18:34:00
2530,901,3,NULL,2024-03-19,2.75,App,07:43:00
2531,902,3,2,2024-03-29,14.25,App,10:21:00
2532,902,1,NULL,2024-03-09,11.75,Card,09:53:00
2533,903,3,2,2024-03-23,4.75,Cash,10:18:00
2534,903,3,NULL,2024-03-24,11.75,Card,10:35:00
2535,904,3,1,2024-03-25,21.25,App,17:49:00
2536,904,3,NULL,2024-03-29,13.5,Card,10:35:00
2537,906,1,1,2024-03-01,13,Cash,07:51:00
2538,907,2,1,2024-03-28,17.25,Cash,08:33:00
2539,910,3,2,2024-03-19,6,Cash,11:18:00
2540,911,1,NULL,2024-02-17,14.5,App,10:10:00
2541,911,1,2,2024-03-13,13.75,Cash,16:56:00
2542,912,3,2,2024-02-17,14,Card,08:00:00
2543,912,1,NULL,2024-03-03,15.5,Cash,15:32:00
2544,912,2,NULL,2024-03-22,7.75,Card,08:01:00
2545,914,1,2,2024-01-22,10.75,Card,08:03:00
2546,914,1,1,2024-02-22,7.5,Cash,07:27:00
2547,915,2,NULL,2024-03-30,11.25,Card,09:12:00
2548,915,1,NULL,2024-03-27,14,Cash,14:47:00
2549,915,2,NULL,2024-03-25,13,Card,15:55:00
2550,916,2,2,2024-02-03,15.75,Cash,09:07:00
2551,916,3,1,2024-02-29,10.5,Card,17:57:00
2552,917,1,NULL,2024-03-31,13.5,Cash,16:05:00
2553,917,1,1,2024-03-31,5.75,Cash,12:44:00
2554,917,2,NULL,2024-03-31,9.75,App,17:32:00
2555,917,1,NULL,2024-03-31,5.25,Cash,13:25:00
2556,917,3,NULL,2024-03-31,23.5,App,12:52:00
2557,917,1,NULL,2024-03-31,17.75,App,10:59:00
2558,917,1,1,2024-03-31,14.25,Card,08:00:00
2559,917,1,1,2024-03-31,16,Cash,07:05:00
2560,917,3,NULL,2024-03-31,2.75,Card,14:40:00
2561,918,2,2,2024-02-18,20.75,Cash,10:52:00
2562,918,3,NULL,2024-02-15,13.75,Cash,16:06:00
2563,918,3,1,2024-02-13,13,App,15:38:00
2564,918,3,NULL,2024-03-30,4.5,App,14:41:00
2565,919,2,NULL,2024-03-09,7,Cash,13:49:00
2566,919,3,1,2024-02-07,9,App,08:16:00
2567,920,3,1,2024-03-18,7.25,Cash,15:42:00
2568,920,3,1,2024-02-28,18.25,App,15:35:00
2569,920,2,1,2024-03-13,18.25,Cash,13:52:00
2570,920,1,NULL,2024-03-22,8.75,App,13:47:00
2571,921,3,NULL,2024-03-24,11,App,14:19:00
2572,921,1,2,2024-03-15,6.5,App,07:47:00
2573,921,2,1,2024-02-18,11.25,App,07:22:00
2574,921,1,2,2024-03-27,10.25,Cash,16:06:00
2575,922,1,NULL,2024-02-16,5.25,App,15:42:00
2576,922,3,2,2024-03-30,4.5,Cash,15:11:00
2577,922,3,NULL,2024-03-02,10.5,Cash,13:13:00
2578,922,3,NULL,2024-02-10,6.5,App,12:44:00
2579,923,2,2,2024-02-28,18,Card,10:34:00
2580,924,3,NULL,2024-03-05,15.25,App,12:32:00
2581,924,1,NULL,2024-03-13,4.75,App,13:39:00
2582,925,1,NULL,2024-02-04,13.75,Card,09:40:00
2583,925,1,2,2024-02-08,4.75,App,13:45:00
2584,926,3,NULL,2024-03-27,4,Card,11:36:00
2585,926,1,1,2024-03-27,11.75,Card,13:02:00
2586,927,3,2,2024-03-31,6.5,App,14:49:00
2587,927,2,NULL,2024-02-21,15,Card,08:54:00
2588,927,1,1,2024-03-13,7.75,Card,13:00:00
2589,928,2,NULL,2024-02-22,15.75,Cash,14:07:00
2590,928,3,2,2024-01-09,21.25,Cash,08:11:00
2591,928,2,NULL,2024-01-19,3.25,Cash,07:32:00
2592,929,3,NULL,2024-03-19,13,Card,11:05:00
2593,931,3,2,2024-03-16,2.75,Cash,13:23:00
2594,931,2,NULL,2024-02-29,15.75,Card,13:32:00
2595,931,1,2,2024-02-12,15,Card,10:11:00
2596,931,2,NULL,2024-03-05,12.75,Cash,12:49:00
2597,931,3,NULL,2024-03-30,16.5,Card,07:18:00
2598,931,2,2,2024-03-23,11.5,Card,11:23:00
2599,931,3,1,2024-03-01,21.5,Cash,11:16:00
2600,931,1,2,2024-03-06,3.25,Card,10:21:00
2601,932,3,NULL,2024-03-12,11.25,App,14:36:00
2602,932,2,2,2024-02-26,10,App,12:43:00
2603,932,3,1,2024-03-28,21.75,Card,12:02:00
2604,934,3,NULL,2024-03-22,16.25,Card,09:01:00
2605,935,3,2,2024-03-13,13.5,Card,16:47:00
2606,935,3,1,2024-03-10,10.5,App,12:34:00
2607,935,2,2,2024-03-08,4,Cash,14:51:00
2608,935,1,NULL,2024-02-22,4.75,App,11:32:00
2609,935,2,2,2024-02-23,4.25,Card,17:03:00
2610,935,1,NULL,2024-03-15,11.25,Cash,09:02:00
2611,935,1,NULL,2024-03-01,9.25,App,16:19:00
2612,935,3,1,2024-02-19,17.75,App,15:22:00
2613,936,1,2,2024-02-23,14.5,App,13:04:00
2614,937,3,NULL,2024-03-18,4.75,App,11:20:00
2615,938,3,NULL,2024-01-22,16.5,Card,16:54:00
2616,938,3,2,2024-03-10,7.25,App,15:15:00
2617,938,2,NULL,2024-03-08,7.25,Card,17:54:00
2618,939,1,1,2024-03-05,4,Card,14:53:00
2619,939,1,NULL,2024-02-26,7,Cash,17:15:00
2620,939,1,1,2024-02-11,18,Card,10:13:00
2621,939,1,NULL,2024-02-26,10.25,Cash,08:02:00
2622,939,3,NULL,2024-03-20,4.25,App,08:50:00
2623,939,1,1,2024-02-09,6.5,App,09:48:00
2624,939,1,1,2024-02-19,10.25,App,15:31:00
2625,939,1,2,2024-02-09,13.5,Cash,17:07:00
2626,939,2,NULL,2024-02-15,10.75,Card,15:48:00
2627,939,1,2,2024-03-21,5.25,App,08:20:00
2628,940,1,NULL,2024-03-19,5.25,Card,16:35:00
2629,941,1,2,2024-03-14,3.25,App,14:38:00
2630,941,1,NULL,2024-03-08,4,Card,12:14:00
2631,941,3,2,2024-02-19,6.5,Cash,12:10:00
2632,941,3,NULL,2024-01-30,17.5,Card,12:41:00
2633,943,1,1,2024-03-25,7,Cash,07:48:00
2634,943,1,2,2024-01-19,4.25,App,14:33:00
2635,943,1,1,2024-02-07,4.25,Card,07:23:00
2636,943,3,NULL,2024-03-16,17,App,13:49:00
2637,943,1,NULL,2024-03-30,7.5,Cash,18:08:00
2638,944,1,NULL,2024-03-17,19,Card,14:58:00
2639,944,2,NULL,2024-03-29,6.75,App,12:16:00
2640,944,3,1,2024-03-30,3.25,Cash,12:52:00
2641,946,2,NULL,2024-03-04,10.25,App,12:26:00
2642,946,3,2,2024-03-18,16.75,Cash,08:55:00
2643,947,1,2,2024-02-13,3,Cash,07:30:00
2644,947,3,1,2024-03-20,19.25,Cash,14:23:00
2645,947,3,NULL,2024-03-14,4.75,App,14:57:00
2646,947,2,NULL,2024-02-04,3.25,Cash,08:20:00
2647,949,3,NULL,2024-03-21,8,App,09:39:00
2648,949,3,2,2024-03-18,16.5,Cash,12:47:00
2649,951,2,NULL,2024-03-07,7.25,Cash,18:38:00
2650,951,1,2,2024-02-24,5.75,Card,13:39:00
2651,951,1,NULL,2024-03-07,3,Card,09:24:00
2652,951,1,2,2024-02-22,7.25,App,11:50:00
2653,952,1,NULL,2024-03-24,4,Card,09:50:00
2654,955,1,2,2024-02-24,11.25,Card,15:16:00
2655,955,3,NULL,2024-03-25,16.75,App,16:33:00
2656,956,2,1,2024-03-31,14.25,Cash,09:03:00
2657,957,3,NULL,2024-03-30,7.75,Cash,09:27:00
2658,957,3,2,2024-03-06,4.5,Card,08:59:00
2659,957,1,NULL,2024-03-27,13.75,Cash,14:03:00
2660,957,3,NULL,2024-03-08,5.25,Cash,10:49:00
2661,957,3,NULL,2024-03-14,13.25,Card,11:50:00
2662,957,2,NULL,2024-03-15,15.5,Cash,13:48:00
2663,957,2,1,2024-03-30,17,Cash,12:18:00
2664,957,1,NULL,2024-03-06,14.25,App,10:34:00
2665,957,3,NULL,2024-03-06,12.25,App,15:49:00
2666,957,3,NULL,2024-03-23,7.5,Cash,14:47:00
2667,958,1,1,2024-03-11,16,Cash,13:19:00
2668,959,2,NULL,2024-03-21,9.25,Cash,14:02:00
2669,959,1,NULL,2024-03-17,9.25,Cash,12:28:00
2670,959,1,1,2024-03-30,7,App,14:58:00
2671,960,3,1,2024-02-29,11.75,Card,13:33:00
2672,961,1,2,2024-01-16,8.25,Card,12:00:00
2673,961,2,NULL,2024-01-30,4.5,Cash,07:47:00
2674,961,3,NULL,2024-01-17,16.25,Card,11:24:00
2675,961,1,2,2024-01-24,2.75,App,09:13:00
2676,963,3,NULL,2024-03-23,14.5,Cash,11:01:00
2677,963,3,1,2024-03-30,15.5,Cash,11:56:00
2678,963,2,1,2024-03-21,16.75,Card,12:32:00
2679,965,3,1,2024-03-29,16.25,Card,14:54:00
2680,965,2,2,2024-03-26,18.25,Card,07:47:00
2681,966,2,NULL,2024-03-24,19.75,App,08:41:00
2682,966,2,2,2024-03-26,11.75,App,07:57:00
2683,968,2,2,2024-03-25,15.25,App,11:56:00
2684,968,1,NULL,2024-03-28,5.25,App,08:47:00
2685,968,1,2,2024-03-18,7,Card,17:55:00
2686,968,3,2,2024-03-12,13.75,App,10:50:00
2687,968,2,1,2024-03-13,4,Card,10:25:00
2688,968,3,NULL,2024-03-23,4.25,Cash,09:36:00
2689,968,2,2,2024-02-20,11.75,App,08:10:00
2690,968,2,NULL,2024-03-17,3.25,App,14:41:00
2691,969,3,NULL,2024-02-11,4.75,Card,07:56:00
2692,969,1,NULL,2024-03-02,11.75,App,08:09:00
2693,969,3,NULL,2024-01-15,12.75,Cash,08:19:00
2694,970,1,1,2024-03-30,16.5,App,09:47:00
2695,970,1,NULL,2024-02-14,3,Cash,13:12:00
2696,972,1,1,2024-03-28,4.25,App,13:44:00
2697,972,1,2,2024-03-27,4,Card,13:59:00
2698,972,2,NULL,2024-03-31,19,Card,15:04:00
2699,972,1,NULL,2024-03-25,5.25,Card,12:35:00
2700,972,3,NULL,2024-03-26,4.5,Cash,10:09:00
2701,972,1,NULL,2024-03-28,16.25,Card,14:03:00
2702,973,3,2,2024-02-24,15,Card,08:37:00
2703,973,2,NULL,2024-03-20,13.25,App,14:29:00
2704,974,3,1,2024-03-13,4.5,Cash,17:53:00
2705,974,1,1,2024-02-23,9.75,Cash,11:29:00
2706,974,3,NULL,2024-02-28,24.75,Card,15:23:00
2707,974,3,2,2024-03-16,11.25,Card,08:49:00
2708,974,1,NULL,2024-03-27,15.5,App,07:05:00
2709,974,3,NULL,2024-02-21,18.5,App,13:21:00
2710,974,3,2,2024-03-27,17.5,App,14:29:00
2711,974,1,1,2024-03-16,9.5,Cash,17:20:00
2712,974,3,NULL,2024-03-11,11,Card,10:56:00
2713,975,2,2,2024-03-25,3,Cash,08:19:00
2714,975,3,1,2024-02-17,9.5,Cash,13:57:00
2715,976,1,NULL,2024-02-28,17.75,Cash,11:59:00
2716,976,2,2,2024-03-14,3.25,Cash,08:33:00
2717,976,2,1,2024-03-30,3.25,App,13:17:00
2718,976,3,NULL,2024-03-22,11.5,Card,07:07:00
2719,976,3,2,2024-02-23,12,Card,17:12:00
2720,978,3,1,2024-02-07,9.25,App,10:02:00
2721,979,3,1,2024-03-16,16.75,Card,16:51:00
2722,980,3,NULL,2024-03-12,2.75,Cash,18:37:00
2723,981,1,NULL,2024-02-09,19.5,Cash,07:40:00
2724,981,2,NULL,2024-02-23,7.5,App,13:38:00
2725,981,2,NULL,2024-02-17,3,App,09:55:00
2726,981,1,1,2024-02-26,18,Card,13:22:00
2727,982,2,NULL,2024-01-30,11.5,Cash,07:06:00
2728,982,1,2,2024-03-12,14,Cash,08:23:00
2729,982,2,2,2024-03-16,2.75,App,10:21:00
2730,982,2,2,2024-02-23,4.75,Card,07:25:00
2731,983,2,NULL,2024-03-30,10,Card,09:57:00
2732,983,2,2,2024-03-08,5.75,Cash,09:33:00
2733,986,1,2,2024-03-20,18.75,Cash,14:52:00
2734,986,3,NULL,2024-03-20,11,App,11:21:00
2735,988,2,1,2024-03-31,14,Card,08:34:00
2736,988,1,NULL,2024-03-31,14.25,App,09:51:00
2737,989,1,1,2024-03-11,6.5,App,08:47:00
2738,989,2,NULL,2024-03-08,6.5,Cash,12:50:00
2739,990,1,NULL,2024-03-16,8,Cash,08:05:00
2740,990,2,NULL,2024-03-25,14.25,Cash,14:09:00
2741,990,2,2,2024-03-31,3.25,App,08:32:00
2742,990,2,2,2024-03-07,7.25,App,09:35:00
2743,991,1,NULL,2024-03-31,14.75,Cash,12:12:00
2744,991,1,NULL,2024-03-31,18.5,Cash,10:14:00
2745,991,2,1,2024-03-29,6,Card,11:18:00
2746,992,3,2,2024-03-28,11,Cash,07:06:00
2747,992,1,NULL,2024-03-26,11,App,10:12:00
2748,992,1,NULL,2024-03-19,20.25,Cash,09:26:00
2749,992,3,NULL,2024-03-17,11,Card,09:12:00
2750,994,3,2,2024-02-13,6.5,Cash,16:14:00
2751,994,2,NULL,2024-01-18,16,Card,07:02:00
2752,994,1,1,2024-02-13,20,Cash,10:32:00
2753,994,1,2,2024-02-13,5.25,Card,13:01:00
2754,994,1,NULL,2024-03-04,8,Card,13:18:00
2755,994,3,NULL,2024-03-25,11.5,Card,15:47:00
2756,994,1,2,2024-02-25,4.5,Card,12:27:00
2757,994,2,NULL,2024-02-20,3.25,Card,09:01:00
2758,994,2,1,2024-01-26,3,Card,15:05:00
2759,994,3,NULL,2024-02-05,9.75,Card,13:17:00
2760,995,3,NULL,2024-03-22,19.5,Card,14:50:00
2761,996,3,NULL,2024-03-31,3.25,Card,17:02:00
2762,996,2,NULL,2024-03-23,7.5,Cash,09:24:00
2763,997,3,NULL,2024-03-22,10.75,App,10:56:00
2764,997,1,NULL,2024-03-29,4.25,Cash,10:50:00
2765,997,3,2,2024-03-31,5.75,Card,11:28:00
2766,998,1,2,2024-03-31,16.75,Card,13:12:00
2767,998,1,1,2024-03-31,16.5,App,16:40:00
2768,999,3,NULL,2024-03-27,20.25,Cash,07:21:00
2769,999,1,2,2024-02-25,10.5,Cash,12:06:00