OrderItemID,OrderID,MenuItemID,Quantity,PriceEach,LineTotal
1,1,1,1,3.0,3.0
2,1,2,1,4.5,4.5
3,2,3,1,4.25,4.25
4,3,4,1,5.25,5.25
5,3,5,1,4.0,4.0
6,3,6,1,2.75,2.75
7,3,5,1,4.0,4.0
8,4,3,1,4.25,4.25
9,5,1,1,3.0,3.0
10,5,1,1,3.0,3.0
11,5,5,1,4.0,4.0
12,6,8,1,6.5,6.5
13,6,9,1,7.0,7.0
14,6,9,1,7.0,7.0
15,7,6,1,2.75,2.75
16,8,1,1,3.0,3.0
17,8,6,1,2.75,2.75
18,9,9,1,7.0,7.0
19,9,6,1,2.75,2.75
20,9,2,1,4.5,4.5
21,9,7,1,3.25,3.25
22,10,6,1,2.75,2.75
23,10,4,1,5.25,5.25
24,10,1,1,3.0,3.0
25,10,5,1,4.0,4.0
26,11,5,1,4.0,4.0
27,12,3,1,4.25,4.25
28,12,7,1,3.25,3.25
29,12,9,1,7.0,7.0
30,13,6,1,2.75,2.75
31,13,10,1,4.75,4.75
32,13,4,1,5.25,5.25
33,14,9,1,7.0,7.0
34,14,4,1,5.25,5.25
35,14,4,1,5.25,5.25
36,14,10,1,4.75,4.75
37,15,2,1,4.5,4.5
38,15,10,1,4.75,4.75
39,15,2,1,4.5,4.5
40,16,3,1,4.25,4.25
41,16,6,1,2.75,2.75
42,17,10,1,4.75,4.75
43,17,8,1,6.5,6.5
44,18,8,1,6.5,6.5
45,18,10,1,4.75,4.75
46,18,1,1,3.0,3.0
47,18,9,1,7.0,7.0
48,19,5,1,4.0,4.0
49,19,1,1,3.0,3.0
50,19,4,1,5.25,5.25
51,19,10,1,4.75,4.75
52,20,8,1,6.5,6.5
53,21,7,1,3.25,3.25
54,21,8,1,6.5,6.5
55,21,7,1,3.25,3.25
56,22,9,1,7.0,7.0
57,22,7,1,3.25,3.25
58,23,1,1,3.0,3.0
59,24,8,1,6.5,6.5
60,24,6,1,2.75,2.75
61,25,7,1,3.25,3.25
62,26,10,1,4.75,4.75
63,27,1,1,3.0,3.0
64,27,7,1,3.25,3.25
65,28,3,1,4.25,4.25
66,29,4,1,5.25,5.25
67,29,5,1,4.0,4.0
68,29,3,1,4.25,4.25
69,30,9,1,7.0,7.0
70,31,1,1,3.0,3.0
71,31,6,1,2.75,2.75
72,31,7,1,3.25,3.25
73,31,9,1,7.0,7.0
74,32,5,1,4.0,4.0
75,32,7,1,3.25,3.25
76,33,5,1,4.0,4.0
77,33,3,1,4.25,4.25
78,34,9,1,7.0,7.0
79,34,9,1,7.0,7.0
80,34,3,1,4.25,4.25
81,34,7,1,3.25,3.25
82,35,8,1,6.5,6.5
83,36,5,1,4.0,4.0
84,37,4,1,5.25,5.25
85,38,4,1,5.25,5.25
86,38,6,1,2.75,2.75
87,38,5,1,4.0,4.0
88,38,1,1,3.0,3.0
89,39,4,1,5.25,5.25
90,39,10,1,4.75,4.75
91,39,4,1,5.25,5.25
92,39,7,1,3.25,3.25
93,40,5,1,4.0,4.0
94,40,5,1,4.0,4.0
95,40,6,1,2.75,2.75
96,41,6,1,2.75,2.75
97,41,4,1,5.25,5.25
98,41,6,1,2.75,2.75
99,41,6,1,2.75,2.75
100,42,1,1,3.0,3.0
101,42,5,1,4.0,4.0
102,43,3,1,4.25,4.25
103,43,4,1,5.25,5.25
104,43,6,1,2.75,2.75
105,44,9,1,7.0,7.0
106,44,6,1,2.75,2.75
107,44,5,1,4.0,4.0
108,44,8,1,6.5,6.5
109,45,3,1,4.25,4.25
110,45,9,1,7.0,7.0
111,46,2,1,4.5,4.5
112,47,2,1,4.5,4.5
113,47,3,1,4.25,4.25
114,48,1,1,3.0,3.0
115,48,1,1,3.0,3.0
116,48,9,1,7.0,7.0
117,48,9,1,7.0,7.0
118,49,1,1,3.0,3.0
119,49,9,1,7.0,7.0
120,49,7,1,3.25,3.25
121,50,4,1,5.25,5.25
122,50,10,1,4.75,4.75
123,51,2,1,4.5,4.5
124,51,6,1,2.75,2.75
125,51,7,1,3.25,3.25
126,51,8,1,6.5,6.5
127,52,2,1,4.5,4.5
128,52,1,1,3.0,3.0
129,52,2,1,4.5,4.5
130,53,1,1,3.0,3.0
131,54,6,1,2.75,2.75
132,54,10,1,4.75,4.75
133,54,2,1,4.5,4.5
134,54,9,1,7.0,7.0
135,55,1,1,3.0,3.0
136,55,2,1,4.5,4.5
137,55,5,1,4.0,4.0
138,56,6,1,2.75,2.75
139,56,1,1,3.0,3.0
140,57,5,1,4.0,4.0
141,58,7,1,3.25,3.25
142,58,3,1,4.25,4.25
143,58,2,1,4.5,4.5
144,59,7,1,3.25,3.25
145,60,8,1,6.5,6.5
146,60,8,1,6.5,6.5
147,60,4,1,5.25,5.25
148,61,10,1,4.75,4.75
149,61,7,1,3.25,3.25
150,62,5,1,4.0,4.0
151,63,6,1,2.75,2.75
152,63,6,1,2.75,2.75
153,63,2,1,4.5,4.5
154,63,2,1,4.5,4.5
155,64,2,1,4.5,4.5
156,64,3,1,4.25,4.25
157,65,10,1,4.75,4.75
158,66,7,1,3.25,3.25
159,66,7,1,3.25,3.25
160,66,2,1,4.5,4.5
161,67,3,1,4.25,4.25
162,67,3,1,4.25,4.25
163,67,5,1,4.0,4.0
164,67,5,1,4.0,4.0
165,68,7,1,3.25,3.25
166,68,5,1,4.0,4.0
167,69,8,1,6.5,6.5
168,69,10,1,4.75,4.75
169,70,5,1,4.0,4.0
170,70,1,1,3.0,3.0
171,71,8,1,6.5,6.5
172,71,6,1,2.75,2.75
173,71,7,1,3.25,3.25
174,72,6,1,2.75,2.75
175,72,10,1,4.75,4.75
176,72,4,1,5.25,5.25
177,73,6,1,2.75,2.75
178,73,7,1,3.25,3.25
179,74,10,1,4.75,4.75
180,74,9,1,7.0,7.0
181,75,5,1,4.0,4.0
182,75,2,1,4.5,4.5
183,75,7,1,3.25,3.25
184,75,8,1,6.5,6.5
185,76,3,1,4.25,4.25
186,76,7,1,3.25,3.25
187,76,7,1,3.25,3.25
188,77,6,1,2.75,2.75
189,78,4,1,5.25,5.25
190,79,6,1,2.75,2.75
191,79,7,1,3.25,3.25
192,79,2,1,4.5,4.5
193,79,1,1,3.0,3.0
194,80,6,1,2.75,2.75
195,80,7,1,3.25,3.25
196,80,8,1,6.5,6.5
197,80,10,1,4.75,4.75
198,81,2,1,4.5,4.5
199,81,5,1,4.0,4.0
200,81,7,1,3.25,3.25
201,81,2,1,4.5,4.5
202,82,4,1,5.25,5.25
203,82,9,1,7.0,7.0
204,82,8,1,6.5,6.5
205,82,6,1,2.75,2.75
206,83,2,1,4.5,4.5
207,83,5,1,4.0,4.0
208,83,1,1,3.0,3.0
209,84,4,1,5.25,5.25
210,84,9,1,7.0,7.0
211,85,8,1,6.5,6.5
212,85,4,1,5.25,5.25
213,85,7,1,3.25,3.25
214,85,3,1,4.25,4.25
215,86,1,1,3.0,3.0
216,86,10,1,4.75,4.75
217,86,4,1,5.25,5.25
218,86,8,1,6.5,6.5
219,87,5,1,4.0,4.0
220,87,2,1,4.5,4.5
221,88,5,1,4.0,4.0
222,89,10,1,4.75,4.75
223,89,7,1,3.25,3.25
224,89,10,1,4.75,4.75
225,89,2,1,4.5,4.5
226,90,3,1,4.25,4.25
227,91,8,1,6.5,6.5
228,91,9,1,7.0,7.0
229,92,3,1,4.25,4.25
230,92,3,1,4.25,4.25
231,92,6,1,2.75,2.75
232,93,8,1,6.5,6.5
233,94,8,1,6.5,6.5
234,94,7,1,3.25,3.25
235,94,8,1,6.5,6.5
236,94,8,1,6.5,6.5
237,95,4,1,5.25,5.25
238,95,9,1,7.0,7.0
239,95,5,1,4.0,4.0
240,96,10,1,4.75,4.75
241,97,7,1,3.25,3.25
242,97,2,1,4.5,4.5
243,98,5,1,4.0,4.0
244,98,6,1,2.75,2.75
245,98,2,1,4.5,4.5
246,98,8,1,6.5,6.5
247,99,3,1,4.25,4.25
248,99,10,1,4.75,4.75
249,99,3,1,4.25,4.25
250,99,4,1,5.25,5.25
251,100,10,1,4.75,4.75
252,100,9,1,7.0,7.0
253,100,3,1,4.25,4.25
254,101,9,1,7.0,7.0
255,101,2,1,4.5,4.5
256,101,3,1,4.25,4.25
257,102,3,1,4.25,4.25
258,102,4,1,5.25,5.25
259,103,10,1,4.75,4.75
260,103,5,1,4.0,4.0
261,104,9,1,7.0,7.0
262,104,5,1,4.0,4.0
263,104,6,1,2.75,2.75
264,104,8,1,6.5,6.5
265,105,8,1,6.5,6.5
266,106,9,1,7.0,7.0
267,107,5,1,4.0,4.0
268,107,6,1,2.75,2.75
269,107,5,1,4.0,4.0
270,107,6,1,2.75,2.75
271,108,2,1,4.5,4.5
272,109,8,1,6.5,6.5
273,109,8,1,6.5,6.5
274,110,5,1,4.0,4.0
275,110,2,1,4.5,4.5
276,111,7,1,3.25,3.25
277,112,2,1,4.5,4.5
278,112,2,1,4.5,4.5
279,112,1,1,3.0,3.0
280,112,4,1,5.25,5.25
281,113,1,1,3.0,3.0
282,113,1,1,3.0,3.0
283,113,6,1,2.75,2.75
284,113,2,1,4.5,4.5
285,114,7,1,3.25,3.25
286,114,2,1,4.5,4.5
287,115,5,1,4.0,4.0
288,115,3,1,4.25,4.25
289,115,7,1,3.25,3.25
290,116,9,1,7.0,7.0
291,117,6,1,2.75,2.75
292,117,4,1,5.25,5.25
293,117,3,1,4.25,4.25
294,117,7,1,3.25,3.25
295,118,2,1,4.5,4.5
296,119,7,1,3.25,3.25
297,119,6,1,2.75,2.75
298,119,3,1,4.25,4.25
299,120,9,1,7.0,7.0
300,120,10,1,4.75,4.75
301,121,9,1,7.0,7.0
302,121,10,1,4.75,4.75
303,122,1,1,3.0,3.0
304,122,4,1,5.25,5.25
305,122,8,1,6.5,6.5
306,123,9,1,7.0,7.0
307,124,6,1,2.75,2.75
308,124,9,1,7.0,7.0
309,124,3,1,4.25,4.25
310,124,8,1,6.5,6.5
311,125,5,1,4.0,4.0
312,126,9,1,7.0,7.0
313,126,7,1,3.25,3.25
314,126,7,1,3.25,3.25
315,127,2,1,4.5,4.5
316,127,5,1,4.0,4.0
317,127,2,1,4.5,4.5
318,128,5,1,4.0,4.0
319,129,2,1,4.5,4.5
320,129,7,1,3.25,3.25
321,130,1,1,3.0,3.0
322,131,6,1,2.75,2.75
323,131,9,1,7.0,7.0
324,131,9,1,7.0,7.0
325,131,5,1,4.0,4.0
326,132,5,1,4.0,4.0
327,132,9,1,7.0,7.0
328,132,2,1,4.5,4.5
329,132,5,1,4.0,4.0
330,133,8,1,6.5,6.5
331,133,9,1,7.0,7.0
332,133,6,1,2.75,2.75
333,133,1,1,3.0,3.0
334,134,5,1,4.0,4.0
335,134,2,1,4.5,4.5
336,135,1,1,3.0,3.0
337,136,3,1,4.25,4.25
338,136,3,1,4.25,4.25
339,136,1,1,3.0,3.0
340,136,9,1,7.0,7.0
341,137,6,1,2.75,2.75
342,137,4,1,5.25,5.25
343,138,10,1,4.75,4.75
344,139,4,1,5.25,5.25
345,139,9,1,7.0,7.0
346,140,5,1,4.0,4.0
347,140,6,1,2.75,2.75
348,140,2,1,4.5,4.5
349,141,5,1,4.0,4.0
350,141,10,1,4.75,4.75
351,142,6,1,2.75,2.75
352,142,10,1,4.75,4.75
353,142,8,1,6.5,6.5
354,142,4,1,5.25,5.25
355,143,7,1,3.25,3.25
356,144,1,1,3.0,3.0
357,144,7,1,3.25,3.25
358,144,5,1,4.0,4.0
359,145,8,1,6.5,6.5
360,145,1,1,3.0,3.0
361,145,3,1,4.25,4.25
362,145,5,1,4.0,4.0
363,146,10,1,4.75,4.75
364,147,10,1,4.75,4.75
365,148,5,1,4.0,4.0
366,148,5,1,4.0,4.0
367,149,8,1,6.5,6.5
368,149,5,1,4.0,4.0
369,149,4,1,5.25,5.25
370,150,2,1,4.5,4.5
371,150,3,1,4.25,4.25
372,151,9,1,7.0,7.0
373,152,5,1,4.0,4.0
374,152,2,1,4.5,4.5
375,152,2,1,4.5,4.5
376,152,3,1,4.25,4.25
377,153,6,1,2.75,2.75
378,153,3,1,4.25,4.25
379,154,3,1,4.25,4.25
380,154,1,1,3.0,3.0
381,154,7,1,3.25,3.25
382,155,8,1,6.5,6.5
383,156,4,1,5.25,5.25
384,157,10,1,4.75,4.75
385,158,4,1,5.25,5.25
386,159,2,1,4.5,4.5
387,159,1,1,3.0,3.0
388,159,8,1,6.5,6.5
389,160,8,1,6.5,6.5
390,160,1,1,3.0,3.0
391,160,7,1,3.25,3.25
392,160,7,1,3.25,3.25
393,161,5,1,4.0,4.0
394,161,8,1,6.5,6.5
395,162,5,1,4.0,4.0
396,163,9,1,7.0,7.0
397,163,1,1,3.0,3.0
398,164,6,1,2.75,2.75
399,164,10,1,4.75,4.75
400,164,9,1,7.0,7.0
401,164,6,1,2.75,2.75
402,165,10,1,4.75,4.75
403,165,4,1,5.25,5.25
404,165,1,1,3.0,3.0
405,166,10,1,4.75,4.75
406,166,4,1,5.25,5.25
407,166,3,1,4.25,4.25
408,167,10,1,4.75,4.75
409,167,7,1,3.25,3.25
410,168,6,1,2.75,2.75
411,168,10,1,4.75,4.75
412,168,1,1,3.0,3.0
413,169,9,1,7.0,7.0
414,169,5,1,4.0,4.0
415,169,3,1,4.25,4.25
416,169,8,1,6.5,6.5
417,170,1,1,3.0,3.0
418,170,9,1,7.0,7.0
419,171,6,1,2.75,2.75
420,171,3,1,4.25,4.25
421,172,2,1,4.5,4.5
422,172,9,1,7.0,7.0
423,173,6,1,2.75,2.75
424,174,8,1,6.5,6.5
425,174,6,1,2.75,2.75
426,174,3,1,4.25,4.25
427,174,9,1,7.0,7.0
428,175,5,1,4.0,4.0
429,175,5,1,4.0,4.0
430,175,3,1,4.25,4.25
431,175,3,1,4.25,4.25
432,176,3,1,4.25,4.25
433,177,3,1,4.25,4.25
434,177,6,1,2.75,2.75
435,177,2,1,4.5,4.5
436,177,4,1,5.25,5.25
437,178,8,1,6.5,6.5
438,178,1,1,3.0,3.0
439,178,5,1,4.0,4.0
440,179,5,1,4.0,4.0
441,179,2,1,4.5,4.5
442,179,1,1,3.0,3.0
443,180,7,1,3.25,3.25
444,180,8,1,6.5,6.5
445,181,8,1,6.5,6.5
446,182,1,1,3.0,3.0
447,182,6,1,2.75,2.75
448,182,5,1,4.0,4.0
449,183,3,1,4.25,4.25
450,183,2,1,4.5,4.5
451,183,9,-1,7.0,7.0
452,183,2,1,4.5,4.5
453,184,10,1,4.75,4.75
454,184,7,1,3.25,3.25
455,185,4,1,5.25,5.25
456,185,7,1,3.25,3.25
457,186,1,1,3.0,3.0
458,187,1,1,3.0,3.0
459,187,6,1,2.75,2.75
460,188,4,1,5.25,5.25
461,188,2,1,4.5,4.5
462,188,1,1,3.0,3.0
463,188,4,1,5.25,5.25
464,189,8,1,6.5,6.5
465,189,8,1,6.5,6.5
466,189,5,1,4.0,4.0
467,189,2,1,4.5,4.5
468,190,8,1,6.5,6.5
469,190,1,1,3.0,3.0
470,191,5,1,4.0,4.0
471,191,10,1,4.75,4.75
472,192,6,1,2.75,2.75
473,193,7,1,3.25,3.25
474,194,5,1,4.0,4.0
475,194,2,1,4.5,4.5
476,194,7,1,3.25,3.25
477,194,1,1,3.0,3.0
478,195,8,1,6.5,6.5
479,196,1,1,3.0,3.0
480,196,7,1,3.25,3.25
481,197,10,1,4.75,4.75
482,197,5,1,4.0,4.0
483,198,9,1,7.0,7.0
484,198,7,1,3.25,3.25
485,198,9,1,7.0,7.0
486,198,6,1,2.75,2.75
487,199,2,1,4.5,4.5
488,199,7,1,3.25,3.25
489,199,3,1,4.25,4.25
490,199,3,1,4.25,4.25
491,200,10,1,4.75,4.75
492,201,8,1,6.5,6.5
493,201,10,1,4.75,4.75
494,201,10,1,4.75,4.75
495,201,8,1,6.5,6.5
496,202,10,1,4.75,4.75
497,202,10,1,4.75,4.75
498,203,1,1,3.0,3.0
499,203,8,1,6.5,6.5
500,204,8,1,6.5,6.5
501,204,2,1,4.5,4.5
502,204,4,1,5.25,5.25
503,205,5,1,4.0,4.0
504,205,7,1,3.25,3.25
505,205,10,1,4.75,4.75
506,206,7,1,3.25,3.25
507,206,8,1,6.5,6.5
508,207,2,1,4.5,4.5
509,207,5,1,4.0,4.0
510,208,3,1,4.25,4.25
511,209,8,1,6.5,6.5
512,210,2,1,4.5,4.5
513,210,1,1,3.0,3.0
514,210,4,1,5.25,5.25
515,210,6,1,2.75,2.75
516,211,3,1,4.25,4.25
517,211,5,1,4.0,4.0
518,211,2,1,4.5,4.5
519,212,10,1,4.75,4.75
520,212,4,1,5.25,5.25
521,213,7,1,3.25,3.25
522,213,9,1,7.0,7.0
523,213,1,1,3.0,3.0
524,214,4,1,5.25,5.25
525,215,7,1,3.25,3.25
526,215,6,1,2.75,2.75
527,215,8,1,6.5,6.5
528,215,5,1,4.0,4.0
529,216,1,1,3.0,3.0
530,217,2,1,4.5,4.5
531,217,8,1,6.5,6.5
532,217,2,1,4.5,4.5
533,218,5,1,4.0,4.0
534,218,5,1,4.0,4.0
535,218,4,1,5.25,5.25
536,219,6,1,2.75,2.75
537,219,3,1,4.25,4.25
538,219,1,1,3.0,3.0
539,219,8,1,6.5,6.5
540,220,6,1,2.75,2.75
541,220,4,1,5.25,5.25
542,221,9,1,7.0,7.0
543,221,5,1,4.0,4.0
544,221,3,1,4.25,4.25
545,222,2,1,4.5,4.5
546,222,8,1,6.5,6.5
547,222,3,1,4.25,4.25
548,223,2,1,4.5,4.5
549,223,4,1,5.25,5.25
550,223,6,1,2.75,2.75
551,224,6,1,2.75,2.75
552,224,5,1,4.0,4.0
553,224,10,1,4.75,4.75
554,225,10,1,4.75,4.75
555,226,9,1,7.0,7.0
556,226,5,1,4.0,4.0
557,226,7,1,3.25,3.25
558,226,1,1,3.0,3.0
559,227,3,1,4.25,4.25
560,227,6,1,2.75,2.75
561,227,3,1,4.25,4.25
562,227,2,1,4.5,4.5
563,228,1,1,3.0,3.0
564,228,1,1,3.0,3.0
565,228,8,1,6.5,6.5
566,229,2,1,4.5,4.5
567,229,3,1,4.25,4.25
568,229,10,1,4.75,4.75
569,229,7,1,3.25,3.25
570,230,7,1,3.25,3.25
571,230,1,1,3.0,3.0
572,230,1,1,3.0,3.0
573,230,9,1,7.0,7.0
574,231,9,1,7.0,7.0
575,231,4,1,5.25,5.25
576,231,1,1,3.0,3.0
577,232,2,1,4.5,4.5
578,232,7,1,3.25,3.25
579,233,1,1,3.0,3.0
580,234,3,1,4.25,4.25
581,234,6,1,2.75,2.75
582,234,8,1,6.5,6.5
583,234,6,1,2.75,2.75
584,235,3,1,4.25,4.25
585,235,4,1,5.25,5.25
586,236,6,1,2.75,2.75
587,237,2,1,4.5,4.5
588,238,7,1,3.25,3.25
589,238,2,1,4.5,4.5
590,238,9,1,7.0,7.0
591,238,5,1,4.0,4.0
592,239,7,1,3.25,3.25
593,239,2,1,4.5,4.5
594,239,9,1,7.0,7.0
595,240,2,1,4.5,4.5
596,240,9,1,7.0,7.0
597,240,10,1,4.75,4.75
598,240,2,1,4.5,4.5
599,241,5,1,4.0,4.0
600,241,3,1,4.25,4.25
601,241,1,1,3.0,3.0
602,241,9,1,7.0,7.0
603,242,4,1,5.25,5.25
604,242,1,1,3.0,3.0
605,242,1,1,3.0,3.0
606,243,9,1,7.0,7.0
607,244,5,1,4.0,4.0
608,244,5,1,4.0,4.0
609,244,8,1,6.5,6.5
610,244,1,1,3.0,3.0
611,245,6,1,2.75,2.75
612,245,7,1,3.25,3.25
613,245,2,1,4.5,4.5
614,246,6,1,2.75,2.75
615,247,7,1,3.25,3.25
616,247,8,1,6.5,6.5
617,247,5,1,4.0,4.0
618,247,7,1,3.25,3.25
619,248,3,1,4.25,4.25
620,249,7,1,3.25,3.25
621,250,10,1,4.75,4.75
622,250,7,1,3.25,3.25
623,251,8,1,6.5,6.5
624,251,8,1,6.5,6.5
625,252,1,1,3.0,3.0
626,252,9,1,7.0,7.0
627,252,10,1,4.75,4.75
628,253,4,1,5.25,5.25
629,253,8,1,6.5,6.5
630,253,6,1,2.75,2.75
631,253,7,1,3.25,3.25
632,254,3,1,4.25,4.25
633,255,4,1,5.25,5.25
634,255,6,1,2.75,2.75
635,255,5,1,4.0,4.0
636,256,4,1,5.25,5.25
637,256,2,1,4.5,4.5
638,256,8,1,6.5,6.5
639,256,8,1,6.5,6.5
640,257,6,1,2.75,2.75
641,257,2,1,4.5,4.5
642,257,8,1,6.5,6.5
643,257,1,1,3.0,3.0
644,258,2,1,4.5,4.5
645,259,6,1,2.75,2.75
646,259,1,1,3.0,3.0
647,259,4,1,5.25,5.25
648,260,8,1,6.5,6.5
649,260,2,1,4.5,4.5
650,260,2,1,4.5,4.5
651,261,5,1,4.0,4.0
652,261,9,1,7.0,7.0
653,261,9,1,7.0,7.0
654,262,2,1,4.5,4.5
655,262,7,1,3.25,3.25
656,263,7,1,3.25,3.25
657,264,8,1,6.5,6.5
658,264,10,1,4.75,4.75
659,264,9,1,7.0,7.0
660,264,3,1,4.25,4.25
661,265,10,1,4.75,4.75
662,265,8,1,6.5,6.5
663,265,9,1,7.0,7.0
664,265,3,1,4.25,4.25
665,266,9,1,7.0,7.0
666,266,7,1,3.25,3.25
667,266,7,1,3.25,3.25
668,267,6,1,2.75,2.75
669,267,5,1,4.0,4.0
670,267,8,1,6.5,6.5
671,267,3,1,4.25,4.25
672,268,4,1,5.25,5.25
673,268,4,1,5.25,5.25
674,269,9,1,7.0,7.0
675,269,9,1,7.0,7.0
676,270,9,1,7.0,7.0
677,270,5,1,4.0,4.0
678,270,7,1,3.25,3.25
679,270,1,1,3.0,3.0
680,271,1,1,3.0,3.0
681,271,1,1,3.0,3.0
682,272,3,1,4.25,4.25
683,272,1,1,3.0,3.0
684,272,5,1,4.0,4.0
685,273,9,1,7.0,7.0
686,273,7,1,3.25,3.25
687,274,7,1,3.25,3.25
688,275,4,1,5.25,5.25
689,275,10,1,4.75,4.75
690,275,8,1,6.5,6.5
691,276,4,1,5.25,5.25
692,276,5,1,4.0,4.0
693,277,1,-1,3.0,3.0
694,277,7,1,3.25,3.25
695,277,5,1,4.0,4.0
696,277,9,1,7.0,7.0
697,278,3,1,4.25,4.25
698,279,10,1,4.75,4.75
699,279,9,1,7.0,7.0
700,279,6,1,2.75,2.75
701,279,2,1,4.5,4.5
702,280,9,1,7.0,7.0
703,280,2,1,4.5,4.5
704,281,6,1,2.75,2.75
705,282,6,1,2.75,2.75
706,282,5,1,4.0,4.0
707,282,4,1,5.25,5.25
708,283,6,1,2.75,2.75
709,284,6,1,2.75,2.75
710,285,1,1,3.0,3.0
711,285,9,1,7.0,7.0
712,285,6,1,2.75,2.75
713,286,5,1,4.0,4.0
714,287,3,1,4.25,4.25
715,288,4,1,5.25,5.25
716,288,7,1,3.25,3.25
717,289,3,1,4.25,4.25
718,290,2,1,4.5,4.5
719,291,7,1,3.25,3.25
720,291,7,1,3.25,3.25
721,291,6,1,2.75,2.75
722,291,1,1,3.0,3.0
723,292,6,1,2.75,2.75
724,293,8,1,6.5,6.5
725,293,7,1,3.25,3.25
726,293,7,1,3.25,3.25
727,294,7,1,3.25,3.25
728,294,9,1,7.0,7.0
729,295,1,1,3.0,3.0
730,295,9,1,7.0,7.0
731,295,9,1,7.0,7.0
732,296,9,1,7.0,7.0
733,296,9,1,7.0,7.0
734,296,2,1,4.5,4.5
735,296,5,1,4.0,4.0
736,297,3,1,4.25,4.25
737,297,3,1,4.25,4.25
738,298,3,1,4.25,4.25
739,299,2,1,4.5,4.5
740,299,5,1,4.0,4.0
741,299,2,1,4.5,4.5
742,300,2,1,4.5,4.5
743,300,5,1,4.0,4.0
744,301,8,1,6.5,6.5
745,301,6,1,2.75,2.75
746,301,10,1,4.75,4.75
747,301,5,1,4.0,4.0
748,302,3,1,4.25,4.25
749,302,1,1,3.0,3.0
750,302,6,1,2.75,2.75
751,302,4,1,5.25,5.25
752,303,6,1,2.75,2.75
753,303,3,1,4.25,4.25
754,303,6,1,2.75,2.75
755,304,3,1,4.25,4.25
756,305,9,1,7.0,7.0
757,305,4,1,5.25,5.25
758,306,1,1,3.0,3.0
759,307,1,1,3.0,3.0
760,307,9,1,7.0,7.0
761,308,6,1,2.75,2.75
762,308,7,1,3.25,3.25
763,309,8,1,6.5,6.5
764,309,9,1,7.0,7.0
765,310,4,1,5.25,5.25
766,311,3,1,4.25,4.25
767,311,10,1,4.75,4.75
768,312,1,1,3.0,3.0
769,312,4,1,5.25,5.25
770,312,8,1,6.5,6.5
771,313,1,1,3.0,3.0
772,313,4,1,5.25,5.25
773,314,1,1,3.0,3.0
774,315,10,1,4.75,4.75
775,315,9,1,7.0,7.0
776,315,10,1,4.75,4.75
777,316,10,1,4.75,4.75
778,316,2,1,4.5,4.5
779,316,9,1,7.0,7.0
780,317,6,1,2.75,2.75
781,317,8,1,6.5,6.5
782,317,8,1,6.5,6.5
783,318,4,1,5.25,5.25
784,318,2,1,4.5,4.5
785,319,3,1,4.25,4.25
786,319,3,1,4.25,4.25
787,320,7,1,3.25,3.25
788,320,6,1,2.75,2.75
789,321,1,1,3.0,3.0
790,321,4,1,5.25,5.25
791,321,1,1,3.0,3.0
792,321,3,1,4.25,4.25
793,322,10,1,4.75,4.75
794,323,9,1,7.0,7.0
795,323,7,1,3.25,3.25
796,324,2,1,4.5,4.5
797,324,4,1,5.25,5.25
798,324,8,1,6.5,6.5
799,325,10,1,4.75,4.75
800,325,3,1,4.25,4.25
801,325,10,1,4.75,4.75
802,325,3,1,4.25,4.25
803,326,6,1,2.75,2.75
804,326,8,1,6.5,6.5
805,327,7,1,3.25,3.25
806,327,3,1,4.25,4.25
807,327,2,1,4.5,4.5
808,327,1,1,3.0,3.0
809,328,10,1,4.75,4.75
810,328,2,1,4.5,4.5
811,329,8,1,6.5,6.5
812,330,9,1,7.0,7.0
813,330,7,1,3.25,3.25
814,330,6,1,2.75,2.75
815,330,1,1,3.0,3.0
816,331,7,1,3.25,3.25
817,332,5,1,4.0,4.0
818,333,1,1,3.0,3.0
819,333,1,1,3.0,3.0
820,334,4,1,5.25,5.25
821,334,6,1,2.75,2.75
822,334,7,1,3.25,3.25
823,334,6,1,2.75,2.75
824,335,10,1,4.75,4.75
825,335,6,1,2.75,2.75
826,335,10,1,4.75,4.75
827,335,5,1,4.0,4.0
828,336,6,1,2.75,2.75
829,336,9,1,7.0,7.0
830,337,7,1,3.25,3.25
831,337,3,1,4.25,4.25
832,337,2,1,4.5,4.5
833,338,4,1,5.25,5.25
834,339,7,1,3.25,3.25
835,339,1,1,3.0,3.0
836,340,2,1,4.5,4.5
837,341,7,1,3.25,3.25
838,342,3,1,4.25,4.25
839,343,1,1,3.0,3.0
840,343,10,1,4.75,4.75
841,344,1,1,3.0,3.0
842,344,6,1,2.75,2.75
843,345,5,1,4.0,4.0
844,346,10,1,4.75,4.75
845,346,4,1,5.25,5.25
846,346,9,1,7.0,7.0
847,346,1,1,3.0,3.0
848,347,5,1,4.0,4.0
849,347,4,1,5.25,5.25
850,347,10,1,4.75,4.75
851,348,7,1,3.25,3.25
852,348,9,1,7.0,7.0
853,349,2,1,4.5,4.5
854,349,9,1,7.0,7.0
855,349,5,1,4.0,4.0
856,350,7,1,3.25,3.25
857,350,10,1,4.75,4.75
858,350,8,1,6.5,6.5
859,350,4,1,5.25,5.25
860,351,8,1,6.5,6.5
861,352,4,1,5.25,5.25
862,352,6,1,2.75,2.75
863,353,4,1,5.25,5.25
864,353,5,1,4.0,4.0
865,353,2,1,4.5,4.5
866,354,9,1,7.0,7.0
867,355,4,1,5.25,5.25
868,355,8,1,6.5,6.5
869,356,4,1,5.25,5.25
870,356,4,1,5.25,5.25
871,356,4,1,5.25,5.25
872,357,2,1,4.5,4.5
873,358,9,1,7.0,7.0
874,359,10,1,4.75,4.75
875,359,5,1,4.0,4.0
876,359,8,1,6.5,6.5
877,359,3,1,4.25,4.25
878,360,1,1,3.0,3.0
879,360,9,1,7.0,7.0
880,361,7,1,3.25,3.25
881,361,3,1,4.25,4.25
882,361,8,1,6.5,6.5
883,362,4,1,5.25,5.25
884,363,10,1,4.75,4.75
885,363,5,1,4.0,4.0
886,363,3,1,4.25,4.25
887,364,10,1,4.75,4.75
888,364,6,1,2.75,2.75
889,364,6,1,2.75,2.75
890,364,3,1,4.25,4.25
891,365,6,1,2.75,2.75
892,365,7,1,3.25,3.25
893,365,5,1,4.0,4.0
894,366,2,1,4.5,4.5
895,366,5,1,4.0,4.0
896,367,3,1,4.25,4.25
897,367,3,1,4.25,4.25
898,368,3,1,4.25,4.25
899,368,9,1,7.0,7.0
900,368,9,1,7.0,7.0
901,368,6,1,2.75,2.75
902,369,2,1,4.5,4.5
903,369,3,1,4.25,4.25
904,369,1,1,3.0,3.0
905,369,4,1,5.25,5.25
906,370,6,1,2.75,2.75
907,370,5,1,4.0,4.0
908,370,6,1,2.75,2.75
909,370,6,1,2.75,2.75
910,371,10,1,4.75,4.75
911,371,4,1,5.25,5.25
912,371,10,1,4.75,4.75
913,372,6,1,2.75,2.75
914,372,6,1,2.75,2.75
915,372,9,1,7.0,7.0
916,373,10,1,4.75,4.75
917,373,5,1,4.0,4.0
918,373,8,1,6.5,6.5
919,373,3,1,4.25,4.25
920,374,2,1,4.5,4.5
921,375,5,1,4.0,4.0
922,375,5,1,4.0,4.0
923,375,10,1,4.75,4.75
924,376,10,1,4.75,4.75
925,376,9,1,7.0,7.0
926,376,8,1,6.5,6.5
927,377,4,1,5.25,5.25
928,377,5,1,4.0,4.0
929,378,3,1,4.25,4.25
930,378,7,1,3.25,3.25
931,379,1,1,3.0,3.0
932,380,5,1,4.0,4.0
933,381,4,1,5.25,5.25
934,381,4,1,5.25,5.25
935,381,5,1,4.0,4.0
936,382,1,1,3.0,3.0
937,382,1,1,3.0,3.0
938,383,3,1,4.25,4.25
939,383,9,1,7.0,7.0
940,383,3,1,4.25,4.25
941,383,10,1,4.75,4.75
942,384,6,1,2.75,2.75
943,384,8,1,6.5,6.5
944,384,9,1,7.0,7.0
945,385,7,1,3.25,3.25
946,385,5,1,4.0,4.0
947,385,3,1,4.25,4.25
948,386,8,1,6.5,6.5
949,386,5,1,4.0,4.0
950,386,1,1,3.0,3.0
951,386,7,1,3.25,3.25
952,387,4,1,5.25,5.25
953,387,7,1,3.25,3.25
954,387,9,1,7.0,7.0
955,388,4,1,5.25,5.25
956,388,5,1,4.0,4.0
957,388,2,1,4.5,4.5
958,388,7,1,3.25,3.25
959,389,9,1,7.0,7.0
960,389,5,1,4.0,4.0
961,389,7,1,3.25,3.25
962,390,10,1,4.75,4.75
963,390,8,1,6.5,6.5
964,390,4,1,5.25,5.25
965,391,3,1,4.25,4.25
966,391,8,1,6.5,6.5
967,391,1,1,3.0,3.0
968,392,4,1,5.25,5.25
969,392,6,1,2.75,2.75
970,392,7,1,3.25,3.25
971,392,5,1,4.0,4.0
972,393,2,1,4.5,4.5
973,393,3,1,4.25,4.25
974,393,1,1,3.0,3.0
975,394,4,1,5.25,5.25
976,394,5,1,4.0,4.0
977,395,8,1,6.5,6.5
978,395,4,1,5.25,5.25
979,395,1,1,3.0,3.0
980,395,4,1,5.25,5.25
981,396,7,1,3.25,3.25
982,396,5,1,4.0,4.0
983,396,6,1,2.75,2.75
984,396,3,1,4.25,4.25
985,397,8,1,6.5,6.5
986,397,5,1,4.0,4.0
987,397,4,1,5.25,5.25
988,398,1,1,3.0,3.0
989,398,3,1,4.25,4.25
990,398,5,1,4.0,4.0
991,399,1,1,3.0,3.0
992,400,2,1,4.5,4.5
993,400,4,1,5.25,5.25
994,400,3,1,4.25,4.25
995,401,1,1,3.0,3.0
996,402,8,1,6.5,6.5
997,402,4,1,5.25,5.25
998,403,7,1,3.25,3.25
999,404,8,1,6.5,6.5
1000,405,9,1,7.0,7.0
1001,405,6,1,2.75,2.75
1002,406,2,1,4.5,4.5
1003,406,9,1,7.0,7.0
1004,407,8,1,6.5,6.5
1005,407,1,1,3.0,3.0
1006,407,9,1,7.0,7.0
1007,408,9,1,7.0,7.0
1008,409,10,1,4.75,4.75
1009,409,5,1,4.0,4.0
1010,410,2,1,4.5,4.5
1011,411,4,1,5.25,5.25
1012,412,10,1,4.75,4.75
1013,413,6,1,2.75,2.75
1014,414,4,1,5.25,5.25
1015,415,9,1,7.0,7.0
1016,415,7,1,3.25,3.25
1017,415,6,1,2.75,2.75
1018,416,5,1,4.0,4.0
1019,417,4,1,5.25,5.25
1020,417,9,1,7.0,7.0
1021,418,2,1,4.5,4.5
1022,418,10,1,4.75,4.75
1023,418,6,1,2.75,2.75
1024,418,8,1,6.5,6.5
1025,419,3,1,4.25,4.25
1026,419,9,1,7.0,7.0
1027,420,6,1,2.75,2.75
1028,420,6,1,2.75,2.75
1029,420,9,1,7.0,7.0
1030,420,6,1,2.75,2.75
1031,421,10,1,4.75,4.75
1032,421,9,1,7.0,7.0
1033,422,8,1,6.5,6.5
1034,422,8,1,6.5,6.5
1035,422,7,1,3.25,3.25
1036,423,9,1,7.0,7.0
1037,424,4,1,5.25,5.25
1038,424,6,1,2.75,2.75
1039,425,1,1,3.0,3.0
1040,426,6,1,2.75,2.75
1041,426,10,1,4.75,4.75
1042,426,4,1,5.25,5.25
1043,427,10,1,4.75,4.75
1044,427,4,1,5.25,5.25
1045,427,2,1,4.5,4.5
1046,427,6,1,2.75,2.75
1047,428,1,1,3.0,3.0
1048,428,10,1,4.75,4.75
1049,428,7,1,3.25,3.25
1050,429,7,1,3.25,3.25
1051,429,2,1,4.5,4.5
1052,429,4,1,5.25,5.25
1053,429,10,1,4.75,4.75
1054,430,9,1,7.0,7.0
1055,430,1,1,3.0,3.0
1056,430,6,1,2.75,2.75
1057,431,3,1,4.25,4.25
1058,431,1,1,3.0,3.0
1059,432,4,1,5.25,5.25
1060,433,6,1,2.75,2.75
1061,433,2,1,4.5,4.5
1062,434,5,1,4.0,4.0
1063,434,2,1,4.5,4.5
1064,434,7,1,3.25,3.25
1065,434,9,1,7.0,7.0
1066,435,9,1,7.0,7.0
1067,435,4,1,5.25,5.25
1068,435,8,1,6.5,6.5
1069,435,7,1,3.25,3.25
1070,436,2,1,4.5,4.5
1071,436,5,1,4.0,4.0
1072,437,7,1,3.25,3.25
1073,438,6,1,2.75,2.75
1074,438,10,1,4.75,4.75
1075,438,1,1,3.0,3.0
1076,439,1,1,3.0,3.0
1077,439,4,1,5.25,5.25
1078,439,4,1,5.25,5.25
1079,439,6,1,2.75,2.75
1080,440,4,1,5.25,5.25
1081,441,8,1,6.5,6.5
1082,441,8,1,6.5,6.5
1083,441,1,1,3.0,3.0
1084,442,9,1,7.0,7.0
1085,442,9,1,7.0,7.0
1086,443,7,1,3.25,3.25
1087,444,3,1,4.25,4.25
1088,444,1,1,3.0,3.0
1089,444,5,1,4.0,4.0
1090,445,8,1,6.5,6.5
1091,446,2,1,4.5,4.5
1092,446,1,1,3.0,3.0
1093,446,5,1,4.0,4.0
1094,447,8,1,6.5,6.5
1095,447,10,1,4.75,4.75
1096,447,9,1,7.0,7.0
1097,448,1,1,3.0,3.0
1098,449,7,1,3.25,3.25
1099,449,3,1,4.25,4.25
1100,449,1,1,3.0,3.0
1101,449,6,1,2.75,2.75
1102,450,9,1,7.0,7.0
1103,450,5,1,4.0,4.0
1104,451,9,1,7.0,7.0
1105,452,3,1,4.25,4.25
1106,452,2,1,4.5,4.5
1107,452,7,1,3.25,3.25
1108,452,9,1,7.0,7.0
1109,453,5,1,4.0,4.0
1110,453,10,1,4.75,4.75
1111,453,6,1,2.75,2.75
1112,453,8,1,6.5,6.5
1113,454,3,1,4.25,4.25
1114,454,5,1,4.0,4.0
1115,455,99999,1,4.5,4.5
1116,455,9,1,7.0,7.0
1117,455,9,1,7.0,7.0
1118,456,7,1,3.25,3.25
1119,456,7,1,3.25,3.25
1120,456,5,1,4.0,4.0
1121,457,4,1,5.25,5.25
1122,457,2,1,4.5,4.5
1123,458,10,1,4.75,4.75
1124,458,4,1,5.25,5.25
1125,459,8,1,6.5,6.5
1126,460,7,1,3.25,3.25
1127,460,8,1,6.5,6.5
1128,461,1,1,3.0,3.0
1129,461,7,1,3.25,3.25
1130,462,2,1,4.5,4.5
1131,462,3,1,4.25,4.25
1132,463,4,1,5.25,5.25
1133,463,7,1,3.25,3.25
1134,463,7,1,3.25,3.25
1135,463,1,1,3.0,3.0
1136,464,10,1,4.75,4.75
1137,464,10,1,4.75,4.75
1138,464,10,1,4.75,4.75
1139,464,9,1,7.0,7.0
1140,465,8,1,6.5,6.5
1141,466,9,1,7.0,7.0
1142,467,5,1,4.0,4.0
1143,467,8,1,6.5,6.5
1144,468,7,1,3.25,3.25
1145,468,5,1,4.0,4.0
1146,469,8,1,6.5,6.5
1147,469,2,1,4.5,4.5
1148,469,9,1,7.0,7.0
1149,469,2,1,4.5,4.5
1150,470,6,1,2.75,2.75
1151,470,8,1,6.5,6.5
1152,470,1,1,3.0,3.0
1153,470,3,1,4.25,4.25
1154,471,2,1,4.5,4.5
1155,471,5,1,4.0,4.0
1156,471,6,1,2.75,2.75
1157,471,3,1,4.25,4.25
1158,472,2,1,4.5,4.5
1159,472,9,1,7.0,7.0
1160,472,7,1,3.25,3.25
1161,473,6,1,2.75,2.75
1162,473,10,1,4.75,4.75
1163,474,7,1,3.25,3.25
1164,475,3,1,4.25,4.25
1165,476,8,1,6.5,6.5
1166,477,4,1,5.25,5.25
1167,477,10,1,4.75,4.75
1168,478,2,1,4.5,4.5
1169,478,10,1,4.75,4.75
1170,478,10,1,4.75,4.75
1171,478,1,1,3.0,3.0
1172,479,3,1,4.25,4.25
1173,480,3,1,4.25,4.25
1174,481,1,1,3.0,3.0
1175,482,10,1,4.75,4.75
1176,482,10,1,4.75,4.75
1177,482,10,1,4.75,4.75
1178,483,2,1,4.5,4.5
1179,484,7,1,3.25,3.25
1180,485,2,1,4.5,4.5
1181,485,5,1,4.0,4.0
1182,486,10,1,4.75,4.75
1183,486,1,1,3.0,3.0
1184,487,10,1,4.75,4.75
1185,487,5,1,4.0,4.0
1186,487,7,1,3.25,3.25
1187,487,10,1,4.75,4.75
1188,488,10,1,4.75,4.75
1189,488,10,1,4.75,4.75
1190,489,3,1,4.25,4.25
1191,489,10,1,4.75,4.75
1192,489,4,1,5.25,5.25
1193,489,5,1,4.0,4.0
1194,490,10,1,4.75,4.75
1195,490,7,1,3.25,3.25
1196,491,1,1,3.0,3.0
1197,491,4,1,5.25,5.25
1198,492,5,1,4.0,4.0
1199,492,9,1,7.0,7.0
1200,492,9,1,7.0,7.0
1201,493,7,1,3.25,3.25
1202,493,10,1,4.75,4.75
1203,493,10,1,4.75,4.75
1204,494,8,1,6.5,6.5
1205,494,1,1,3.0,3.0
1206,494,3,1,4.25,4.25
1207,494,8,1,6.5,6.5
1208,495,7,1,3.25,3.25
1209,495,1,1,3.0,3.0
1210,495,9,1,7.0,7.0
1211,495,5,1,4.0,4.0
1212,496,4,1,5.25,5.25
1213,497,3,1,4.25,4.25
1214,498,10,1,4.75,4.75
1215,498,10,1,4.75,4.75
1216,499,6,1,2.75,2.75
1217,499,1,1,3.0,3.0
1218,499,5,1,4.0,4.0
1219,500,8,1,6.5,6.5
1220,500,5,1,4.0,4.0
1221,500,4,1,5.25,5.25
1222,501,1,1,3.0,3.0
1223,501,4,1,5.25,5.25
1224,501,2,1,4.5,4.5
1225,502,4,1,5.25,5.25
1226,502,6,1,2.75,2.75
1227,503,3,1,4.25,4.25
1228,503,2,1,4.5,4.5
1229,503,9,1,7.0,7.0
1230,504,9,1,7.0,7.0
1231,504,2,1,4.5,4.5
1232,504,1,1,3.0,3.0
1233,504,5,1,4.0,4.0
1234,505,8,1,6.5,6.5
1235,505,1,1,3.0,3.0
1236,505,2,1,4.5,4.5
1237,506,4,1,5.25,5.25
1238,506,4,1,5.25,5.25
1239,506,5,1,4.0,4.0
1240,507,5,1,4.0,4.0
1241,508,10,1,4.75,4.75
1242,509,3,1,4.25,4.25
1243,509,5,1,4.0,4.0
1244,509,10,1,4.75,4.75
1245,510,8,1,6.5,6.5
1246,511,7,1,3.25,3.25
1247,511,3,1,4.25,4.25
1248,511,10,1,4.75,4.75
1249,511,10,1,4.75,4.75
1250,512,5,1,4.0,4.0
1251,512,6,1,2.75,2.75
1252,512,4,1,5.25,5.25
1253,513,8,1,6.5,6.5
1254,514,4,1,5.25,5.25
1255,514,4,1,5.25,5.25
1256,514,3,1,4.25,4.25
1257,514,10,1,4.75,4.75
1258,515,8,1,6.5,6.5
1259,515,8,1,6.5,6.5
1260,515,1,1,3.0,3.0
1261,516,9,1,7.0,7.0
1262,516,2,1,4.5,4.5
1263,517,9,1,7.0,7.0
1264,517,8,1,6.5,6.5
1265,517,7,1,3.25,3.25
1266,518,2,1,4.5,4.5
1267,518,6,1,2.75,2.75
1268,518,4,1,5.25,5.25
1269,518,10,1,4.75,4.75
1270,519,3,1,4.25,4.25
1271,519,2,1,4.5,4.5
1272,520,9,1,7.0,7.0
1273,520,2,1,4.5,4.5
1274,520,8,1,6.5,6.5
1275,521,10,1,4.75,4.75
1276,522,4,1,5.25,5.25
1277,523,3,1,4.25,4.25
1278,523,8,1,6.5,6.5
1279,524,6,1,2.75,2.75
1280,524,5,1,4.0,4.0
1281,525,2,1,4.5,4.5
1282,525,10,1,4.75,4.75
1283,525,1,1,3.0,3.0
1284,526,1,1,3.0,3.0
1285,526,6,1,2.75,2.75
1286,526,9,1,7.0,7.0
1287,527,5,1,4.0,4.0
1288,528,7,1,3.25,3.25
1289,528,7,1,3.25,3.25
1290,528,7,1,3.25,3.25
1291,529,3,1,4.25,4.25
1292,529,4,1,5.25,5.25
1293,529,9,1,7.0,7.0
1294,529,7,1,3.25,3.25
1295,530,3,1,4.25,4.25
1296,530,1,1,3.0,3.0
1297,531,7,1,3.25,3.25
1298,531,3,1,4.25,4.25
1299,531,2,1,4.5,4.5
1300,531,3,1,4.25,4.25
1301,532,8,1,6.5,6.5
1302,532,9,1,7.0,7.0
1303,533,10,1,4.75,4.75
1304,533,1,1,3.0,3.0
1305,533,10,1,4.75,4.75
1306,533,8,1,6.5,6.5
1307,534,9,1,7.0,7.0
1308,534,10,1,4.75,4.75
1309,534,6,1,2.75,2.75
1310,534,1,1,3.0,3.0
1311,535,10,1,4.75,4.75
1312,536,8,1,6.5,6.5
1313,536,9,1,7.0,7.0
1314,536,2,1,4.5,4.5
1315,537,10,1,4.75,4.75
1316,537,1,1,3.0,3.0
1317,537,6,1,2.75,2.75
1318,538,7,1,3.25,3.25
1319,538,6,1,2.75,2.75
1320,538,5,1,4.0,4.0
1321,539,10,1,4.75,4.75
1322,539,1,1,3.0,3.0
1323,540,8,1,6.5,6.5
1324,540,2,1,4.5,4.5
1325,540,3,1,4.25,4.25
1326,541,10,1,4.75,4.75
1327,541,5,1,4.0,4.0
1328,542,8,1,6.5,6.5
1329,542,6,1,2.75,2.75
1330,543,9,1,7.0,7.0
1331,543,1,1,3.0,3.0
1332,544,7,1,3.25,3.25
1333,544,7,1,3.25,3.25
1334,544,4,1,5.25,5.25
1335,544,8,1,6.5,6.5
1336,545,1,1,3.0,3.0
1337,545,5,1,4.0,4.0
1338,545,2,1,4.5,4.5
1339,546,5,1,4.0,4.0
1340,546,8,1,6.5,6.5
1341,546,9,1,7.0,7.0
1342,546,4,1,5.25,5.25
1343,547,5,1,4.0,4.0
1344,547,3,1,4.25,4.25
1345,547,9,1,7.0,7.0
1346,547,7,1,3.25,3.25
1347,548,9,1,7.0,7.0
1348,548,1,1,3.0,3.0
1349,548,2,1,4.5,4.5
1350,549,5,1,4.0,4.0
1351,549,5,1,4.0,4.0
1352,549,2,1,4.5,4.5
1353,550,4,1,5.25,5.25
1354,550,10,1,4.75,4.75
1355,550,4,1,5.25,5.25
1356,550,9,1,7.0,7.0
1357,551,9,1,7.0,7.0
1358,551,1,1,3.0,3.0
1359,551,1,1,3.0,3.0
1360,552,8,1,6.5,6.5
1361,553,4,1,5.25,5.25
1362,553,1,1,3.0,3.0
1363,553,1,1,3.0,3.0
1364,554,2,1,4.5,4.5
1365,555,2,1,4.5,4.5
1366,555,3,1,4.25,4.25
1367,556,5,1,4.0,4.0
1368,556,7,1,3.25,3.25
1369,556,6,1,2.75,2.75
1370,556,5,1,4.0,4.0
1371,557,7,1,3.25,3.25
1372,557,6,1,2.75,2.75
1373,557,1,1,3.0,3.0
1374,557,5,1,4.0,4.0
1375,558,10,1,4.75,4.75
1376,558,7,1,3.25,3.25
1377,559,9,1,7.0,7.0
1378,559,7,1,3.25,3.25
1379,560,5,1,4.0,4.0
1380,560,2,1,4.5,4.5
1381,560,1,1,3.0,3.0
1382,560,2,1,4.5,4.5
1383,561,1,1,3.0,3.0
1384,561,8,1,6.5,6.5
1385,561,3,1,4.25,4.25
1386,561,1,1,3.0,3.0
1387,562,6,1,2.75,2.75
1388,562,7,1,3.25,3.25
1389,563,7,1,3.25,3.25
1390,563,7,1,3.25,3.25
1391,563,2,1,4.5,4.5
1392,563,9,1,7.0,7.0
1393,564,5,1,4.0,4.0
1394,564,7,1,3.25,3.25
1395,564,1,1,3.0,3.0
1396,565,5,1,4.0,4.0
1397,565,4,1,5.25,5.25
1398,565,3,1,4.25,4.25
1399,565,9,1,7.0,7.0
1400,566,6,1,2.75,2.75
1401,567,10,1,4.75,4.75
1402,568,8,1,6.5,6.5
1403,568,9,1,7.0,7.0
1404,568,8,1,6.5,6.5
1405,569,1,1,3.0,3.0
1406,569,7,1,3.25,3.25
1407,569,2,1,4.5,4.5
1408,570,10,1,4.75,4.75
1409,570,4,1,5.25,5.25
1410,571,10,1,4.75,4.75
1411,571,1,1,3.0,3.0
1412,571,4,1,5.25,5.25
1413,571,3,1,4.25,4.25
1414,572,2,1,4.5,4.5
1415,572,8,1,6.5,6.5
1416,572,10,1,4.75,4.75
1417,573,8,1,6.5,6.5
1418,574,7,1,3.25,3.25
1419,574,6,1,2.75,2.75
1420,575,4,1,5.25,5.25
1421,575,1,1,3.0,3.0
1422,575,10,1,4.75,4.75
1423,576,3,1,4.25,4.25
1424,576,7,1,3.25,3.25
1425,576,3,1,4.25,4.25
1426,577,10,1,4.75,4.75
1427,577,1,1,3.0,3.0
1428,578,1,1,3.0,3.0
1429,578,8,1,6.5,6.5
1430,579,10,1,4.75,4.75
1431,580,4,1,5.25,5.25
1432,580,3,1,4.25,4.25
1433,581,3,1,4.25,4.25
1434,581,10,1,4.75,4.75
1435,582,5,1,4.0,4.0
1436,583,2,1,4.5,4.5
1437,583,9,1,7.0,7.0
1438,584,4,1,5.25,5.25
1439,584,5,1,4.0,4.0
1440,584,1,1,3.0,3.0
1441,584,4,1,5.25,5.25
1442,585,3,1,4.25,4.25
1443,585,3,1,4.25,4.25
1444,585,1,1,3.0,3.0
1445,585,1,1,3.0,3.0
1446,586,5,1,4.0,4.0
1447,586,6,1,2.75,2.75
1448,586,10,1,4.75,4.75
1449,586,8,1,6.5,6.5
1450,587,3,1,4.25,4.25
1451,587,1,1,3.0,3.0
1452,588,8,1,6.5,6.5
1453,588,10,1,4.75,4.75
1454,589,4,1,5.25,5.25
1455,589,2,1,4.5,4.5
1456,589,6,1,2.75,2.75
1457,590,7,1,3.25,3.25
1458,590,4,1,5.25,5.25
1459,591,7,1,3.25,3.25
1460,592,8,1,6.5,6.5
1461,592,4,1,5.25,5.25
1462,593,1,1,3.0,3.0
1463,593,10,1,4.75,4.75
1464,594,5,1,4.0,4.0
1465,594,10,1,4.75,4.75
1466,595,7,1,3.25,3.25
1467,596,5,1,4.0,4.0
1468,596,1,1,3.0,3.0
1469,596,7,1,3.25,3.25
1470,596,4,1,5.25,5.25
1471,597,1,1,3.0,3.0
1472,597,1,1,3.0,3.0
1473,597,8,1,6.5,6.5
1474,597,9,1,7.0,7.0
1475,598,8,1,6.5,6.5
1476,598,4,1,5.25,5.25
1477,598,2,1,4.5,4.5
1478,598,9,1,7.0,7.0
1479,599,3,1,4.25,4.25
1480,599,6,1,2.75,2.75
1481,600,8,1,6.5,6.5
1482,600,10,1,4.75,4.75
1483,601,7,1,3.25,3.25
1484,601,3,1,4.25,4.25
1485,602,7,1,3.25,3.25
1486,603,7,1,3.25,3.25
1487,603,5,1,4.0,4.0
1488,603,10,1,4.75,4.75
1489,604,1,1,3.0,3.0
1490,604,9,1,7.0,7.0
1491,604,6,1,2.75,2.75
1492,605,6,1,2.75,2.75
1493,605,3,1,4.25,4.25
1494,605,9,1,7.0,7.0
1495,606,6,1,2.75,2.75
1496,606,4,1,5.25,5.25
1497,607,4,1,5.25,5.25
1498,607,6,1,2.75,2.75
1499,608,1,1,3.0,3.0
1500,608,2,1,4.5,4.5
1501,608,6,1,2.75,2.75
1502,609,8,1,6.5,6.5
1503,609,10,1,4.75,4.75
1504,609,6,1,2.75,2.75
1505,610,3,1,4.25,4.25
1506,610,5,1,4.0,4.0
1507,610,2,1,4.5,4.5
1508,610,2,1,4.5,4.5
1509,611,7,1,3.25,3.25
1510,611,9,1,7.0,7.0
1511,611,3,1,4.25,4.25
1512,612,5,1,4.0,4.0
1513,613,7,1,3.25,3.25
1514,613,10,1,4.75,4.75
1515,613,6,1,2.75,2.75
1516,614,5,1,4.0,4.0
1517,614,10,1,4.75,4.75
1518,614,3,1,4.25,4.25
1519,614,5,1,4.0,4.0
1520,615,3,1,4.25,4.25
1521,616,3,1,4.25,4.25
1522,616,3,1,4.25,4.25
1523,617,3,1,4.25,4.25
1524,617,4,1,5.25,5.25
1525,617,9,1,7.0,7.0
1526,618,9,1,7.0,7.0
1527,618,5,1,4.0,4.0
1528,619,8,1,6.5,6.5
1529,619,6,1,2.75,2.75
1530,620,8,1,6.5,6.5
1531,620,5,1,4.0,4.0
1532,620,10,1,4.75,4.75
1533,621,3,1,4.25,4.25
1534,622,10,1,4.75,4.75
1535,622,4,1,5.25,5.25
1536,622,8,1,6.5,6.5
1537,622,6,1,2.75,2.75
1538,623,5,1,4.0,4.0
1539,623,4,1,5.25,5.25
1540,624,9,1,7.0,7.0
1541,625,7,1,3.25,3.25
1542,625,3,1,4.25,4.25
1543,625,7,1,3.25,3.25
1544,626,8,1,6.5,6.5
1545,626,9,1,7.0,7.0
1546,626,2,1,4.5,4.5
1547,627,7,1,3.25,3.25
1548,627,3,1,4.25,4.25
1549,627,10,1,4.75,4.75
1550,627,10,1,4.75,4.75
1551,628,1,1,3.0,3.0
1552,629,9,1,7.0,7.0
1553,629,8,1,6.5,6.5
1554,630,1,1,3.0,3.0
1555,630,5,1,4.0,4.0
1556,630,10,1,4.75,4.75
1557,630,5,1,4.0,4.0
1558,631,1,1,3.0,3.0
1559,631,1,1,3.0,3.0
1560,632,5,1,4.0,4.0
1561,633,2,1,4.5,4.5
1562,633,10,1,4.75,4.75
1563,633,6,1,2.75,2.75
1564,633,10,1,4.75,4.75
1565,634,2,1,4.5,4.5
1566,634,6,1,2.75,2.75
1567,634,9,1,7.0,7.0
1568,634,10,1,4.75,4.75
1569,635,6,1,2.75,2.75
1570,635,8,1,6.5,6.5
1571,636,6,1,2.75,2.75
1572,636,7,1,3.25,3.25
1573,636,6,1,2.75,2.75
1574,637,2,1,4.5,4.5
1575,637,10,1,4.75,4.75
1576,638,6,1,2.75,2.75
1577,638,2,1,4.5,4.5
1578,638,9,1,7.0,7.0
1579,639,9,1,7.0,7.0
1580,639,5,1,4.0,4.0
1581,640,2,1,4.5,4.5
1582,640,4,1,5.25,5.25
1583,641,8,1,6.5,6.5
1584,641,2,1,4.5,4.5
1585,641,2,1,4.5,4.5
1586,641,3,1,4.25,4.25
1587,642,3,1,4.25,4.25
1588,642,8,1,6.5,6.5
1589,642,10,1,4.75,4.75
1590,643,2,1,4.5,4.5
1591,644,5,1,4.0,4.0
1592,644,3,1,4.25,4.25
1593,645,2,1,4.5,4.5
1594,646,2,1,4.5,4.5
1595,646,1,1,3.0,3.0
1596,647,2,1,4.5,4.5
1597,647,5,1,4.0,4.0
1598,647,1,1,3.0,3.0
1599,647,2,1,4.5,4.5
1600,648,10,1,4.75,4.75
1601,649,1,1,3.0,3.0
1602,649,2,1,4.5,4.5
1603,649,3,1,4.25,4.25
1604,650,3,1,4.25,4.25
1605,650,9,1,7.0,7.0
1606,650,10,1,4.75,4.75
1607,651,4,1,5.25,5.25
1608,651,5,1,4.0,4.0
1609,652,9,1,7.0,7.0
1610,652,99999,1,6.5,6.5
1611,653,6,1,2.75,2.75
1612,653,7,1,3.25,3.25
1613,654,2,1,4.5,4.5
1614,654,6,1,2.75,2.75
1615,654,2,1,4.5,4.5
1616,654,8,1,6.5,6.5
1617,655,6,1,2.75,2.75
1618,656,10,1,4.75,4.75
1619,656,5,1,4.0,4.0
1620,656,8,1,6.5,6.5
1621,656,4,1,5.25,5.25
1622,657,2,1,4.5,4.5
1623,657,8,1,6.5,6.5
1624,658,7,1,3.25,3.25
1625,659,3,1,4.25,4.25
1626,660,2,1,4.5,4.5
1627,660,6,1,2.75,2.75
1628,661,4,1,5.25,5.25
1629,662,7,1,3.25,3.25
1630,662,6,1,2.75,2.75
1631,662,8,1,6.5,6.5
1632,663,8,1,6.5,6.5
1633,663,2,1,4.5,4.5
1634,664,2,1,4.5,4.5
1635,665,10,1,4.75,4.75
1636,665,6,1,2.75,2.75
1637,665,3,1,4.25,4.25
1638,665,5,1,4.0,4.0
1639,666,4,1,5.25,5.25
1640,666,5,1,4.0,4.0
1641,666,8,1,6.5,6.5
1642,666,8,1,6.5,6.5
1643,667,7,1,3.25,3.25
1644,668,7,1,3.25,3.25
1645,668,8,1,6.5,6.5
1646,668,8,1,6.5,6.5
1647,669,8,1,6.5,6.5
1648,669,7,1,3.25,3.25
1649,670,8,1,6.5,6.5
1650,670,9,1,7.0,7.0
1651,670,3,1,4.25,4.25
1652,670,9,1,7.0,7.0
1653,671,10,1,4.75,4.75
1654,671,6,1,2.75,2.75
1655,671,5,1,4.0,4.0
1656,671,6,1,2.75,2.75
1657,672,6,1,2.75,2.75
1658,673,7,1,3.25,3.25
1659,673,6,1,2.75,2.75
1660,673,1,1,3.0,3.0
1661,674,5,1,4.0,4.0
1662,675,1,1,3.0,3.0
1663,675,8,1,6.5,6.5
1664,675,7,1,3.25,3.25
1665,676,6,1,2.75,2.75
1666,677,8,1,6.5,6.5
1667,678,8,1,6.5,6.5
1668,678,9,1,7.0,7.0
1669,678,6,1,2.75,2.75
1670,679,4,1,5.25,5.25
1671,679,8,1,6.5,6.5
1672,679,2,1,4.5,4.5
1673,679,9,1,7.0,7.0
1674,680,10,1,4.75,4.75
1675,680,2,1,4.5,4.5
1676,681,4,1,5.25,5.25
1677,681,6,1,2.75,2.75
1678,681,2,1,4.5,4.5
1679,681,5,1,4.0,4.0
1680,682,7,1,3.25,3.25
1681,682,7,1,3.25,3.25
1682,683,1,1,3.0,3.0
1683,683,9,1,7.0,7.0
1684,684,5,1,4.0,4.0
1685,684,9,1,7.0,7.0
1686,684,10,1,4.75,4.75
1687,684,7,1,3.25,3.25
1688,685,8,1,6.5,6.5
1689,685,3,1,4.25,4.25
1690,685,4,1,5.25,5.25
1691,686,7,1,3.25,3.25
1692,686,6,1,2.75,2.75
1693,686,2,1,4.5,4.5
1694,686,4,1,5.25,5.25
1695,687,10,1,4.75,4.75
1696,687,4,1,5.25,5.25
1697,687,7,1,3.25,3.25
1698,688,4,1,5.25,5.25
1699,689,1,1,3.0,3.0
1700,689,4,1,5.25,5.25
1701,689,3,1,4.25,4.25
1702,689,5,1,4.0,4.0
1703,690,1,1,3.0,3.0
1704,690,8,1,6.5,6.5
1705,691,2,1,4.5,4.5
1706,691,7,1,3.25,3.25
1707,691,6,1,2.75,2.75
1708,692,2,1,4.5,4.5
1709,692,10,1,4.75,4.75
1710,693,2,1,4.5,4.5
1711,693,4,1,5.25,5.25
1712,693,10,1,4.75,4.75
1713,693,2,1,4.5,4.5
1714,694,7,1,3.25,3.25
1715,694,4,1,5.25,5.25
1716,695,8,1,6.5,6.5
1717,695,7,1,3.25,3.25
1718,695,5,1,4.0,4.0
1719,696,6,1,2.75,2.75
1720,697,8,1,6.5,6.5
1721,697,6,1,2.75,2.75
1722,697,5,1,4.0,4.0
1723,698,4,1,5.25,5.25
1724,699,2,1,4.5,4.5
1725,699,9,1,7.0,7.0
1726,699,4,1,5.25,5.25
1727,700,5,1,4.0,4.0
1728,700,2,1,4.5,4.5
1729,700,4,1,5.25,5.25
1730,701,2,1,4.5,4.5
1731,701,8,1,6.5,6.5
1732,701,8,1,6.5,6.5
1733,702,3,1,4.25,4.25
1734,703,7,1,3.25,3.25
1735,703,10,1,4.75,4.75
1736,703,9,1,7.0,7.0
1737,704,3,1,4.25,4.25
1738,705,7,1,3.25,3.25
1739,706,2,1,4.5,4.5
1740,707,6,1,2.75,2.75
1741,707,8,1,6.5,6.5
1742,707,8,1,6.5,6.5
1743,707,3,1,4.25,4.25
1744,708,4,1,5.25,5.25
1745,708,2,1,4.5,4.5
1746,708,7,1,3.25,3.25
1747,709,1,1,3.0,3.0
1748,709,1,1,3.0,3.0
1749,710,4,1,5.25,5.25
1750,710,5,1,4.0,4.0
1751,710,3,1,4.25,4.25
1752,710,1,1,3.0,3.0
1753,711,2,1,4.5,4.5
1754,711,6,1,2.75,2.75
1755,712,8,1,6.5,6.5
1756,712,8,1,6.5,6.5
1757,712,2,1,4.5,4.5
1758,712,4,1,5.25,5.25
1759,713,7,1,3.25,3.25
1760,713,3,1,4.25,4.25
1761,713,7,1,3.25,3.25
1762,713,4,1,5.25,5.25
1763,714,3,1,4.25,4.25
1764,714,7,1,3.25,3.25
1765,714,3,1,4.25,4.25
1766,714,1,1,3.0,3.0
1767,715,6,1,2.75,2.75
1768,715,10,1,4.75,4.75
1769,716,3,1,4.25,4.25
1770,716,6,1,2.75,2.75
1771,716,7,1,3.25,3.25
1772,716,4,1,5.25,5.25
1773,717,2,1,4.5,4.5
1774,718,8,1,6.5,6.5
1775,718,6,1,2.75,2.75
1776,719,5,1,4.0,4.0
1777,720,6,1,2.75,2.75
1778,720,3,1,4.25,4.25
1779,720,9,1,7.0,7.0
1780,720,1,1,3.0,3.0
1781,721,6,1,2.75,2.75
1782,721,8,1,6.5,6.5
1783,721,3,1,4.25,4.25
1784,721,2,1,4.5,4.5
1785,722,5,1,4.0,4.0
1786,722,2,1,4.5,4.5
1787,723,6,1,2.75,2.75
1788,723,7,1,3.25,3.25
1789,723,5,1,4.0,4.0
1790,724,7,1,3.25,3.25
1791,724,3,1,4.25,4.25
1792,724,6,1,2.75,2.75
1793,725,4,1,5.25,5.25
1794,726,8,1,6.5,6.5
1795,727,2,1,4.5,4.5
1796,727,8,1,6.5,6.5
1797,727,1,1,3.0,3.0
1798,727,8,1,6.5,6.5
1799,728,3,1,4.25,4.25
1800,729,3,1,4.25,4.25
1801,729,3,1,4.25,4.25
1802,729,9,1,7.0,7.0
1803,730,7,1,3.25,3.25
1804,730,2,1,4.5,4.5
1805,731,1,1,3.0,3.0
1806,731,5,1,4.0,4.0
1807,731,2,1,4.5,4.5
1808,732,3,1,4.25,4.25
1809,732,1,1,3.0,3.0
1810,732,2,1,4.5,4.5
1811,733,5,1,4.0,4.0
1812,733,10,1,4.75,4.75
1813,733,1,1,3.0,3.0
1814,733,6,1,2.75,2.75
1815,734,10,1,4.75,4.75
1816,734,3,1,4.25,4.25
1817,734,4,1,5.25,5.25
1818,735,2,1,4.5,4.5
1819,736,5,1,4.0,4.0
1820,736,3,1,4.25,4.25
1821,736,4,1,5.25,5.25
1822,736,7,1,3.25,3.25
1823,737,7,1,3.25,3.25
1824,737,5,1,4.0,4.0
1825,737,3,1,4.25,4.25
1826,737,2,1,4.5,4.5
1827,738,2,1,4.5,4.5
1828,738,6,1,2.75,2.75
1829,738,9,1,7.0,7.0
1830,739,7,1,3.25,3.25
1831,740,1,1,3.0,3.0
1832,741,8,1,6.5,6.5
1833,741,9,1,7.0,7.0
1834,742,8,1,6.5,6.5
1835,742,7,1,3.25,3.25
1836,742,2,1,4.5,4.5
1837,743,5,1,4.0,4.0
1838,743,4,1,5.25,5.25
1839,744,1,1,3.0,3.0
1840,745,2,1,4.5,4.5
1841,745,8,1,6.5,6.5
1842,745,10,1,4.75,4.75
1843,745,5,1,4.0,4.0
1844,746,2,1,4.5,4.5
1845,747,7,1,3.25,3.25
1846,747,1,1,3.0,3.0
1847,748,10,1,4.75,4.75
1848,748,5,1,4.0,4.0
1849,748,6,1,2.75,2.75
1850,748,3,1,4.25,4.25
1851,749,7,1,3.25,3.25
1852,750,8,1,6.5,6.5
1853,750,7,1,3.25,3.25
1854,750,10,1,4.75,4.75
1855,750,8,1,6.5,6.5
1856,751,2,1,4.5,4.5
1857,751,3,1,4.25,4.25
1858,751,3,1,4.25,4.25
1859,752,1,1,3.0,3.0
1860,752,4,1,5.25,5.25
1861,753,5,1,4.0,4.0
1862,754,2,1,4.5,4.5
1863,755,4,1,5.25,5.25
1864,755,5,1,4.0,4.0
1865,756,2,1,4.5,4.5
1866,757,10,1,4.75,4.75
1867,757,10,1,4.75,4.75
1868,757,9,1,7.0,7.0
1869,757,5,1,4.0,4.0
1870,758,4,1,5.25,5.25
1871,758,1,1,3.0,3.0
1872,758,9,1,7.0,7.0
1873,758,1,1,3.0,3.0
1874,759,2,1,4.5,4.5
1875,759,8,1,6.5,6.5
1876,759,10,1,4.75,4.75
1877,759,6,1,2.75,2.75
1878,760,5,1,4.0,4.0
1879,760,4,1,5.25,5.25
1880,761,10,1,4.75,4.75
1881,761,6,1,2.75,2.75
1882,762,7,1,3.25,3.25
1883,762,7,1,3.25,3.25
1884,762,6,1,2.75,2.75
1885,763,2,1,4.5,4.5
1886,763,8,1,6.5,6.5
1887,763,3,1,4.25,4.25
1888,764,7,1,3.25,3.25
1889,765,1,1,3.0,3.0
1890,766,9,1,7.0,7.0
1891,766,1,1,3.0,3.0
1892,767,2,1,4.5,4.5
1893,767,9,1,7.0,7.0
1894,768,1,1,3.0,3.0
1895,768,9,1,7.0,7.0
1896,768,5,1,4.0,4.0
1897,769,8,1,6.5,6.5
1898,770,9,1,7.0,7.0
1899,771,6,1,2.75,2.75
1900,771,3,1,4.25,4.25
1901,772,6,1,2.75,2.75
1902,772,6,1,2.75,2.75
1903,773,1,1,3.0,3.0
1904,773,4,1,5.25,5.25
1905,773,8,1,6.5,6.5
1906,773,6,1,2.75,2.75
1907,774,6,1,2.75,2.75
1908,774,7,1,3.25,3.25
1909,774,6,1,2.75,2.75
1910,775,4,1,5.25,5.25
1911,775,3,1,4.25,4.25
1912,775,7,1,3.25,3.25
1913,775,7,1,3.25,3.25
1914,776,3,1,4.25,4.25
1915,776,1,1,3.0,3.0
1916,776,9,1,7.0,7.0
1917,776,2,1,4.5,4.5
1918,777,7,1,3.25,3.25
1919,777,1,1,3.0,3.0
1920,778,9,1,7.0,7.0
1921,779,6,1,2.75,2.75
1922,779,1,1,3.0,3.0
1923,779,5,1,4.0,4.0
1924,780,4,1,5.25,5.25
1925,780,9,1,7.0,7.0
1926,780,10,1,4.75,4.75
1927,780,10,1,4.75,4.75
1928,781,4,1,5.25,5.25
1929,781,5,1,4.0,4.0
1930,781,2,1,4.5,4.5
1931,781,1,1,3.0,3.0
1932,782,4,1,5.25,5.25
1933,782,2,1,4.5,4.5
1934,782,9,1,7.0,7.0
1935,783,9,1,7.0,7.0
1936,784,9,1,7.0,7.0
1937,784,2,1,4.5,4.5
1938,784,1,1,3.0,3.0
1939,784,6,1,2.75,2.75
1940,785,1,1,3.0,3.0
1941,786,6,1,2.75,2.75
1942,786,4,1,5.25,5.25
1943,786,10,1,4.75,4.75
1944,786,10,1,4.75,4.75
1945,787,9,1,7.0,7.0
1946,787,4,1,5.25,5.25
1947,787,2,1,4.5,4.5
1948,787,6,1,2.75,2.75
1949,788,2,1,4.5,4.5
1950,788,3,1,4.25,4.25
1951,788,7,1,3.25,3.25
1952,788,7,1,3.25,3.25
1953,789,9,1,7.0,7.0
1954,789,7,1,3.25,3.25
1955,789,10,1,4.75,4.75
1956,790,7,1,3.25,3.25
1957,790,8,1,6.5,6.5
1958,790,8,1,6.5,6.5
1959,790,7,1,3.25,3.25
1960,791,9,1,7.0,7.0
1961,791,9,1,7.0,7.0
1962,792,1,1,3.0,3.0
1963,792,3,1,4.25,4.25
1964,792,9,1,7.0,7.0
1965,792,6,1,2.75,2.75
1966,793,6,1,2.75,2.75
1967,794,6,1,2.75,2.75
1968,795,1,1,3.0,3.0
1969,795,3,1,4.25,4.25
1970,795,3,1,4.25,4.25
1971,795,10,1,4.75,4.75
1972,796,1,1,3.0,3.0
1973,796,2,1,4.5,4.5
1974,796,9,1,7.0,7.0
1975,796,6,1,2.75,2.75
1976,797,10,1,4.75,4.75
1977,797,8,1,6.5,6.5
1978,797,6,1,2.75,2.75
1979,798,9,1,7.0,7.0
1980,798,8,1,6.5,6.5
1981,799,7,1,3.25,3.25
1982,799,4,1,5.25,5.25
1983,799,7,1,3.25,3.25
1984,799,6,1,2.75,2.75
1985,800,2,1,4.5,4.5
1986,800,3,1,4.25,4.25
1987,800,1,1,3.0,3.0
1988,801,9,1,7.0,7.0
1989,802,8,1,6.5,6.5
1990,802,9,1,7.0,7.0
1991,803,4,1,5.25,5.25
1992,803,4,1,5.25,5.25
1993,803,10,1,4.75,4.75
1994,804,10,1,4.75,4.75
1995,804,1,1,3.0,3.0
1996,804,8,1,6.5,6.5
1997,804,1,1,3.0,3.0
1998,805,9,1,7.0,7.0
1999,806,2,1,4.5,4.5
2000,807,5,1,4.0,4.0
2001,807,7,1,3.25,3.25
2002,808,1,1,3.0,3.0
2003,808,1,1,3.0,3.0
2004,809,7,1,3.25,3.25
2005,809,6,1,2.75,2.75
2006,810,5,1,4.0,4.0
2007,811,8,1,6.5,6.5
2008,812,9,1,7.0,7.0
2009,812,3,1,4.25,4.25
2010,813,9,1,7.0,7.0
2011,814,8,1,6.5,6.5
2012,815,1,1,3.0,3.0
2013,816,6,1,2.75,2.75
2014,816,4,1,5.25,5.25
2015,816,10,1,4.75,4.75
2016,816,9,1,7.0,7.0
2017,817,2,1,4.5,4.5
2018,817,7,1,3.25,3.25
2019,817,2,1,4.5,4.5
2020,818,6,1,2.75,2.75
2021,818,5,1,4.0,4.0
2022,818,8,1,6.5,6.5
2023,819,4,1,5.25,5.25
2024,819,8,1,6.5,6.5
2025,819,10,1,4.75,4.75
2026,820,10,1,4.75,4.75
2027,821,9,1,7.0,7.0
2028,821,8,1,6.5,6.5
2029,821,7,1,3.25,3.25
2030,821,9,1,7.0,7.0
2031,822,8,1,6.5,6.5
2032,823,7,1,3.25,3.25
2033,823,3,1,4.25,4.25
2034,823,1,1,3.0,3.0
2035,824,1,1,3.0,3.0
2036,824,4,1,5.25,5.25
2037,824,1,1,3.0,3.0
2038,824,5,1,4.0,4.0
2039,825,10,1,4.75,4.75
2040,826,8,1,6.5,6.5
2041,826,6,1,2.75,2.75
2042,827,5,1,4.0,4.0
2043,828,10,1,4.75,4.75
2044,829,10,1,4.75,4.75
2045,829,4,1,5.25,5.25
2046,829,9,1,7.0,7.0
2047,830,9,1,7.0,7.0
2048,830,8,1,6.5,6.5
2049,830,1,1,3.0,3.0
2050,831,7,1,3.25,3.25
2051,831,7,1,3.25,3.25
2052,831,5,1,4.0,4.0
2053,832,1,1,3.0,3.0
2054,832,5,1,4.0,4.0
2055,833,7,1,3.25,3.25
2056,834,4,1,5.25,5.25
2057,835,2,1,4.5,4.5
2058,836,5,1,4.0,4.0
2059,836,4,1,5.25,5.25
2060,836,2,1,4.5,4.5
2061,837,9,1,7.0,7.0
2062,837,4,1,5.25,5.25
2063,837,2,1,4.5,4.5
2064,838,8,1,6.5,6.5
2065,839,7,1,3.25,3.25
2066,840,8,1,6.5,6.5
2067,841,2,1,4.5,4.5
2068,842,7,1,3.25,3.25
2069,842,7,1,3.25,3.25
2070,842,2,1,4.5,4.5
2071,843,7,1,3.25,3.25
2072,843,8,1,6.5,6.5
2073,843,7,1,3.25,3.25
2074,843,10,1,4.75,4.75
2075,844,10,1,4.75,4.75
2076,844,4,1,5.25,5.25
2077,844,2,1,4.5,4.5
2078,845,10,1,4.75,4.75
2079,845,3,1,4.25,4.25
2080,846,8,1,6.5,6.5
2081,846,10,1,4.75,4.75
2082,846,8,1,6.5,6.5
2083,846,3,1,4.25,4.25
2084,847,10,1,4.75,4.75
2085,847,9,1,7.0,7.0
2086,847,3,1,4.25,4.25
2087,848,1,1,3.0,3.0
2088,848,4,1,5.25,5.25
2089,849,2,1,4.5,4.5
2090,849,6,1,2.75,2.75
2091,850,10,1,4.75,4.75
2092,850,5,1,4.0,4.0
2093,850,7,1,3.25,3.25
2094,851,8,1,6.5,6.5
2095,851,10,1,4.75,4.75
2096,852,3,1,4.25,4.25
2097,852,1,1,3.0,3.0
2098,852,6,1,2.75,2.75
2099,852,1,1,3.0,3.0
2100,853,1,1,3.0,3.0
2101,854,5,1,4.0,4.0
2102,854,3,1,4.25,4.25
2103,855,5,1,4.0,4.0
2104,855,2,1,4.5,4.5
2105,856,6,1,2.75,2.75
2106,857,9,1,7.0,7.0
2107,857,10,1,4.75,4.75
2108,858,3,1,4.25,4.25
2109,858,4,1,5.25,5.25
2110,859,10,1,4.75,4.75
2111,859,7,1,3.25,3.25
2112,859,4,1,5.25,5.25
2113,860,3,1,4.25,4.25
2114,860,6,1,2.75,2.75
2115,860,4,1,5.25,5.25
2116,861,4,1,5.25,5.25
2117,861,2,1,4.5,4.5
2118,861,8,1,6.5,6.5
2119,861,10,1,4.75,4.75
2120,862,8,1,6.5,6.5
2121,862,9,1,7.0,7.0
2122,862,8,1,6.5,6.5
2123,863,8,1,6.5,6.5
2124,863,5,1,4.0,4.0
2125,863,10,1,4.75,4.75
2126,863,7,1,3.25,3.25
2127,864,4,1,5.25,5.25
2128,864,4,1,5.25,5.25
2129,865,10,1,4.75,4.75
2130,865,3,1,4.25,4.25
2131,865,6,1,2.75,2.75
2132,865,5,1,4.0,4.0
2133,866,8,1,6.5,6.5
2134,866,9,1,7.0,7.0
2135,866,6,1,2.75,2.75
2136,867,6,1,2.75,2.75
2137,867,8,1,6.5,6.5
2138,867,6,1,2.75,2.75
2139,867,5,1,4.0,4.0
2140,868,5,1,4.0,4.0
2141,868,2,1,4.5,4.5
2142,869,4,1,5.25,5.25
2143,869,2,1,4.5,4.5
2144,869,2,1,4.5,4.5
2145,870,5,1,4.0,4.0
2146,870,4,1,5.25,5.25
2147,870,10,1,4.75,4.75
2148,871,5,1,4.0,4.0
2149,872,8,1,6.5,6.5
2150,873,4,1,5.25,5.25
2151,873,9,1,7.0,7.0
2152,873,10,1,4.75,4.75
2153,873,9,1,7.0,7.0
2154,874,2,1,4.5,4.5
2155,874,6,1,2.75,2.75
2156,874,4,1,5.25,5.25
2157,875,3,1,4.25,4.25
2158,875,10,1,4.75,4.75
2159,875,3,1,4.25,4.25
2160,876,6,1,2.75,2.75
2161,876,4,1,5.25,5.25
2162,876,7,1,3.25,3.25
2163,877,10,1,4.75,4.75
2164,877,1,1,3.0,3.0
2165,877,10,1,4.75,4.75
2166,878,7,1,3.25,3.25
2167,878,4,1,5.25,5.25
2168,878,7,1,3.25,3.25
2169,878,2,1,4.5,4.5
2170,879,2,1,4.5,4.5
2171,879,3,1,4.25,4.25
2172,879,2,1,4.5,4.5
2173,880,1,1,3.0,3.0
2174,880,3,1,4.25,4.25
2175,880,4,1,5.25,5.25
2176,880,2,1,4.5,4.5
2177,881,8,1,6.5,6.5
2178,882,6,1,2.75,2.75
2179,882,7,1,3.25,3.25
2180,883,8,1,6.5,6.5
2181,883,2,1,4.5,4.5
2182,883,7,1,3.25,3.25
2183,883,4,1,5.25,5.25
2184,884,3,1,4.25,4.25
2185,884,10,1,4.75,4.75
2186,884,10,1,4.75,4.75
2187,884,5,1,4.0,4.0
2188,885,4,1,5.25,5.25
2189,885,1,1,3.0,3.0
2190,885,3,1,4.25,4.25
2191,886,10,1,4.75,4.75
2192,886,8,1,6.5,6.5
2193,886,8,1,6.5,6.5
2194,887,8,1,6.5,6.5
2195,887,6,1,2.75,2.75
2196,887,5,1,4.0,4.0
2197,888,3,1,4.25,4.25
2198,888,10,1,4.75,4.75
2199,888,2,1,4.5,4.5
2200,888,7,1,3.25,3.25
2201,889,2,1,4.5,4.5
2202,889,4,1,5.25,5.25
2203,889,8,1,6.5,6.5
2204,890,8,1,6.5,6.5
2205,890,3,1,4.25,4.25
2206,890,5,1,4.0,4.0
2207,890,4,1,5.25,5.25
2208,891,6,1,2.75,2.75
2209,891,7,1,3.25,3.25
2210,891,4,1,5.25,5.25
2211,891,7,1,3.25,3.25
2212,892,6,1,2.75,2.75
2213,892,8,1,6.5,6.5
2214,893,8,1,6.5,6.5
2215,893,3,1,4.25,4.25
2216,894,10,1,4.75,4.75
2217,895,2,1,4.5,4.5
2218,895,1,1,3.0,3.0
2219,896,9,1,7.0,7.0
2220,897,7,1,3.25,3.25
2221,898,4,1,5.25,5.25
2222,898,4,1,5.25,5.25
2223,898,6,1,2.75,2.75
2224,898,4,1,5.25,5.25
2225,899,1,1,3.0,3.0
2226,900,2,1,4.5,4.5
2227,900,3,1,4.25,4.25
2228,901,6,1,2.75,2.75
2229,902,2,1,4.5,4.5
2230,902,4,1,5.25,5.25
2231,902,4,1,5.25,5.25
2232,902,2,1,4.5,4.5
2233,903,6,1,2.75,2.75
2234,903,1,1,3.0,3.0
2235,903,7,1,3.25,3.25
2236,903,4,1,5.25,5.25
2237,904,2,1,4.5,4.5
2238,905,5,1,4.0,4.0
2239,905,2,1,4.5,4.5
2240,906,6,1,2.75,2.75
2241,906,3,1,4.25,4.25
2242,907,6,1,2.75,2.75
2243,908,9,1,7.0,7.0
2244,908,4,1,5.25,5.25
2245,908,9,1,7.0,7.0
2246,908,10,1,4.75,4.75
2247,909,5,1,4.0,4.0
2248,910,1,1,3.0,3.0
2249,911,3,1,4.25,4.25
2250,911,7,1,3.25,3.25
2251,912,6,1,2.75,2.75
2252,912,1,1,3.0,3.0
2253,912,9,1,7.0,7.0
2254,913,6,1,2.75,2.75
2255,913,6,1,2.75,2.75
2256,914,9,1,7.0,7.0
2257,914,6,1,2.75,2.75
2258,914,3,1,4.25,4.25
2259,914,8,1,6.5,6.5
2260,915,4,1,5.25,5.25
2261,916,9,1,7.0,7.0
2262,916,2,1,4.5,4.5
2263,917,4,1,5.25,5.25
2264,917,4,1,5.25,5.25
2265,918,5,1,4.0,4.0
2266,918,10,1,4.75,4.75
2267,918,8,1,6.5,6.5
2268,919,6,1,2.75,2.75
2269,920,7,1,3.25,3.25
2270,920,9,1,7.0,7.0
2271,920,10,1,4.75,4.75
2272,920,7,1,3.25,3.25
2273,921,10,1,4.75,4.75
2274,921,9,1,7.0,7.0
2275,921,3,1,4.25,4.25
2276,922,8,1,6.5,6.5
2277,922,5,1,4.0,4.0
2278,922,8,1,6.5,6.5
2279,922,5,1,4.0,4.0
2280,923,6,1,2.75,2.75
2281,924,4,1,5.25,5.25
2282,924,1,1,3.0,3.0
2283,925,6,1,2.75,2.75
2284,925,7,1,3.25,3.25
2285,925,8,1,6.5,6.5
2286,925,5,1,4.0,4.0
2287,926,10,1,4.75,4.75
2288,926,3,1,4.25,4.25
2289,926,4,1,5.25,5.25
2290,926,7,1,3.25,3.25
2291,927,1,1,3.0,3.0
2292,927,7,1,3.25,3.25
2293,927,7,1,3.25,3.25
2294,928,6,1,2.75,2.75
2295,929,5,1,4.0,4.0
2296,929,10,1,4.75,4.75
2297,930,10,1,4.75,4.75
2298,930,10,1,4.75,4.75
2299,931,7,1,3.25,3.25
2300,932,7,1,3.25,3.25
2301,932,3,1,4.25,4.25
2302,933,10,1,4.75,4.75
2303,933,5,1,4.0,4.0
2304,933,7,1,3.25,3.25
2305,933,2,1,4.5,4.5
2306,934,5,1,4.0,4.0
2307,934,4,1,5.25,5.25
2308,935,8,1,6.5,6.5
2309,935,1,1,3.0,3.0
2310,936,5,1,4.0,4.0
2311,936,7,1,3.25,3.25
2312,936,3,1,4.25,4.25
2313,936,3,1,4.25,4.25
2314,937,8,1,6.5,6.5
2315,938,3,1,4.25,4.25
2316,939,2,1,4.5,4.5
2317,939,5,1,4.0,4.0
2318,940,6,1,2.75,2.75
2319,941,2,1,4.5,4.5
2320,941,1,1,3.0,3.0
2321,941,1,1,3.0,3.0
2322,941,5,1,4.0,4.0
2323,942,4,1,5.25,5.25
2324,943,8,1,6.5,6.5
2325,943,6,1,2.75,2.75
2326,943,10,1,4.75,4.75
2327,943,7,1,3.25,3.25
2328,944,7,1,3.25,3.25
2329,944,10,1,4.75,4.75
2330,944,1,1,3.0,3.0
2331,944,6,1,2.75,2.75
2332,945,3,1,4.25,4.25
2333,945,1,1,3.0,3.0
2334,945,10,1,4.75,4.75
2335,945,2,1,4.5,4.5
2336,946,4,1,5.25,5.25
2337,946,1,1,3.0,3.0
2338,946,6,1,2.75,2.75
2339,946,1,1,3.0,3.0
2340,947,4,1,5.25,5.25
2341,947,10,1,4.75,4.75
2342,947,8,1,6.5,6.5
2343,947,7,1,3.25,3.25
2344,948,7,1,3.25,3.25
2345,949,3,1,4.25,4.25
2346,950,8,1,6.5,6.5
2347,950,2,1,4.5,4.5
2348,951,4,1,5.25,5.25
2349,951,3,1,4.25,4.25
2350,952,6,1,2.75,2.75
2351,952,7,1,3.25,3.25
2352,953,9,1,7.0,7.0
2353,953,8,1,6.5,6.5
2354,954,6,1,2.75,2.75
2355,955,4,1,5.25,5.25
2356,955,4,1,5.25,5.25
2357,955,5,1,4.0,4.0
2358,955,2,1,4.5,4.5
2359,956,10,1,4.75,4.75
2360,956,4,1,5.25,5.25
2361,956,2,1,4.5,4.5
2362,957,1,1,3.0,3.0
2363,957,10,1,4.75,4.75
2364,957,9,1,7.0,7.0
2365,958,3,1,4.25,4.25
2366,958,9,1,7.0,7.0
2367,958,10,1,4.75,4.75
2368,959,3,1,4.25,4.25
2369,959,5,1,4.0,4.0
2370,959,4,1,5.25,5.25
2371,960,10,1,4.75,4.75
2372,961,10,1,4.75,4.75
2373,961,8,1,6.5,6.5
2374,961,4,1,5.25,5.25
2375,962,6,1,2.75,2.75
2376,963,3,1,4.25,4.25
2377,964,9,1,7.0,7.0
2378,965,7,1,3.25,3.25
2379,965,7,1,3.25,3.25
2380,965,2,1,4.5,4.5
2381,966,9,1,7.0,7.0
2382,966,7,1,3.25,3.25
2383,967,8,1,6.5,6.5
2384,967,3,1,4.25,4.25
2385,967,10,1,4.75,4.75
2386,968,3,1,4.25,4.25
2387,968,4,1,5.25,5.25
2388,968,4,1,5.25,5.25
2389,969,10,1,4.75,4.75
2390,969,2,1,4.5,4.5
2391,969,3,1,4.25,4.25
2392,970,2,1,4.5,4.5
2393,971,9,1,7.0,7.0
2394,972,7,1,3.25,3.25
2395,972,4,1,5.25,5.25
2396,973,8,1,6.5,6.5
2397,974,1,1,3.0,3.0
2398,974,2,1,4.5,4.5
2399,974,2,1,4.5,4.5
2400,975,10,1,4.75,4.75
2401,976,10,1,4.75,4.75
2402,977,10,1,4.75,4.75
2403,977,3,1,4.25,4.25
2404,977,2,1,4.5,4.5
2405,978,1,1,3.0,3.0
2406,978,7,1,3.25,3.25
2407,978,9,1,7.0,7.0
2408,978,9,1,7.0,7.0
2409,979,4,1,5.25,5.25
2410,980,1,1,3.0,3.0
2411,980,9,1,7.0,7.0
2412,981,10,1,4.75,4.75
2413,981,4,1,5.25,5.25
2414,982,2,1,4.5,4.5
2415,983,1,1,3.0,3.0
2416,983,4,1,5.25,5.25
2417,983,5,1,4.0,4.0
2418,983,1,1,3.0,3.0
2419,984,10,1,4.75,4.75
2420,984,8,1,6.5,6.5
2421,985,2,1,4.5,4.5
2422,985,1,1,3.0,3.0
2423,986,4,1,5.25,5.25
2424,986,3,1,4.25,4.25
2425,986,10,1,4.75,4.75
2426,987,3,1,4.25,4.25
2427,987,10,1,4.75,4.75
2428,987,7,1,3.25,3.25
2429,988,3,1,4.25,4.25
2430,988,7,1,3.25,3.25
2431,988,8,1,6.5,6.5
2432,988,2,1,4.5,4.5
2433,989,2,1,4.5,4.5
2434,989,5,1,4.0,4.0
2435,990,10,1,4.75,4.75
2436,990,9,1,7.0,7.0
2437,990,10,1,4.75,4.75
2438,991,5,1,4.0,4.0
2439,992,6,1,2.75,2.75
2440,992,5,1,4.0,4.0
2441,992,3,1,4.25,4.25
2442,993,4,1,5.25,5.25
2443,993,7,1,3.25,3.25
2444,993,2,1,4.5,4.5
2445,993,2,1,4.5,4.5
2446,994,2,1,4.5,4.5
2447,994,9,1,7.0,7.0
2448,994,6,1,2.75,2.75
2449,994,10,1,4.75,4.75
2450,995,3,1,4.25,4.25
2451,996,10,1,4.75,4.75
2452,996,3,1,4.25,4.25
2453,996,5,1,4.0,4.0
2454,996,1,1,3.0,3.0
2455,997,1,1,3.0,3.0
2456,997,6,1,2.75,2.75
2457,997,4,1,5.25,5.25
2458,998,8,1,6.5,6.5
2459,998,6,1,2.75,2.75
2460,999,2,1,4.5,4.5
2461,999,5,1,4.0,4.0
2462,999,7,1,3.25,3.25
2463,1000,4,1,5.25,5.25
2464,1001,5,1,4.0,4.0
2465,1002,8,1,6.5,6.5
2466,1002,9,1,7.0,7.0
2467,1002,9,1,7.0,7.0
2468,1002,2,1,4.5,4.5
2469,1003,7,1,3.25,3.25
2470,1004,9,1,7.0,7.0
2471,1004,10,1,4.75,4.75
2472,1005,3,1,4.25,4.25
2473,1005,2,1,4.5,4.5
2474,1006,2,1,4.5,4.5
2475,1006,6,1,2.75,2.75
2476,1006,4,1,5.25,5.25
2477,1007,5,1,4.0,4.0
2478,1007,4,1,5.25,5.25
2479,1007,1,1,3.0,3.0
2480,1008,5,1,4.0,4.0
2481,1008,9,1,7.0,7.0
2482,1009,6,1,2.75,2.75
2483,1010,6,1,2.75,2.75
2484,1010,2,1,4.5,4.5
2485,1010,1,1,3.0,3.0
2486,1011,1,1,3.0,3.0
2487,1011,2,1,4.5,4.5
2488,1011,7,1,3.25,3.25
2489,1012,2,1,4.5,4.5
2490,1012,8,1,6.5,6.5
2491,1012,1,1,3.0,3.0
2492,1012,3,1,4.25,4.25
2493,1013,6,1,2.75,2.75
2494,1013,5,1,4.0,4.0
2495,1013,6,1,2.75,2.75
2496,1013,7,1,3.25,3.25
2497,1014,8,1,6.5,6.5
2498,1014,3,1,4.25,4.25
2499,1014,3,1,4.25,4.25
2500,1014,6,1,2.75,2.75
2501,1015,4,1,5.25,5.25
2502,1016,6,1,2.75,2.75
2503,1016,1,1,3.0,3.0
2504,1016,3,1,4.25,4.25
2505,1016,4,1,5.25,5.25
2506,1017,3,1,4.25,4.25
2507,1017,6,1,2.75,2.75
2508,1017,7,1,3.25,3.25
2509,1017,9,1,7.0,7.0
2510,1018,2,1,4.5,4.5
2511,1019,9,1,7.0,7.0
2512,1019,1,1,3.0,3.0
2513,1019,4,1,5.25,5.25
2514,1020,7,1,3.25,3.25
2515,1021,7,1,3.25,3.25
2516,1022,5,1,4.0,4.0
2517,1022,2,1,4.5,4.5
2518,1023,4,1,5.25,5.25
2519,1023,8,1,6.5,6.5
2520,1023,2,1,4.5,4.5
2521,1023,9,1,7.0,7.0
2522,1024,2,1,4.5,4.5
2523,1024,3,1,4.25,4.25
2524,1025,7,1,3.25,3.25
2525,1025,1,1,3.0,3.0
2526,1026,4,1,5.25,5.25
2527,1026,6,1,2.75,2.75
2528,1027,2,1,4.5,4.5
2529,1027,5,1,4.0,4.0
2530,1027,6,1,2.75,2.75
2531,1028,3,1,4.25,4.25
2532,1029,7,1,3.25,3.25
2533,1030,5,1,4.0,4.0
2534,1030,2,1,4.5,4.5
2535,1030,2,1,4.5,4.5
2536,1031,6,1,2.75,2.75
2537,1031,6,1,2.75,2.75
2538,1031,10,1,4.75,4.75
2539,1032,2,1,4.5,4.5
2540,1032,2,1,4.5,4.5
2541,1032,3,1,4.25,4.25
2542,1032,10,1,4.75,4.75
2543,1033,8,1,6.5,6.5
2544,1033,2,1,4.5,4.5
2545,1034,8,1,6.5,6.5
2546,1034,4,1,5.25,5.25
2547,1034,9,1,7.0,7.0
2548,1035,6,1,2.75,2.75
2549,1035,8,1,6.5,6.5
2550,1035,2,1,4.5,4.5
2551,1036,10,1,4.75,4.75
2552,1036,5,1,4.0,4.0
2553,1037,4,1,5.25,5.25
2554,1038,8,1,6.5,6.5
2555,1038,9,1,7.0,7.0
2556,1039,4,1,5.25,5.25
2557,1039,3,1,4.25,4.25
2558,1039,1,1,3.0,3.0
2559,1040,4,1,5.25,5.25
2560,1040,5,1,4.0,4.0
2561,1040,5,1,4.0,4.0
2562,1041,1,1,3.0,3.0
2563,1041,3,1,4.25,4.25
2564,1041,5,1,4.0,4.0
2565,1042,9,1,7.0,7.0
2566,1042,2,1,4.5,4.5
2567,1043,9,1,7.0,7.0
2568,1044,4,1,5.25,5.25
2569,1044,5,1,4.0,4.0
2570,1044,3,1,4.25,4.25
2571,1045,5,1,4.0,4.0
2572,1045,10,1,4.75,4.75
2573,1045,9,1,7.0,7.0
2574,1045,4,1,5.25,5.25
2575,1046,10,1,4.75,4.75
2576,1046,7,1,3.25,3.25
2577,1047,3,1,4.25,4.25
2578,1047,8,1,6.5,6.5
2579,1047,3,1,4.25,4.25
2580,1047,3,1,4.25,4.25
2581,1048,1,1,3.0,3.0
2582,1048,5,1,4.0,4.0
2583,1048,3,1,4.25,4.25
2584,1049,3,1,4.25,4.25
2585,1050,2,1,4.5,4.5
2586,1050,9,1,7.0,7.0
2587,1050,3,1,4.25,4.25
2588,1050,1,1,3.0,3.0
2589,1051,3,1,4.25,4.25
2590,1052,1,1,3.0,3.0
2591,1053,4,1,5.25,5.25
2592,1054,5,1,4.0,4.0
2593,1054,6,1,2.75,2.75
2594,1055,1,1,3.0,3.0
2595,1056,9,1,7.0,7.0
2596,1057,7,1,3.25,3.25
2597,1057,7,1,3.25,3.25
2598,1058,7,1,3.25,3.25
2599,1058,2,1,4.5,4.5
2600,1059,5,1,4.0,4.0
2601,1060,6,1,2.75,2.75
2602,1061,7,1,3.25,3.25
2603,1061,9,1,7.0,7.0
2604,1062,5,1,4.0,4.0
2605,1062,10,1,4.75,4.75
2606,1063,6,1,2.75,2.75
2607,1063,5,1,4.0,4.0
2608,1063,2,1,4.5,4.5
2609,1063,1,1,3.0,3.0
2610,1064,7,1,3.25,3.25
2611,1064,8,1,6.5,6.5
2612,1065,5,1,4.0,4.0
2613,1065,3,1,4.25,4.25
2614,1065,2,1,4.5,4.5
2615,1065,6,1,2.75,2.75
2616,1066,8,1,6.5,6.5
2617,1066,7,1,3.25,3.25
2618,1066,8,1,6.5,6.5
2619,1067,4,1,5.25,5.25
2620,1067,7,1,3.25,3.25
2621,1068,7,1,3.25,3.25
2622,1068,2,1,4.5,4.5
2623,1069,4,1,5.25,5.25
2624,1070,9,1,7.0,7.0
2625,1070,8,1,6.5,6.5
2626,1070,3,1,4.25,4.25
2627,1071,5,1,4.0,4.0
2628,1071,8,1,6.5,6.5
2629,1072,4,1,5.25,5.25
2630,1072,1,1,3.0,3.0
2631,1073,7,1,3.25,3.25
2632,1074,10,1,4.75,4.75
2633,1074,3,1,4.25,4.25
2634,1074,1,1,3.0,3.0
2635,1074,3,1,4.25,4.25
2636,1075,1,1,3.0,3.0
2637,1076,8,1,6.5,6.5
2638,1076,7,1,3.25,3.25
2639,1076,6,1,2.75,2.75
2640,1077,2,1,4.5,4.5
2641,1077,3,1,4.25,4.25
2642,1077,1,1,3.0,3.0
2643,1078,1,1,3.0,3.0
2644,1078,7,1,3.25,3.25
2645,1079,10,1,4.75,4.75
2646,1079,9,1,7.0,7.0
2647,1079,5,1,4.0,4.0
2648,1080,4,1,5.25,5.25
2649,1080,7,1,3.25,3.25
2650,1081,9,1,7.0,7.0
2651,1081,10,1,4.75,4.75
2652,1082,7,1,3.25,3.25
2653,1082,7,1,3.25,3.25
2654,1082,3,1,4.25,4.25
2655,1083,5,1,4.0,4.0
2656,1083,2,1,4.5,4.5
2657,1084,9,1,7.0,7.0
2658,1084,2,1,4.5,4.5
2659,1085,4,1,5.25,5.25
2660,1086,1,1,3.0,3.0
2661,1086,1,1,3.0,3.0
2662,1086,6,1,2.75,2.75
2663,1086,2,1,4.5,4.5
2664,1087,7,1,3.25,3.25
2665,1087,6,1,2.75,2.75
2666,1087,3,1,4.25,4.25
2667,1088,1,1,3.0,3.0
2668,1088,10,1,4.75,4.75
2669,1089,3,1,4.25,4.25
2670,1089,3,1,4.25,4.25
2671,1089,8,1,6.5,6.5
2672,1090,3,1,4.25,4.25
2673,1090,3,1,4.25,4.25
2674,1091,3,1,4.25,4.25
2675,1091,6,1,2.75,2.75
2676,1091,5,1,4.0,4.0
2677,1091,6,1,2.75,2.75
2678,1092,4,1,5.25,5.25
2679,1092,10,1,4.75,4.75
2680,1093,1,1,3.0,3.0
2681,1094,2,1,4.5,4.5
2682,1094,8,1,6.5,6.5
2683,1094,6,1,2.75,2.75
2684,1094,3,1,4.25,4.25
2685,1095,6,1,2.75,2.75
2686,1095,2,1,4.5,4.5
2687,1095,2,1,4.5,4.5
2688,1096,5,1,4.0,4.0
2689,1096,8,1,6.5,6.5
2690,1096,3,1,4.25,4.25
2691,1096,2,1,4.5,4.5
2692,1097,7,1,3.25,3.25
2693,1097,7,1,3.25,3.25
2694,1097,10,1,4.75,4.75
2695,1098,6,1,2.75,2.75
2696,1098,2,1,4.5,4.5
2697,1098,7,1,3.25,3.25
2698,1099,9,1,7.0,7.0
2699,1099,1,1,3.0,3.0
2700,1100,10,1,4.75,4.75
2701,1100,7,1,3.25,3.25
2702,1101,6,1,2.75,2.75
2703,1102,7,1,3.25,3.25
2704,1102,4,1,5.25,5.25
2705,1102,7,1,3.25,3.25
2706,1102,6,1,2.75,2.75
2707,1103,8,1,6.5,6.5
2708,1103,2,1,4.5,4.5
2709,1104,3,1,4.25,4.25
2710,1104,4,1,5.25,5.25
2711,1104,6,1,2.75,2.75
2712,1104,10,1,4.75,4.75
2713,1105,7,1,3.25,3.25
2714,1105,8,1,6.5,6.5
2715,1105,4,1,5.25,5.25
2716,1106,3,1,4.25,4.25
2717,1107,8,1,6.5,6.5
2718,1107,7,1,3.25,3.25
2719,1107,9,1,7.0,7.0
2720,1108,2,1,4.5,4.5
2721,1109,6,1,2.75,2.75
2722,1109,7,1,3.25,3.25
2723,1110,6,1,2.75,2.75
2724,1110,10,1,4.75,4.75
2725,1110,7,1,3.25,3.25
2726,1110,1,1,3.0,3.0
2727,1111,6,1,2.75,2.75
2728,1111,6,1,2.75,2.75
2729,1112,6,1,2.75,2.75
2730,1112,2,1,4.5,4.5
2731,1112,7,1,3.25,3.25
2732,1112,5,1,4.0,4.0
2733,1113,8,1,6.5,6.5
2734,1113,10,1,4.75,4.75
2735,1114,9,1,7.0,7.0
2736,1114,3,1,4.25,4.25
2737,1114,10,1,4.75,4.75
2738,1114,7,1,3.25,3.25
2739,1115,5,1,4.0,4.0
2740,1116,7,1,3.25,3.25
2741,1116,7,1,3.25,3.25
2742,1116,6,1,2.75,2.75
2743,1116,6,1,2.75,2.75
2744,1117,3,1,4.25,4.25
2745,1118,9,1,7.0,7.0
2746,1118,7,1,3.25,3.25
2747,1119,10,1,4.75,4.75
2748,1119,2,1,4.5,4.5
2749,1119,2,1,4.5,4.5
2750,1120,2,1,4.5,4.5
2751,1120,8,1,6.5,6.5
2752,1120,10,1,4.75,4.75
2753,1120,9,1,7.0,7.0
2754,1121,7,1,3.25,3.25
2755,1121,4,1,5.25,5.25
2756,1121,4,1,5.25,5.25
2757,1122,4,1,5.25,5.25
2758,1123,7,1,3.25,3.25
2759,1123,1,1,3.0,3.0
2760,1123,6,1,2.75,2.75
2761,1123,4,1,5.25,5.25
2762,1124,7,1,3.25,3.25
2763,1125,9,1,7.0,7.0
2764,1125,10,1,4.75,4.75
2765,1125,6,1,2.75,2.75
2766,1126,9,1,7.0,7.0
2767,1126,7,1,3.25,3.25
2768,1127,7,1,3.25,3.25
2769,1127,3,1,4.25,4.25
2770,1128,4,1,5.25,5.25
2771,1128,2,1,4.5,4.5
2772,1128,3,1,4.25,4.25
2773,1128,9,1,7.0,7.0
2774,1129,6,1,2.75,2.75
2775,1129,4,1,5.25,5.25
2776,1130,10,1,4.75,4.75
2777,1131,3,1,4.25,4.25
2778,1132,4,1,5.25,5.25
2779,1132,4,1,5.25,5.25
2780,1133,5,1,4.0,4.0
2781,1134,2,1,4.5,4.5
2782,1135,2,1,4.5,4.5
2783,1135,2,1,4.5,4.5
2784,1136,7,1,3.25,3.25
2785,1137,7,1,3.25,3.25
2786,1137,7,1,3.25,3.25
2787,1138,5,1,4.0,4.0
2788,1138,1,1,3.0,3.0
2789,1139,6,1,2.75,2.75
2790,1140,9,1,7.0,7.0
2791,1140,5,1,4.0,4.0
2792,1141,9,1,7.0,7.0
2793,1142,4,1,5.25,5.25
2794,1143,3,1,4.25,4.25
2795,1144,6,1,2.75,2.75
2796,1145,7,1,3.25,3.25
2797,1145,9,1,7.0,7.0
2798,1145,7,1,3.25,3.25
2799,1145,4,1,5.25,5.25
2800,1146,2,1,4.5,4.5
2801,1146,10,1,4.75,4.75
2802,1146,10,1,4.75,4.75
2803,1146,5,1,4.0,4.0
2804,1147,8,1,6.5,6.5
2805,1147,7,1,3.25,3.25
2806,1147,10,1,4.75,4.75
2807,1147,5,1,4.0,4.0
2808,1148,10,1,4.75,4.75
2809,1148,6,1,2.75,2.75
2810,1149,1,1,3.0,3.0
2811,1149,9,1,7.0,7.0
2812,1150,7,1,3.25,3.25
2813,1150,1,1,3.0,3.0
2814,1150,2,1,4.5,4.5
2815,1151,4,1,5.25,5.25
2816,1151,2,1,4.5,4.5
2817,1151,4,1,5.25,5.25
2818,1152,1,1,3.0,3.0
2819,1153,8,1,6.5,6.5
2820,1153,10,1,4.75,4.75
2821,1154,5,1,4.0,4.0
2822,1154,10,1,4.75,4.75
2823,1154,4,1,5.25,5.25
2824,1154,9,1,7.0,7.0
2825,1155,10,1,4.75,4.75
2826,1156,4,1,5.25,5.25
2827,1156,1,1,3.0,3.0
2828,1157,7,1,3.25,3.25
2829,1157,2,1,4.5,4.5
2830,1157,2,1,4.5,4.5
2831,1158,4,1,5.25,5.25
2832,1158,10,1,4.75,4.75
2833,1158,1,1,3.0,3.0
2834,1158,5,1,4.0,4.0
2835,1159,5,1,4.0,4.0
2836,1159,3,1,4.25,4.25
2837,1159,7,1,3.25,3.25
2838,1159,1,1,3.0,3.0
2839,1160,1,1,3.0,3.0
2840,1160,2,1,4.5,4.5
2841,1160,8,1,6.5,6.5
2842,1161,6,1,2.75,2.75
2843,1161,6,1,2.75,2.75
2844,1161,7,1,3.25,3.25
2845,1162,7,1,3.25,3.25
2846,1163,1,1,3.0,3.0
2847,1164,2,1,4.5,4.5
2848,1164,4,1,5.25,5.25
2849,1165,1,1,3.0,3.0
2850,1165,2,1,4.5,4.5
2851,1165,1,1,3.0,3.0
2852,1166,5,1,4.0,4.0
2853,1166,3,1,4.25,4.25
2854,1166,3,1,4.25,4.25
2855,1166,10,1,4.75,4.75
2856,1167,10,1,4.75,4.75
2857,1167,7,1,3.25,3.25
2858,1168,5,1,4.0,4.0
2859,1168,6,1,2.75,2.75
2860,1168,8,1,6.5,6.5
2861,1168,4,1,5.25,5.25
2862,1169,2,1,4.5,4.5
2863,1169,2,1,4.5,4.5
2864,1170,7,1,3.25,3.25
2865,1170,4,1,5.25,5.25
2866,1170,8,1,6.5,6.5
2867,1170,2,1,4.5,4.5
2868,1171,8,1,6.5,6.5
2869,1171,3,1,4.25,4.25
2870,1171,9,1,7.0,7.0
2871,1172,8,1,6.5,6.5
2872,1172,10,1,4.75,4.75
2873,1172,9,1,7.0,7.0
2874,1172,4,1,5.25,5.25
2875,1173,7,1,3.25,3.25
2876,1173,3,1,4.25,4.25
2877,1173,5,1,4.0,4.0
2878,1174,4,1,5.25,5.25
2879,1175,8,1,6.5,6.5
2880,1176,9,1,7.0,7.0
2881,1177,7,1,3.25,3.25
2882,1177,9,1,7.0,7.0
2883,1178,5,1,4.0,4.0
2884,1178,6,1,2.75,2.75
2885,1178,2,1,4.5,4.5
2886,1178,1,1,3.0,3.0
2887,1179,4,1,5.25,5.25
2888,1179,7,1,3.25,3.25
2889,1179,3,1,4.25,4.25
2890,1180,2,1,4.5,4.5
2891,1180,1,1,3.0,3.0
2892,1180,4,1,5.25,5.25
2893,1180,2,1,4.5,4.5
2894,1181,4,1,5.25,5.25
2895,1181,2,1,4.5,4.5
2896,1181,9,1,7.0,7.0
2897,1182,5,1,4.0,4.0
2898,1182,8,1,6.5,6.5
2899,1183,10,1,4.75,4.75
2900,1183,5,1,4.0,4.0
2901,1183,1,1,3.0,3.0
2902,1184,4,1,5.25,5.25
2903,1184,3,1,4.25,4.25
2904,1184,6,1,2.75,2.75
2905,1185,3,1,4.25,4.25
2906,1185,1,1,3.0,3.0
2907,1185,8,1,6.5,6.5
2908,1185,7,1,3.25,3.25
2909,1186,3,1,4.25,4.25
2910,1187,8,1,6.5,6.5
2911,1188,10,1,4.75,4.75
2912,1189,2,1,4.5,4.5
2913,1189,2,1,4.5,4.5
2914,1190,6,1,2.75,2.75
2915,1190,9,1,7.0,7.0
2916,1190,5,1,4.0,4.0
2917,1190,8,1,6.5,6.5
2918,1191,2,1,4.5,4.5
2919,1191,5,1,4.0,4.0
2920,1191,9,1,7.0,7.0
2921,1191,1,1,3.0,3.0
2922,1192,1,1,3.0,3.0
2923,1192,4,1,5.25,5.25
2924,1192,10,1,4.75,4.75
2925,1192,7,1,3.25,3.25
2926,1193,9,1,7.0,7.0
2927,1193,8,1,6.5,6.5
2928,1193,9,1,7.0,7.0
2929,1194,7,1,3.25,3.25
2930,1194,10,1,4.75,4.75
2931,1194,7,1,3.25,3.25
2932,1195,7,1,3.25,3.25
2933,1196,1,1,3.0,3.0
2934,1197,9,1,7.0,7.0
2935,1197,5,1,4.0,4.0
2936,1198,8,1,6.5,6.5
2937,1198,5,1,4.0,4.0
2938,1198,2,1,4.5,4.5
2939,1199,5,1,4.0,4.0
2940,1199,10,1,4.75,4.75
2941,1200,7,1,3.25,3.25
2942,1201,5,1,4.0,4.0
2943,1202,4,1,5.25,5.25
2944,1202,1,1,3.0,3.0
2945,1202,8,1,6.5,6.5
2946,1203,7,1,3.25,3.25
2947,1203,2,1,4.5,4.5
2948,1203,5,1,4.0,4.0
2949,1203,5,1,4.0,4.0
2950,1204,5,1,4.0,4.0
2951,1204,3,1,4.25,4.25
2952,1205,2,1,4.5,4.5
2953,1205,5,1,4.0,4.0
2954,1205,10,1,4.75,4.75
2955,1206,3,1,4.25,4.25
2956,1207,8,1,6.5,6.5
2957,1207,6,1,2.75,2.75
2958,1207,7,1,3.25,3.25
2959,1208,9,1,7.0,7.0
2960,1209,4,1,5.25,5.25
2961,1209,10,1,4.75,4.75
2962,1209,9,1,7.0,7.0
2963,1210,7,1,3.25,3.25
2964,1211,9,1,7.0,7.0
2965,1211,8,1,6.5,6.5
2966,1211,1,1,3.0,3.0
2967,1211,2,1,4.5,4.5
2968,1212,10,1,4.75,4.75
2969,1212,2,1,4.5,4.5
2970,1212,5,1,4.0,4.0
2971,1213,9,1,7.0,7.0
2972,1213,3,1,4.25,4.25
2973,1214,3,1,4.25,4.25
2974,1214,5,1,4.0,4.0
2975,1215,10,1,4.75,4.75
2976,1215,4,1,5.25,5.25
2977,1215,2,1,4.5,4.5
2978,1215,2,1,4.5,4.5
2979,1216,4,1,5.25,5.25
2980,1216,2,1,4.5,4.5
2981,1217,1,1,3.0,3.0
2982,1217,2,1,4.5,4.5
2983,1217,5,1,4.0,4.0
2984,1217,7,1,3.25,3.25
2985,1218,10,1,4.75,4.75
2986,1218,2,1,4.5,4.5
2987,1218,7,1,3.25,3.25
2988,1218,3,1,4.25,4.25
2989,1219,3,1,4.25,4.25
2990,1219,9,1,7.0,7.0
2991,1220,10,1,4.75,4.75
2992,1221,7,1,3.25,3.25
2993,1221,2,1,4.5,4.5
2994,1221,8,1,6.5,6.5
2995,1221,7,1,3.25,3.25
2996,1222,1,1,3.0,3.0
2997,1222,10,1,4.75,4.75
2998,1222,5,1,4.0,4.0
2999,1222,1,1,3.0,3.0
3000,1223,6,1,2.75,2.75
3001,1224,1,1,3.0,3.0
3002,1224,3,1,4.25,4.25
3003,1224,6,1,2.75,2.75
3004,1225,9,1,7.0,7.0
3005,1225,2,1,4.5,4.5
3006,1225,3,1,4.25,4.25
3007,1225,3,1,4.25,4.25
3008,1226,3,1,4.25,4.25
3009,1226,5,1,4.0,4.0
3010,1226,5,1,4.0,4.0
3011,1226,7,1,3.25,3.25
3012,1227,3,1,4.25,4.25
3013,1227,6,1,2.75,2.75
3014,1227,10,1,4.75,4.75
3015,1228,1,1,3.0,3.0
3016,1229,8,1,6.5,6.5
3017,1229,6,1,2.75,2.75
3018,1229,4,1,5.25,5.25
3019,1229,4,1,5.25,5.25
3020,1230,2,1,4.5,4.5
3021,1230,1,1,3.0,3.0
3022,1230,10,1,4.75,4.75
3023,1230,5,1,4.0,4.0
3024,1231,6,1,2.75,2.75
3025,1231,2,1,4.5,4.5
3026,1232,4,1,5.25,5.25
3027,1232,5,1,4.0,4.0
3028,1233,9,1,7.0,7.0
3029,1233,4,1,5.25,5.25
3030,1233,2,1,4.5,4.5
3031,1233,10,1,4.75,4.75
3032,1234,1,1,3.0,3.0
3033,1234,3,1,4.25,4.25
3034,1235,6,1,2.75,2.75
3035,1236,10,1,4.75,4.75
3036,1236,8,1,6.5,6.5
3037,1237,8,1,6.5,6.5
3038,1238,2,1,4.5,4.5
3039,1238,2,1,4.5,4.5
3040,1238,8,1,6.5,6.5
3041,1239,4,1,5.25,5.25
3042,1240,2,1,4.5,4.5
3043,1240,3,1,4.25,4.25
3044,1240,5,1,4.0,4.0
3045,1241,7,1,3.25,3.25
3046,1241,10,1,4.75,4.75
3047,1241,1,1,3.0,3.0
3048,1242,6,1,2.75,2.75
3049,1243,1,1,3.0,3.0
3050,1243,4,1,5.25,5.25
3051,1243,8,1,6.5,6.5
3052,1244,2,1,4.5,4.5
3053,1244,7,1,3.25,3.25
3054,1244,10,1,4.75,4.75
3055,1245,2,1,4.5,4.5
3056,1246,5,1,4.0,4.0
3057,1246,4,1,5.25,5.25
3058,1246,1,1,3.0,3.0
3059,1246,1,1,3.0,3.0
3060,1247,9,1,7.0,7.0
3061,1248,7,1,3.25,3.25
3062,1248,9,1,7.0,7.0
3063,1248,3,1,4.25,4.25
3064,1248,2,1,4.5,4.5
3065,1249,4,1,5.25,5.25
3066,1249,6,1,2.75,2.75
3067,1249,7,1,3.25,3.25
3068,1250,4,1,5.25,5.25
3069,1251,4,1,5.25,5.25
3070,1252,1,1,3.0,3.0
3071,1252,6,1,2.75,2.75
3072,1252,6,1,2.75,2.75
3073,1253,10,1,4.75,4.75
3074,1253,7,1,3.25,3.25
3075,1254,5,1,4.0,4.0
3076,1255,8,1,6.5,6.5
3077,1255,5,1,4.0,4.0
3078,1256,6,1,2.75,2.75
3079,1256,9,1,7.0,7.0
3080,1256,9,1,7.0,7.0
3081,1257,5,1,4.0,4.0
3082,1257,2,1,4.5,4.5
3083,1257,4,1,5.25,5.25
3084,1257,3,1,4.25,4.25
3085,1258,6,1,2.75,2.75
3086,1259,2,1,4.5,4.5
3087,1259,1,1,3.0,3.0
3088,1259,8,1,6.5,6.5
3089,1259,1,1,3.0,3.0
3090,1260,2,1,4.5,4.5
3091,1260,1,1,3.0,3.0
3092,1260,5,1,4.0,4.0
3093,1261,8,1,6.5,6.5
3094,1261,1,1,3.0,3.0
3095,1261,4,1,5.25,5.25
3096,1261,4,1,5.25,5.25
3097,1262,5,1,4.0,4.0
3098,1263,5,1,4.0,4.0
3099,1263,10,1,4.75,4.75
3100,1263,4,1,5.25,5.25
3101,1264,1,1,3.0,3.0
3102,1264,2,1,4.5,4.5
3103,1264,9,1,7.0,7.0
3104,1264,7,1,3.25,3.25
3105,1265,3,1,4.25,4.25
3106,1265,7,1,3.25,3.25
3107,1265,8,1,6.5,6.5
3108,1266,4,1,5.25,5.25
3109,1267,1,1,3.0,3.0
3110,1267,10,1,4.75,4.75
3111,1267,5,1,4.0,4.0
3112,1267,6,1,2.75,2.75
3113,1268,5,1,4.0,4.0
3114,1269,8,1,6.5,6.5
3115,1270,9,1,7.0,7.0
3116,1270,4,1,5.25,5.25
3117,1270,7,1,3.25,3.25
3118,1270,1,1,3.0,3.0
3119,1271,8,1,6.5,6.5
3120,1272,3,1,4.25,4.25
3121,1272,10,1,4.75,4.75
3122,1273,10,1,4.75,4.75
3123,1273,6,1,2.75,2.75
3124,1273,1,1,3.0,3.0
3125,1273,9,1,7.0,7.0
3126,1274,1,1,3.0,3.0
3127,1274,6,1,2.75,2.75
3128,1274,9,1,7.0,7.0
3129,1275,9,1,7.0,7.0
3130,1276,7,1,3.25,3.25
3131,1276,2,1,4.5,4.5
3132,1276,7,1,3.25,3.25
3133,1277,7,1,3.25,3.25
3134,1277,6,1,2.75,2.75
3135,1277,8,1,6.5,6.5
3136,1278,1,1,3.0,3.0
3137,1278,5,1,4.0,4.0
3138,1278,3,1,4.25,4.25
3139,1279,9,1,7.0,7.0
3140,1279,9,1,7.0,7.0
3141,1279,10,1,4.75,4.75
3142,1280,3,1,4.25,4.25
3143,1281,10,1,4.75,4.75
3144,1281,9,1,7.0,7.0
3145,1282,10,1,4.75,4.75
3146,1283,5,1,4.0,4.0
3147,1283,4,1,5.25,5.25
3148,1283,10,1,4.75,4.75
3149,1284,4,1,5.25,5.25
3150,1284,8,1,6.5,6.5
3151,1284,6,1,2.75,2.75
3152,1285,6,1,2.75,2.75
3153,1285,2,1,4.5,4.5
3154,1285,6,1,2.75,2.75
3155,1285,9,1,7.0,7.0
3156,1286,8,1,6.5,6.5
3157,1286,7,1,3.25,3.25
3158,1287,10,1,4.75,4.75
3159,1287,3,1,4.25,4.25
3160,1287,10,1,4.75,4.75
3161,1287,5,1,4.0,4.0
3162,1288,7,1,3.25,3.25
3163,1289,3,1,4.25,4.25
3164,1289,8,1,6.5,6.5
3165,1290,9,1,7.0,7.0
3166,1290,8,1,6.5,6.5
3167,1290,2,1,4.5,4.5
3168,1291,6,1,2.75,2.75
3169,1291,3,1,4.25,4.25
3170,1291,7,1,3.25,3.25
3171,1291,9,1,7.0,7.0
3172,1292,6,1,2.75,2.75
3173,1292,10,1,4.75,4.75
3174,1292,10,1,4.75,4.75
3175,1293,8,1,6.5,6.5
3176,1293,7,1,3.25,3.25
3177,1293,8,1,6.5,6.5
3178,1294,10,1,4.75,4.75
3179,1294,9,1,7.0,7.0
3180,1295,8,1,6.5,6.5
3181,1295,3,1,4.25,4.25
3182,1295,9,1,7.0,7.0
3183,1296,5,1,4.0,4.0
3184,1296,8,1,6.5,6.5
3185,1297,6,1,2.75,2.75
3186,1297,7,1,3.25,3.25
3187,1297,6,1,2.75,2.75
3188,1298,9,1,7.0,7.0
3189,1298,5,1,4.0,4.0
3190,1298,10,1,4.75,4.75
3191,1298,10,1,4.75,4.75
3192,1299,2,1,4.5,4.5
3193,1299,5,1,4.0,4.0
3194,1300,4,1,5.25,5.25
3195,1301,10,1,4.75,4.75
3196,1302,8,1,6.5,6.5
3197,1303,9,1,7.0,7.0
3198,1303,3,1,4.25,4.25
3199,1303,8,1,6.5,6.5
3200,1303,5,1,4.0,4.0
3201,1304,7,1,3.25,3.25
3202,1304,8,1,6.5,6.5
3203,1304,5,1,4.0,4.0
3204,1304,2,1,4.5,4.5
3205,1305,2,1,4.5,4.5
3206,1305,4,1,5.25,5.25
3207,1305,2,1,4.5,4.5
3208,1306,8,1,6.5,6.5
3209,1306,9,1,7.0,7.0
3210,1306,2,1,4.5,4.5
3211,1307,9,1,7.0,7.0
3212,1307,1,1,3.0,3.0
3213,1308,4,1,5.25,5.25
3214,1308,5,1,4.0,4.0
3215,1309,5,1,4.0,4.0
3216,1309,3,1,4.25,4.25
3217,1309,4,1,5.25,5.25
3218,1309,2,1,4.5,4.5
3219,1310,2,1,4.5,4.5
3220,1310,8,1,6.5,6.5
3221,1310,9,1,7.0,7.0
3222,1310,10,1,4.75,4.75
3223,1311,5,1,4.0,4.0
3224,1311,10,1,4.75,4.75
3225,1311,7,1,3.25,3.25
3226,1311,10,1,4.75,4.75
3227,1312,5,1,4.0,4.0
3228,1312,4,1,5.25,5.25
3229,1313,10,1,4.75,4.75
3230,1313,6,1,2.75,2.75
3231,1313,9,1,7.0,7.0
3232,1313,8,1,6.5,6.5
3233,1314,7,1,3.25,3.25
3234,1314,8,1,6.5,6.5
3235,1314,6,1,2.75,2.75
3236,1315,8,1,6.5,6.5
3237,1315,6,1,2.75,2.75
3238,1316,8,1,6.5,6.5
3239,1316,8,1,6.5,6.5
3240,1317,5,1,4.0,4.0
3241,1318,9,1,7.0,7.0
3242,1319,7,1,3.25,3.25
3243,1319,8,1,6.5,6.5
3244,1319,7,1,3.25,3.25
3245,1319,7,1,3.25,3.25
3246,1320,8,1,6.5,6.5
3247,1320,7,1,3.25,3.25
3248,1320,4,1,5.25,5.25
3249,1321,3,1,4.25,4.25
3250,1321,10,1,4.75,4.75
3251,1321,9,1,7.0,7.0
3252,1322,9,1,7.0,7.0
3253,1322,2,1,4.5,4.5
3254,1322,1,1,3.0,3.0
3255,1323,9,1,7.0,7.0
3256,1323,7,1,3.25,3.25
3257,1324,4,1,5.25,5.25
3258,1324,9,1,7.0,7.0
3259,1324,4,1,5.25,5.25
3260,1324,1,1,3.0,3.0
3261,1325,8,1,6.5,6.5
3262,1325,1,1,3.0,3.0
3263,1325,3,1,4.25,4.25
3264,1325,5,1,4.0,4.0
3265,1326,5,1,4.0,4.0
3266,1327,5,1,4.0,4.0
3267,1327,2,1,4.5,4.5
3268,1328,1,1,3.0,3.0
3269,1329,10,1,4.75,4.75
3270,1329,5,1,4.0,4.0
3271,1330,5,1,4.0,4.0
3272,1330,8,1,6.5,6.5
3273,1330,4,1,5.25,5.25
3274,1331,2,1,4.5,4.5
3275,1331,4,1,5.25,5.25
3276,1331,7,1,3.25,3.25
3277,1331,9,1,7.0,7.0
3278,1332,1,1,3.0,3.0
3279,1332,8,1,6.5,6.5
3280,1332,7,1,3.25,3.25
3281,1332,6,1,2.75,2.75
3282,1333,4,1,5.25,5.25
3283,1333,8,1,6.5,6.5
3284,1333,6,1,2.75,2.75
3285,1333,8,1,6.5,6.5
3286,1334,9,1,7.0,7.0
3287,1335,3,1,4.25,4.25
3288,1336,8,1,6.5,6.5
3289,1337,10,1,4.75,4.75
3290,1337,10,1,4.75,4.75
3291,1337,7,1,3.25,3.25
3292,1338,4,1,5.25,5.25
3293,1338,6,1,2.75,2.75
3294,1338,8,1,6.5,6.5
3295,1339,7,1,3.25,3.25
3296,1340,9,1,7.0,7.0
3297,1340,2,1,4.5,4.5
3298,1341,7,1,3.25,3.25
3299,1342,9,1,7.0,7.0
3300,1342,7,1,3.25,3.25
3301,1343,5,1,4.0,4.0
3302,1343,5,1,4.0,4.0
3303,1343,9,1,7.0,7.0
3304,1343,6,1,2.75,2.75
3305,1344,9,1,7.0,7.0
3306,1344,4,1,5.25,5.25
3307,1344,10,1,4.75,4.75
3308,1345,8,1,6.5,6.5
3309,1345,4,1,5.25,5.25
3310,1345,6,1,2.75,2.75
3311,1345,3,1,4.25,4.25
3312,1346,6,1,2.75,2.75
3313,1347,4,1,5.25,5.25
3314,1347,2,1,4.5,4.5
3315,1348,10,1,4.75,4.75
3316,1349,1,1,3.0,3.0
3317,1349,4,1,5.25,5.25
3318,1349,5,1,4.0,4.0
3319,1350,10,1,4.75,4.75
3320,1350,7,1,3.25,3.25
3321,1350,5,1,4.0,4.0
3322,1351,5,1,4.0,4.0
3323,1351,3,1,4.25,4.25
3324,1352,6,1,2.75,2.75
3325,1352,10,1,4.75,4.75
3326,1352,10,1,4.75,4.75
3327,1352,10,1,4.75,4.75
3328,1353,1,1,3.0,3.0
3329,1353,4,1,5.25,5.25
3330,1354,3,1,4.25,4.25
3331,1354,8,1,6.5,6.5
3332,1355,8,1,6.5,6.5
3333,1355,6,1,2.75,2.75
3334,1355,5,1,4.0,4.0
3335,1355,9,1,7.0,7.0
3336,1356,7,1,3.25,3.25
3337,1356,8,1,6.5,6.5
3338,1356,6,1,2.75,2.75
3339,1356,5,1,4.0,4.0
3340,1357,3,1,4.25,4.25
3341,1357,5,1,4.0,4.0
3342,1358,5,1,4.0,4.0
3343,1358,2,1,4.5,4.5
3344,1358,9,1,7.0,7.0
3345,1358,7,1,3.25,3.25
3346,1359,8,1,6.5,6.5
3347,1359,6,1,2.75,2.75
3348,1359,7,1,3.25,3.25
3349,1360,6,1,2.75,2.75
3350,1360,3,1,4.25,4.25
3351,1360,1,1,3.0,3.0
3352,1360,4,1,5.25,5.25
3353,1361,6,1,2.75,2.75
3354,1362,5,1,4.0,4.0
3355,1363,1,1,3.0,3.0
3356,1363,10,1,4.75,4.75
3357,1363,1,1,3.0,3.0
3358,1364,3,1,4.25,4.25
3359,1364,8,1,6.5,6.5
3360,1364,9,1,7.0,7.0
3361,1364,2,1,4.5,4.5
3362,1365,3,1,4.25,4.25
3363,1365,2,1,4.5,4.5
3364,1366,6,1,2.75,2.75
3365,1367,6,1,2.75,2.75
3366,1367,3,1,4.25,4.25
3367,1367,10,1,4.75,4.75
3368,1368,1,1,3.0,3.0
3369,1368,2,1,4.5,4.5
3370,1368,4,1,5.25,5.25
3371,1368,9,1,7.0,7.0
3372,1369,10,1,4.75,4.75
3373,1369,4,1,5.25,5.25
3374,1369,9,1,7.0,7.0
3375,1370,6,1,2.75,2.75
3376,1371,3,1,4.25,4.25
3377,1372,1,1,3.0,3.0
3378,1372,4,1,5.25,5.25
3379,1373,5,1,4.0,4.0
3380,1373,4,1,5.25,5.25
3381,1374,5,1,4.0,4.0
3382,1374,3,1,4.25,4.25
3383,1375,5,1,4.0,4.0
3384,1375,4,1,5.25,5.25
3385,1376,8,1,6.5,6.5
3386,1377,1,1,3.0,3.0
3387,1377,10,1,4.75,4.75
3388,1378,5,1,4.0,4.0
3389,1378,4,1,5.25,5.25
3390,1378,6,1,2.75,2.75
3391,1379,9,1,7.0,7.0
3392,1380,9,1,7.0,7.0
3393,1381,8,1,6.5,6.5
3394,1381,10,1,4.75,4.75
3395,1382,6,1,2.75,2.75
3396,1383,6,1,2.75,2.75
3397,1383,2,1,4.5,4.5
3398,1383,3,1,4.25,4.25
3399,1384,1,1,3.0,3.0
3400,1384,8,1,6.5,6.5
3401,1385,8,1,6.5,6.5
3402,1385,4,1,5.25,5.25
3403,1385,5,1,4.0,4.0
3404,1385,6,1,2.75,2.75
3405,1386,7,1,3.25,3.25
3406,1387,3,1,4.25,4.25
3407,1388,3,1,4.25,4.25
3408,1388,6,1,2.75,2.75
3409,1389,8,1,6.5,6.5
3410,1389,7,1,3.25,3.25
3411,1389,3,1,4.25,4.25
3412,1390,3,1,4.25,4.25
3413,1391,3,1,4.25,4.25
3414,1391,9,1,7.0,7.0
3415,1392,8,1,6.5,6.5
3416,1393,8,1,6.5,6.5
3417,1393,4,1,5.25,5.25
3418,1393,2,1,4.5,4.5
3419,1393,7,1,3.25,3.25
3420,1394,5,1,4.0,4.0
3421,1394,7,1,3.25,3.25
3422,1394,10,1,4.75,4.75
3423,1395,10,1,4.75,4.75
3424,1395,1,1,3.0,3.0
3425,1395,4,1,5.25,5.25
3426,1395,10,1,4.75,4.75
3427,1396,9,1,7.0,7.0
3428,1396,1,1,3.0,3.0
3429,1396,10,1,4.75,4.75
3430,1397,8,1,6.5,6.5
3431,1397,4,1,5.25,5.25
3432,1398,7,1,3.25,3.25
3433,1398,3,1,4.25,4.25
3434,1399,3,1,4.25,4.25
3435,1399,3,1,4.25,4.25
3436,1399,7,1,3.25,3.25
3437,1399,9,1,7.0,7.0
3438,1400,1,1,3.0,3.0
3439,1400,3,1,4.25,4.25
3440,1400,6,1,2.75,2.75
3441,1400,3,1,4.25,4.25
3442,1401,8,1,6.5,6.5
3443,1402,5,1,4.0,4.0
3444,1403,9,1,7.0,7.0
3445,1403,6,1,2.75,2.75
3446,1403,8,1,6.5,6.5
3447,1403,6,1,2.75,2.75
3448,1404,9,1,7.0,7.0
3449,1404,7,1,3.25,3.25
3450,1404,2,1,4.5,4.5
3451,1404,3,1,4.25,4.25
3452,1405,9,1,7.0,7.0
3453,1405,10,1,4.75,4.75
3454,1406,5,1,4.0,4.0
3455,1406,1,1,3.0,3.0
3456,1406,2,1,4.5,4.5
3457,1406,8,1,6.5,6.5
3458,1407,1,1,3.0,3.0
3459,1407,9,1,7.0,7.0
3460,1407,5,1,4.0,4.0
3461,1408,1,1,3.0,3.0
3462,1408,10,1,4.75,4.75
3463,1408,2,1,4.5,4.5
3464,1409,3,1,4.25,4.25
3465,1409,8,1,6.5,6.5
3466,1410,9,1,7.0,7.0
3467,1410,10,1,4.75,4.75
3468,1411,1,1,3.0,3.0
3469,1411,3,1,4.25,4.25
3470,1411,10,1,4.75,4.75
3471,1412,9,1,7.0,7.0
3472,1412,2,1,4.5,4.5
3473,1412,6,1,2.75,2.75
3474,1412,5,1,4.0,4.0
3475,1413,2,1,4.5,4.5
3476,1413,4,1,5.25,5.25
3477,1413,10,1,4.75,4.75
3478,1413,5,1,4.0,4.0
3479,1414,10,1,4.75,4.75
3480,1414,8,1,6.5,6.5
3481,1414,4,1,5.25,5.25
3482,1415,9,1,7.0,7.0
3483,1415,1,1,3.0,3.0
3484,1415,10,1,4.75,4.75
3485,1416,1,1,3.0,3.0
3486,1416,7,1,3.25,3.25
3487,1416,4,1,5.25,5.25
3488,1417,5,1,4.0,4.0
3489,1417,8,1,6.5,6.5
3490,1417,10,1,4.75,4.75
3491,1418,1,1,3.0,3.0
3492,1418,6,1,2.75,2.75
3493,1419,10,1,4.75,4.75
3494,1419,7,1,3.25,3.25
3495,1419,10,1,4.75,4.75
3496,1419,6,1,2.75,2.75
3497,1420,6,1,2.75,2.75
3498,1420,6,1,2.75,2.75
3499,1420,6,1,2.75,2.75
3500,1421,9,1,7.0,7.0
3501,1421,3,1,4.25,4.25
3502,1422,9,1,7.0,7.0
3503,1422,6,1,2.75,2.75
3504,1422,2,1,4.5,4.5
3505,1422,4,1,5.25,5.25
3506,1423,8,1,6.5,6.5
3507,1423,8,1,6.5,6.5
3508,1423,1,1,3.0,3.0
3509,1424,10,1,4.75,4.75
3510,1424,7,1,3.25,3.25
3511,1424,7,1,3.25,3.25
3512,1425,7,1,3.25,3.25
3513,1425,9,1,7.0,7.0
3514,1426,7,1,3.25,3.25
3515,1427,3,1,4.25,4.25
3516,1427,7,1,3.25,3.25
3517,1428,10,1,4.75,4.75
3518,1428,5,1,4.0,4.0
3519,1428,6,1,2.75,2.75
3520,1428,6,1,2.75,2.75
3521,1429,7,1,3.25,3.25
3522,1429,8,1,6.5,6.5
3523,1430,3,1,4.25,4.25
3524,1430,7,1,3.25,3.25
3525,1431,3,1,4.25,4.25
3526,1431,2,1,4.5,4.5
3527,1431,7,1,3.25,3.25
3528,1431,10,1,4.75,4.75
3529,1432,3,1,4.25,4.25
3530,1432,10,1,4.75,4.75
3531,1433,6,1,2.75,2.75
3532,1434,6,1,2.75,2.75
3533,1435,3,1,4.25,4.25
3534,1435,8,1,6.5,6.5
3535,1436,1,1,3.0,3.0
3536,1437,10,1,4.75,4.75
3537,1437,8,1,6.5,6.5
3538,1438,3,1,4.25,4.25
3539,1438,4,1,5.25,5.25
3540,1438,8,1,6.5,6.5
3541,1439,9,1,7.0,7.0
3542,1439,8,1,6.5,6.5
3543,1439,7,1,3.25,3.25
3544,1439,2,1,4.5,4.5
3545,1440,8,1,6.5,6.5
3546,1441,1,1,3.0,3.0
3547,1441,6,1,2.75,2.75
3548,1441,7,1,3.25,3.25
3549,1441,9,1,7.0,7.0
3550,1442,2,1,4.5,4.5
3551,1443,6,1,2.75,2.75
3552,1443,7,1,3.25,3.25
3553,1444,4,1,5.25,5.25
3554,1444,5,1,4.0,4.0
3555,1444,2,1,4.5,4.5
3556,1444,6,1,2.75,2.75
3557,1445,4,1,5.25,5.25
3558,1445,5,1,4.0,4.0
3559,1445,6,1,2.75,2.75
3560,1445,5,1,4.0,4.0
3561,1446,10,1,4.75,4.75
3562,1446,5,1,4.0,4.0
3563,1446,10,1,4.75,4.75
3564,1447,4,1,5.25,5.25
3565,1448,10,1,4.75,4.75
3566,1448,5,1,4.0,4.0
3567,1449,3,1,4.25,4.25
3568,1449,3,1,4.25,4.25
3569,1450,1,1,3.0,3.0
3570,1450,4,1,5.25,5.25
3571,1451,6,1,2.75,2.75
3572,1451,9,1,7.0,7.0
3573,1451,9,1,7.0,7.0
3574,1452,3,1,4.25,4.25
3575,1452,10,1,4.75,4.75
3576,1452,9,1,7.0,7.0
3577,1453,3,1,4.25,4.25
3578,1453,9,1,7.0,7.0
3579,1453,8,1,6.5,6.5
3580,1453,3,1,4.25,4.25
3581,1454,4,1,5.25,5.25
3582,1454,5,1,4.0,4.0
3583,1454,4,1,5.25,5.25
3584,1455,6,1,2.75,2.75
3585,1455,8,1,6.5,6.5
3586,1456,7,1,3.25,3.25
3587,1457,8,1,6.5,6.5
3588,1458,3,1,4.25,4.25
3589,1458,4,1,5.25,5.25
3590,1458,4,1,5.25,5.25
3591,1459,10,1,4.75,4.75
3592,1460,9,1,7.0,7.0
3593,1460,5,1,4.0,4.0
3594,1461,2,1,4.5,4.5
3595,1461,4,1,5.25,5.25
3596,1461,8,1,6.5,6.5
3597,1462,2,1,4.5,4.5
3598,1462,9,1,7.0,7.0
3599,1463,8,1,6.5,6.5
3600,1464,5,1,4.0,4.0
3601,1465,3,1,4.25,4.25
3602,1465,6,1,2.75,2.75
3603,1465,9,1,7.0,7.0
3604,1465,8,1,6.5,6.5
3605,1466,9,1,7.0,7.0
3606,1466,4,1,5.25,5.25
3607,1466,6,1,2.75,2.75
3608,1467,3,1,4.25,4.25
3609,1468,3,1,4.25,4.25
3610,1468,3,1,4.25,4.25
3611,1468,2,1,4.5,4.5
3612,1468,7,1,3.25,3.25
3613,1469,2,1,4.5,4.5
3614,1469,4,1,5.25,5.25
3615,1470,5,1,4.0,4.0
3616,1471,3,1,4.25,4.25
3617,1471,4,1,5.25,5.25
3618,1471,7,1,3.25,3.25
3619,1472,10,1,4.75,4.75
3620,1472,7,1,3.25,3.25
3621,1472,5,1,4.0,4.0
3622,1472,4,1,5.25,5.25
3623,1473,5,1,4.0,4.0
3624,1473,6,1,2.75,2.75
3625,1474,1,1,3.0,3.0
3626,1474,7,1,3.25,3.25
3627,1474,1,1,3.0,3.0
3628,1474,7,1,3.25,3.25
3629,1475,1,1,3.0,3.0
3630,1475,4,1,5.25,5.25
3631,1475,4,1,5.25,5.25
3632,1476,1,1,3.0,3.0
3633,1476,99999,1,2.75,2.75
3634,1476,7,1,3.25,3.25
3635,1477,10,1,4.75,4.75
3636,1477,9,1,7.0,7.0
3637,1478,3,1,4.25,4.25
3638,1478,6,1,2.75,2.75
3639,1479,7,1,3.25,3.25
3640,1480,2,1,4.5,4.5
3641,1481,8,1,6.5,6.5
3642,1481,5,1,4.0,4.0
3643,1481,2,1,4.5,4.5
3644,1482,7,1,3.25,3.25
3645,1482,3,1,4.25,4.25
3646,1482,3,1,4.25,4.25
3647,1483,8,1,6.5,6.5
3648,1484,3,1,4.25,4.25
3649,1485,8,1,6.5,6.5
3650,1485,4,1,5.25,5.25
3651,1485,3,1,4.25,4.25
3652,1486,10,1,4.75,4.75
3653,1486,1,1,3.0,3.0
3654,1486,3,1,4.25,4.25
3655,1487,8,1,6.5,6.5
3656,1487,1,1,3.0,3.0
3657,1487,9,1,7.0,7.0
3658,1487,1,1,3.0,3.0
3659,1488,9,1,7.0,7.0
3660,1489,2,1,4.5,4.5
3661,1489,2,1,4.5,4.5
3662,1489,10,1,4.75,4.75
3663,1490,10,1,4.75,4.75
3664,1491,7,1,3.25,3.25
3665,1492,6,1,2.75,2.75
3666,1492,2,1,4.5,4.5
3667,1493,9,1,7.0,7.0
3668,1493,7,1,3.25,3.25
3669,1493,1,1,3.0,3.0
3670,1493,7,1,3.25,3.25
3671,1494,1,1,3.0,3.0
3672,1495,4,1,5.25,5.25
3673,1495,10,1,4.75,4.75
3674,1495,6,1,2.75,2.75
3675,1495,10,1,4.75,4.75
3676,1496,6,1,2.75,2.75
3677,1497,5,1,4.0,4.0
3678,1497,3,1,4.25,4.25
3679,1498,8,1,6.5,6.5
3680,1498,2,1,4.5,4.5
3681,1499,1,1,3.0,3.0
3682,1499,8,1,6.5,6.5
3683,1499,8,1,6.5,6.5
3684,1499,7,1,3.25,3.25
3685,1500,3,1,4.25,4.25
3686,1501,6,1,2.75,2.75
3687,1501,7,1,3.25,3.25
3688,1501,4,1,5.25,5.25
3689,1502,1,1,3.0,3.0
3690,1502,1,1,3.0,3.0
3691,1502,7,1,3.25,3.25
3692,1502,7,1,3.25,3.25
3693,1503,2,1,4.5,4.5
3694,1503,7,1,3.25,3.25
3695,1503,5,1,4.0,4.0
3696,1504,1,1,3.0,3.0
3697,1504,5,1,4.0,4.0
3698,1504,6,1,2.75,2.75
3699,1504,1,1,3.0,3.0
3700,1505,6,1,2.75,2.75
3701,1505,10,1,4.75,4.75
3702,1505,7,1,3.25,3.25
3703,1506,6,1,2.75,2.75
3704,1506,2,1,4.5,4.5
3705,1507,5,1,4.0,4.0
3706,1507,7,1,3.25,3.25
3707,1508,1,1,3.0,3.0
3708,1509,7,1,3.25,3.25
3709,1509,1,1,3.0,3.0
3710,1510,2,1,4.5,4.5
3711,1510,1,1,3.0,3.0
3712,1511,2,1,4.5,4.5
3713,1512,10,1,4.75,4.75
3714,1512,1,1,3.0,3.0
3715,1513,8,1,6.5,6.5
3716,1514,4,1,5.25,5.25
3717,1514,2,1,4.5,4.5
3718,1515,10,1,4.75,4.75
3719,1515,2,1,4.5,4.5
3720,1515,4,1,5.25,5.25
3721,1516,6,1,2.75,2.75
3722,1516,7,1,3.25,3.25
3723,1517,1,1,3.0,3.0
3724,1517,4,1,5.25,5.25
3725,1517,3,1,4.25,4.25
3726,1517,1,1,3.0,3.0
3727,1518,7,1,3.25,3.25
3728,1518,6,1,2.75,2.75
3729,1519,4,1,5.25,5.25
3730,1519,8,1,6.5,6.5
3731,1519,10,1,4.75,4.75
3732,1519,5,1,4.0,4.0
3733,1520,3,1,4.25,4.25
3734,1520,5,1,4.0,4.0
3735,1520,6,1,2.75,2.75
3736,1521,9,1,7.0,7.0
3737,1521,5,1,4.0,4.0
3738,1521,2,1,4.5,4.5
3739,1522,2,1,4.5,4.5
3740,1522,4,1,5.25,5.25
3741,1523,3,1,4.25,4.25
3742,1523,6,1,2.75,2.75
3743,1523,5,1,4.0,4.0
3744,1524,7,1,3.25,3.25
3745,1524,9,1,7.0,7.0
3746,1525,4,1,5.25,5.25
3747,1526,9,1,7.0,7.0
3748,1527,3,1,4.25,4.25
3749,1527,2,1,4.5,4.5
3750,1527,3,1,4.25,4.25
3751,1528,5,1,4.0,4.0
3752,1528,1,1,3.0,3.0
3753,1529,8,1,6.5,6.5
3754,1529,6,1,2.75,2.75
3755,1529,3,1,4.25,4.25
3756,1529,5,1,4.0,4.0
3757,1530,7,1,3.25,3.25
3758,1531,7,1,3.25,3.25
3759,1531,7,1,3.25,3.25
3760,1532,3,1,4.25,4.25
3761,1532,7,1,3.25,3.25
3762,1532,2,1,4.5,4.5
3763,1533,8,1,6.5,6.5
3764,1533,3,1,4.25,4.25
3765,1534,10,1,4.75,4.75
3766,1535,2,1,4.5,4.5
3767,1535,9,1,7.0,7.0
3768,1535,10,1,4.75,4.75
3769,1536,1,1,3.0,3.0
3770,1536,7,1,3.25,3.25
3771,1536,5,1,4.0,4.0
3772,1537,4,1,5.25,5.25
3773,1537,9,1,7.0,7.0
3774,1537,2,1,4.5,4.5
3775,1538,7,1,3.25,3.25
3776,1538,7,1,3.25,3.25
3777,1538,1,1,3.0,3.0
3778,1538,2,1,4.5,4.5
3779,1539,9,1,7.0,7.0
3780,1539,6,1,2.75,2.75
3781,1539,7,1,3.25,3.25
3782,1540,4,1,5.25,5.25
3783,1540,10,1,4.75,4.75
3784,1540,8,1,6.5,6.5
3785,1540,4,1,5.25,5.25
3786,1541,8,1,6.5,6.5
3787,1542,1,1,3.0,3.0
3788,1542,10,1,4.75,4.75
3789,1542,2,1,4.5,4.5
3790,1542,10,1,4.75,4.75
3791,1543,6,1,2.75,2.75
3792,1543,10,1,4.75,4.75
3793,1544,1,1,3.0,3.0
3794,1544,6,1,2.75,2.75
3795,1544,8,1,6.5,6.5
3796,1544,8,1,6.5,6.5
3797,1545,1,1,3.0,3.0
3798,1545,4,1,5.25,5.25
3799,1545,10,1,4.75,4.75
3800,1545,3,1,4.25,4.25
3801,1546,7,1,3.25,3.25
3802,1546,1,1,3.0,3.0
3803,1546,8,1,6.5,6.5
3804,1547,4,1,5.25,5.25
3805,1547,5,1,4.0,4.0
3806,1547,8,1,6.5,6.5
3807,1548,4,1,5.25,5.25
3808,1548,9,1,7.0,7.0
3809,1549,3,1,4.25,4.25
3810,1549,8,1,6.5,6.5
3811,1549,2,1,4.5,4.5
3812,1550,5,1,4.0,4.0
3813,1550,2,1,4.5,4.5
3814,1550,2,1,4.5,4.5
3815,1551,7,1,3.25,3.25
3816,1551,4,1,5.25,5.25
3817,1552,3,1,4.25,4.25
3818,1552,3,1,4.25,4.25
3819,1552,6,1,2.75,2.75
3820,1553,9,1,7.0,7.0
3821,1553,9,1,7.0,7.0
3822,1553,3,1,4.25,4.25
3823,1554,5,1,4.0,4.0
3824,1554,3,1,4.25,4.25
3825,1554,6,1,2.75,2.75
3826,1554,9,1,7.0,7.0
3827,1555,5,1,4.0,4.0
3828,1556,9,1,7.0,7.0
3829,1556,3,1,4.25,4.25
3830,1557,4,1,5.25,5.25
3831,1557,8,1,6.5,6.5
3832,1558,4,1,5.25,5.25
3833,1558,1,1,3.0,3.0
3834,1558,10,1,4.75,4.75
3835,1559,3,1,4.25,4.25
3836,1559,9,1,7.0,7.0
3837,1559,10,1,4.75,4.75
3838,1559,7,1,3.25,3.25
3839,1560,6,1,2.75,2.75
3840,1560,6,1,2.75,2.75
3841,1560,4,1,5.25,5.25
3842,1560,6,1,2.75,2.75
3843,1561,4,1,5.25,5.25
3844,1561,9,1,7.0,7.0
3845,1561,10,1,4.75,4.75
3846,1562,2,1,4.5,4.5
3847,1562,10,1,4.75,4.75
3848,1562,4,1,5.25,5.25
3849,1563,5,1,4.0,4.0
3850,1563,10,1,4.75,4.75
3851,1563,1,1,3.0,3.0
3852,1563,8,1,6.5,6.5
3853,1564,9,1,7.0,7.0
3854,1565,8,1,6.5,6.5
3855,1565,3,1,4.25,4.25
3856,1565,2,1,4.5,4.5
3857,1566,1,1,3.0,3.0
3858,1566,10,1,4.75,4.75
3859,1566,8,1,6.5,6.5
3860,1567,8,1,6.5,6.5
3861,1567,5,1,4.0,4.0
3862,1568,9,1,7.0,7.0
3863,1568,10,1,4.75,4.75
3864,1569,10,1,4.75,4.75
3865,1569,2,1,4.5,4.5
3866,1569,2,1,4.5,4.5
3867,1570,4,1,5.25,5.25
3868,1570,4,1,5.25,5.25
3869,1571,6,1,2.75,2.75
3870,1572,7,1,3.25,3.25
3871,1572,8,1,6.5,6.5
3872,1572,3,1,4.25,4.25
3873,1572,6,1,2.75,2.75
3874,1573,7,1,3.25,3.25
3875,1573,5,1,4.0,4.0
3876,1574,4,1,5.25,5.25
3877,1574,4,1,5.25,5.25
3878,1574,6,1,2.75,2.75
3879,1574,2,1,4.5,4.5
3880,1575,10,1,4.75,4.75
3881,1576,3,1,4.25,4.25
3882,1577,7,1,3.25,3.25
3883,1577,5,1,4.0,4.0
3884,1577,1,1,3.0,3.0
3885,1578,4,1,5.25,5.25
3886,1578,10,1,4.75,4.75
3887,1579,2,1,4.5,4.5
3888,1579,3,1,4.25,4.25
3889,1579,10,1,4.75,4.75
3890,1580,9,1,7.0,7.0
3891,1580,3,1,4.25,4.25
3892,1581,5,1,4.0,4.0
3893,1581,2,1,4.5,4.5
3894,1581,6,1,2.75,2.75
3895,1582,8,1,6.5,6.5
3896,1583,9,1,7.0,7.0
3897,1583,7,1,3.25,3.25
3898,1583,8,1,6.5,6.5
3899,1583,2,1,4.5,4.5
3900,1584,6,1,2.75,2.75
3901,1584,3,1,4.25,4.25
3902,1585,6,1,2.75,2.75
3903,1586,6,1,2.75,2.75
3904,1587,5,1,4.0,4.0
3905,1587,6,1,2.75,2.75
3906,1588,8,1,6.5,6.5
3907,1589,10,1,4.75,4.75
3908,1589,7,1,3.25,3.25
3909,1589,5,1,4.0,4.0
3910,1589,8,1,6.5,6.5
3911,1590,4,1,5.25,5.25
3912,1591,1,1,3.0,3.0
3913,1591,9,1,7.0,7.0
3914,1591,1,1,3.0,3.0
3915,1592,9,1,7.0,7.0
3916,1592,1,1,3.0,3.0
3917,1592,7,1,3.25,3.25
3918,1593,4,1,5.25,5.25
3919,1594,2,1,4.5,4.5
3920,1594,4,1,5.25,5.25
3921,1594,8,1,6.5,6.5
3922,1595,7,1,3.25,3.25
3923,1596,4,1,5.25,5.25
3924,1597,7,1,3.25,3.25
3925,1597,1,1,3.0,3.0
3926,1597,3,1,4.25,4.25
3927,1598,10,1,4.75,4.75
3928,1598,5,1,4.0,4.0
3929,1598,4,1,5.25,5.25
3930,1598,5,1,4.0,4.0
3931,1599,7,1,3.25,3.25
3932,1599,5,1,4.0,4.0
3933,1599,4,1,5.25,5.25
3934,1599,8,1,6.5,6.5
3935,1600,2,1,4.5,4.5
3936,1600,2,1,4.5,4.5
3937,1601,9,1,7.0,7.0
3938,1601,6,1,2.75,2.75
3939,1602,9,1,7.0,7.0
3940,1602,5,1,4.0,4.0
3941,1602,5,1,4.0,4.0
3942,1603,4,1,5.25,5.25
3943,1603,2,1,4.5,4.5
3944,1603,9,1,7.0,7.0
3945,1603,8,1,6.5,6.5
3946,1604,4,1,5.25,5.25
3947,1605,4,1,5.25,5.25
3948,1606,9,1,7.0,7.0
3949,1607,10,1,4.75,4.75
3950,1608,6,1,2.75,2.75
3951,1608,8,1,6.5,6.5
3952,1609,9,1,7.0,7.0
3953,1609,2,1,4.5,4.5
3954,1609,4,1,5.25,5.25
3955,1610,1,1,3.0,3.0
3956,1610,8,1,6.5,6.5
3957,1610,2,1,4.5,4.5
3958,1610,4,1,5.25,5.25
3959,1611,2,1,4.5,4.5
3960,1612,6,1,2.75,2.75
3961,1612,6,1,2.75,2.75
3962,1613,7,1,3.25,3.25
3963,1614,1,1,3.0,3.0
3964,1615,10,1,4.75,4.75
3965,1615,7,1,3.25,3.25
3966,1615,8,1,6.5,6.5
3967,1616,8,1,6.5,6.5
3968,1616,8,1,6.5,6.5
3969,1616,3,1,4.25,4.25
3970,1617,5,1,4.0,4.0
3971,1617,3,1,4.25,4.25
3972,1618,7,1,3.25,3.25
3973,1619,9,1,7.0,7.0
3974,1619,4,1,5.25,5.25
3975,1619,7,1,3.25,3.25
3976,1619,3,1,4.25,4.25
3977,1620,7,1,3.25,3.25
3978,1620,8,1,6.5,6.5
3979,1620,8,1,6.5,6.5
3980,1620,8,1,6.5,6.5
3981,1621,7,1,3.25,3.25
3982,1621,3,1,4.25,4.25
3983,1621,9,1,7.0,7.0
3984,1622,10,1,4.75,4.75
3985,1622,6,1,2.75,2.75
3986,1623,4,1,5.25,5.25
3987,1623,7,1,3.25,3.25
3988,1623,3,1,4.25,4.25
3989,1624,4,1,5.25,5.25
3990,1624,6,1,2.75,2.75
3991,1625,3,1,4.25,4.25
3992,1625,8,1,6.5,6.5
3993,1625,1,1,3.0,3.0
3994,1625,4,1,5.25,5.25
3995,1626,10,1,4.75,4.75
3996,1626,3,1,4.25,4.25
3997,1626,7,1,3.25,3.25
3998,1627,8,1,6.5,6.5
3999,1627,4,1,5.25,5.25
4000,1627,3,1,4.25,4.25
4001,1628,2,1,4.5,4.5
4002,1629,2,1,4.5,4.5
4003,1629,6,1,2.75,2.75
4004,1629,6,1,2.75,2.75
4005,1630,2,1,4.5,4.5
4006,1630,6,1,2.75,2.75
4007,1630,10,1,4.75,4.75
4008,1631,3,1,4.25,4.25
4009,1631,5,1,4.0,4.0
4010,1631,5,1,4.0,4.0
4011,1632,9,1,7.0,7.0
4012,1633,4,1,5.25,5.25
4013,1633,2,1,4.5,4.5
4014,1633,3,1,4.25,4.25
4015,1634,8,1,6.5,6.5
4016,1634,3,1,4.25,4.25
4017,1634,1,1,3.0,3.0
4018,1634,10,1,4.75,4.75
4019,1635,1,1,3.0,3.0
4020,1635,8,1,6.5,6.5
4021,1635,10,1,4.75,4.75
4022,1635,6,1,2.75,2.75
4023,1636,3,1,4.25,4.25
4024,1636,10,1,4.75,4.75
4025,1637,4,1,5.25,5.25
4026,1638,1,1,3.0,3.0
4027,1638,10,1,4.75,4.75
4028,1638,10,1,4.75,4.75
4029,1638,7,1,3.25,3.25
4030,1639,9,1,7.0,7.0
4031,1639,1,1,3.0,3.0
4032,1639,8,1,6.5,6.5
4033,1640,5,1,4.0,4.0
4034,1640,8,1,6.5,6.5
4035,1640,7,1,3.25,3.25
4036,1641,6,1,2.75,2.75
4037,1642,5,1,4.0,4.0
4038,1643,1,1,3.0,3.0
4039,1643,5,1,4.0,4.0
4040,1643,7,1,3.25,3.25
4041,1643,6,1,2.75,2.75
4042,1644,6,1,2.75,2.75
4043,1644,5,1,4.0,4.0
4044,1645,8,1,6.5,6.5
4045,1646,3,1,4.25,4.25
4046,1647,6,1,2.75,2.75
4047,1647,2,1,4.5,4.5
4048,1648,1,1,3.0,3.0
4049,1649,99999,1,4.25,4.25
4050,1650,1,1,3.0,3.0
4051,1651,2,1,4.5,4.5
4052,1651,2,1,4.5,4.5
4053,1652,1,1,3.0,3.0
4054,1652,2,1,4.5,4.5
4055,1653,4,1,5.25,5.25
4056,1653,8,1,6.5,6.5
4057,1653,10,1,4.75,4.75
4058,1653,3,1,4.25,4.25
4059,1654,3,1,4.25,4.25
4060,1655,2,1,4.5,4.5
4061,1656,7,1,3.25,3.25
4062,1656,10,1,4.75,4.75
4063,1657,7,1,3.25,3.25
4064,1657,5,1,4.0,4.0
4065,1658,5,1,4.0,4.0
4066,1658,3,1,4.25,4.25
4067,1658,2,1,4.5,4.5
4068,1659,10,1,4.75,4.75
4069,1660,2,1,4.5,4.5
4070,1661,8,1,6.5,6.5
4071,1661,6,1,2.75,2.75
4072,1661,8,1,6.5,6.5
4073,1662,10,1,4.75,4.75
4074,1662,3,1,4.25,4.25
4075,1663,8,1,6.5,6.5
4076,1663,8,1,6.5,6.5
4077,1663,8,1,6.5,6.5
4078,1663,3,1,4.25,4.25
4079,1664,3,1,4.25,4.25
4080,1664,7,1,3.25,3.25
4081,1664,6,1,2.75,2.75
4082,1664,1,1,3.0,3.0
4083,1665,1,1,3.0,3.0
4084,1666,4,1,5.25,5.25
4085,1666,1,1,3.0,3.0
4086,1666,8,1,6.5,6.5
4087,1667,10,1,4.75,4.75
4088,1667,8,1,6.5,6.5
4089,1667,7,1,3.25,3.25
4090,1667,7,1,3.25,3.25
4091,1668,2,1,4.5,4.5
4092,1669,3,1,4.25,4.25
4093,1669,4,1,5.25,5.25
4094,1669,9,1,7.0,7.0
4095,1670,1,1,3.0,3.0
4096,1670,5,1,4.0,4.0
4097,1670,3,1,4.25,4.25
4098,1670,6,1,2.75,2.75
4099,1671,10,1,4.75,4.75
4100,1672,3,1,4.25,4.25
4101,1672,6,1,2.75,2.75
4102,1672,10,1,4.75,4.75
4103,1673,4,1,5.25,5.25
4104,1673,6,1,2.75,2.75
4105,1674,9,-1,7.0,7.0
4106,1674,6,1,2.75,2.75
4107,1674,10,1,4.75,4.75
4108,1675,6,1,2.75,2.75
4109,1675,10,1,4.75,4.75
4110,1676,8,1,6.5,6.5
4111,1676,10,1,4.75,4.75
4112,1677,10,1,4.75,4.75
4113,1677,6,1,2.75,2.75
4114,1678,8,1,6.5,6.5
4115,1679,4,1,5.25,5.25
4116,1679,1,1,3.0,3.0
4117,1680,5,1,4.0,4.0
4118,1680,6,1,2.75,2.75
4119,1681,10,1,4.75,4.75
4120,1681,10,1,4.75,4.75
4121,1682,7,1,3.25,3.25
4122,1682,7,1,3.25,3.25
4123,1683,5,1,4.0,4.0
4124,1683,1,1,3.0,3.0
4125,1684,3,1,4.25,4.25
4126,1684,8,1,6.5,6.5
4127,1684,7,1,3.25,3.25
4128,1684,9,1,7.0,7.0
4129,1685,5,1,4.0,4.0
4130,1686,10,1,4.75,4.75
4131,1686,3,1,4.25,4.25
4132,1687,9,1,7.0,7.0
4133,1687,8,1,6.5,6.5
4134,1687,6,1,2.75,2.75
4135,1688,7,1,3.25,3.25
4136,1688,3,1,4.25,4.25
4137,1688,6,1,2.75,2.75
4138,1689,10,1,4.75,4.75
4139,1689,10,1,4.75,4.75
4140,1689,1,1,3.0,3.0
4141,1690,2,1,4.5,4.5
4142,1690,2,1,4.5,4.5
4143,1690,3,1,4.25,4.25
4144,1690,3,1,4.25,4.25
4145,1691,6,1,2.75,2.75
4146,1692,2,1,4.5,4.5
4147,1692,8,1,6.5,6.5
4148,1692,7,1,3.25,3.25
4149,1693,3,1,4.25,4.25
4150,1693,9,1,7.0,7.0
4151,1693,2,1,4.5,4.5
4152,1693,4,1,5.25,5.25
4153,1694,1,1,3.0,3.0
4154,1695,3,1,4.25,4.25
4155,1695,3,1,4.25,4.25
4156,1696,1,1,3.0,3.0
4157,1696,9,1,7.0,7.0
4158,1696,5,1,4.0,4.0
4159,1696,8,1,6.5,6.5
4160,1697,4,1,5.25,5.25
4161,1698,1,1,3.0,3.0
4162,1698,6,1,2.75,2.75
4163,1698,2,1,4.5,4.5
4164,1698,10,1,4.75,4.75
4165,1699,10,1,4.75,4.75
4166,1700,3,1,4.25,4.25
4167,1700,4,1,5.25,5.25
4168,1700,10,1,4.75,4.75
4169,1700,5,1,4.0,4.0
4170,1701,2,1,4.5,4.5
4171,1701,5,1,4.0,4.0
4172,1701,8,1,6.5,6.5
4173,1701,1,1,3.0,3.0
4174,1702,3,1,4.25,4.25
4175,1702,2,1,4.5,4.5
4176,1703,10,1,4.75,4.75
4177,1703,5,1,4.0,4.0
4178,1704,8,1,6.5,6.5
4179,1704,1,1,3.0,3.0
4180,1704,4,1,5.25,5.25
4181,1705,1,1,3.0,3.0
4182,1705,4,1,5.25,5.25
4183,1705,3,1,4.25,4.25
4184,1706,8,1,6.5,6.5
4185,1706,7,1,3.25,3.25
4186,1706,10,1,4.75,4.75
4187,1707,2,1,4.5,4.5
4188,1707,10,1,4.75,4.75
4189,1708,5,1,4.0,4.0
4190,1709,2,1,4.5,4.5
4191,1709,1,1,3.0,3.0
4192,1710,6,1,2.75,2.75
4193,1710,2,1,4.5,4.5
4194,1710,5,1,4.0,4.0
4195,1710,7,1,3.25,3.25
4196,1711,8,1,6.5,6.5
4197,1711,4,1,5.25,5.25
4198,1711,2,1,4.5,4.5
4199,1712,2,1,4.5,4.5
4200,1713,1,1,3.0,3.0
4201,1713,10,1,4.75,4.75
4202,1713,8,1,6.5,6.5
4203,1714,1,1,3.0,3.0
4204,1714,1,1,3.0,3.0
4205,1714,8,1,6.5,6.5
4206,1714,7,1,3.25,3.25
4207,1715,2,1,4.5,4.5
4208,1716,1,1,3.0,3.0
4209,1716,5,1,4.0,4.0
4210,1716,4,1,5.25,5.25
4211,1717,10,1,4.75,4.75
4212,1718,1,1,3.0,3.0
4213,1718,5,1,4.0,4.0
4214,1719,8,1,6.5,6.5
4215,1719,9,1,7.0,7.0
4216,1719,3,1,4.25,4.25
4217,1719,6,1,2.75,2.75
4218,1720,6,1,2.75,2.75
4219,1720,7,1,3.25,3.25
4220,1720,3,1,4.25,4.25
4221,1721,5,1,4.0,4.0
4222,1721,3,1,4.25,4.25
4223,1721,8,1,6.5,6.5
4224,1722,6,1,2.75,2.75
4225,1722,6,1,2.75,2.75
4226,1723,6,1,2.75,2.75
4227,1724,10,1,4.75,4.75
4228,1724,3,1,4.25,4.25
4229,1725,7,1,3.25,3.25
4230,1726,5,1,4.0,4.0
4231,1727,8,1,6.5,6.5
4232,1727,2,1,4.5,4.5
4233,1727,6,1,2.75,2.75
4234,1728,10,1,4.75,4.75
4235,1728,6,1,2.75,2.75
4236,1729,3,1,4.25,4.25
4237,1729,4,1,5.25,5.25
4238,1729,1,1,3.0,3.0
4239,1729,9,1,7.0,7.0
4240,1730,4,1,5.25,5.25
4241,1730,7,1,3.25,3.25
4242,1730,5,1,4.0,4.0
4243,1731,1,1,3.0,3.0
4244,1731,1,1,3.0,3.0
4245,1732,2,1,4.5,4.5
4246,1732,2,1,4.5,4.5
4247,1733,7,1,3.25,3.25
4248,1733,1,1,3.0,3.0
4249,1733,10,1,4.75,4.75
4250,1734,10,1,4.75,4.75
4251,1734,10,1,4.75,4.75
4252,1734,1,1,3.0,3.0
4253,1734,8,1,6.5,6.5
4254,1735,7,1,3.25,3.25
4255,1735,9,1,7.0,7.0
4256,1735,2,1,4.5,4.5
4257,1735,7,1,3.25,3.25
4258,1736,1,1,3.0,3.0
4259,1736,7,1,3.25,3.25
4260,1736,1,1,3.0,3.0
4261,1736,8,1,6.5,6.5
4262,1737,4,1,5.25,5.25
4263,1738,7,1,3.25,3.25
4264,1738,6,1,2.75,2.75
4265,1738,4,1,5.25,5.25
4266,1738,10,1,4.75,4.75
4267,1739,4,1,5.25,5.25
4268,1739,10,1,4.75,4.75
4269,1739,7,1,3.25,3.25
4270,1739,2,1,4.5,4.5
4271,1740,2,1,4.5,4.5
4272,1740,9,1,7.0,7.0
4273,1740,3,1,4.25,4.25
4274,1740,8,1,6.5,6.5
4275,1741,5,1,4.0,4.0
4276,1742,5,1,4.0,4.0
4277,1743,2,1,4.5,4.5
4278,1743,4,1,5.25,5.25
4279,1744,3,1,4.25,4.25
4280,1744,7,1,3.25,3.25
4281,1744,1,1,3.0,3.0
4282,1744,5,1,4.0,4.0
4283,1745,8,1,6.5,6.5
4284,1745,2,1,4.5,4.5
4285,1746,7,1,3.25,3.25
4286,1746,1,1,3.0,3.0
4287,1746,9,1,7.0,7.0
4288,1747,8,1,6.5,6.5
4289,1747,1,1,3.0,3.0
4290,1747,5,1,4.0,4.0
4291,1747,7,1,3.25,3.25
4292,1748,8,1,6.5,6.5
4293,1748,7,1,3.25,3.25
4294,1748,9,1,7.0,7.0
4295,1749,3,1,4.25,4.25
4296,1750,9,1,7.0,7.0
4297,1750,6,1,2.75,2.75
4298,1750,9,1,7.0,7.0
4299,1750,5,1,4.0,4.0
4300,1751,2,1,4.5,4.5
4301,1751,9,1,7.0,7.0
4302,1751,1,1,3.0,3.0
4303,1751,4,1,5.25,5.25
4304,1752,6,1,2.75,2.75
4305,1753,3,1,4.25,4.25
4306,1753,6,1,2.75,2.75
4307,1753,4,1,5.25,5.25
4308,1754,8,1,6.5,6.5
4309,1754,8,1,6.5,6.5
4310,1754,4,1,5.25,5.25
4311,1754,2,1,4.5,4.5
4312,1755,3,1,4.25,4.25
4313,1755,9,1,7.0,7.0
4314,1756,4,1,5.25,5.25
4315,1756,7,1,3.25,3.25
4316,1757,7,1,3.25,3.25
4317,1758,6,1,2.75,2.75
4318,1758,7,1,3.25,3.25
4319,1759,10,1,4.75,4.75
4320,1759,9,1,7.0,7.0
4321,1759,7,1,3.25,3.25
4322,1759,3,1,4.25,4.25
4323,1760,2,1,4.5,4.5
4324,1760,7,1,3.25,3.25
4325,1760,10,1,4.75,4.75
4326,1760,1,1,3.0,3.0
4327,1761,1,1,3.0,3.0
4328,1761,6,1,2.75,2.75
4329,1762,5,1,4.0,4.0
4330,1762,9,1,7.0,7.0
4331,1762,10,1,4.75,4.75
4332,1763,8,1,6.5,6.5
4333,1763,6,1,2.75,2.75
4334,1764,5,1,4.0,4.0
4335,1764,5,1,4.0,4.0
4336,1764,5,1,4.0,4.0
4337,1765,5,1,4.0,4.0
4338,1765,4,1,5.25,5.25
4339,1765,6,1,2.75,2.75
4340,1766,10,1,4.75,4.75
4341,1766,7,1,3.25,3.25
4342,1766,4,1,5.25,5.25
4343,1767,9,1,7.0,7.0
4344,1767,9,1,7.0,7.0
4345,1767,6,1,2.75,2.75
4346,1768,5,1,4.0,4.0
4347,1769,6,1,2.75,2.75
4348,1769,4,1,5.25,5.25
4349,1769,7,1,3.25,3.25
4350,1769,8,1,6.5,6.5
4351,1770,5,1,4.0,4.0
4352,1770,10,1,4.75,4.75
4353,1771,5,1,4.0,4.0
4354,1771,8,1,6.5,6.5
4355,1772,4,1,5.25,5.25
4356,1772,5,1,4.0,4.0
4357,1772,1,1,3.0,3.0
4358,1772,7,1,3.25,3.25
4359,1773,7,1,3.25,3.25
4360,1773,6,1,2.75,2.75
4361,1773,2,1,4.5,4.5
4362,1773,3,1,4.25,4.25
4363,1774,2,1,4.5,4.5
4364,1775,2,1,4.5,4.5
4365,1775,7,1,3.25,3.25
4366,1776,2,1,4.5,4.5
4367,1777,7,1,3.25,3.25
4368,1777,4,1,5.25,5.25
4369,1777,4,1,5.25,5.25
4370,1778,4,1,5.25,5.25
4371,1778,3,1,4.25,4.25
4372,1778,1,1,3.0,3.0
4373,1779,7,1,3.25,3.25
4374,1779,4,1,5.25,5.25
4375,1780,10,1,4.75,4.75
4376,1781,4,1,5.25,5.25
4377,1781,4,1,5.25,5.25
4378,1781,8,1,6.5,6.5
4379,1781,10,1,4.75,4.75
4380,1782,1,1,3.0,3.0
4381,1783,8,1,6.5,6.5
4382,1783,4,1,5.25,5.25
4383,1783,4,1,5.25,5.25
4384,1783,2,1,4.5,4.5
4385,1784,1,1,3.0,3.0
4386,1784,9,1,7.0,7.0
4387,1784,5,1,4.0,4.0
4388,1784,4,1,5.25,5.25
4389,1785,1,1,3.0,3.0
4390,1785,8,1,6.5,6.5
4391,1785,9,1,7.0,7.0
4392,1786,3,1,4.25,4.25
4393,1786,2,1,4.5,4.5
4394,1786,10,1,4.75,4.75
4395,1787,6,1,2.75,2.75
4396,1787,6,1,2.75,2.75
4397,1788,7,1,3.25,3.25
4398,1788,10,1,4.75,4.75
4399,1789,8,1,6.5,6.5
4400,1790,7,1,3.25,3.25
4401,1790,1,1,3.0,3.0
4402,1790,8,1,6.5,6.5
4403,1791,4,1,5.25,5.25
4404,1791,5,1,4.0,4.0
4405,1791,6,1,2.75,2.75
4406,1792,10,1,4.75,4.75
4407,1792,9,1,7.0,7.0
4408,1793,6,1,2.75,2.75
4409,1793,1,1,3.0,3.0
4410,1793,4,1,5.25,5.25
4411,1793,2,1,4.5,4.5
4412,1794,2,1,4.5,4.5
4413,1794,9,1,7.0,7.0
4414,1794,5,1,4.0,4.0
4415,1795,7,1,3.25,3.25
4416,1795,5,1,4.0,4.0
4417,1796,10,1,4.75,4.75
4418,1797,9,1,7.0,7.0
4419,1797,8,1,6.5,6.5
4420,1797,7,1,3.25,3.25
4421,1798,2,1,4.5,4.5
4422,1799,9,1,7.0,7.0
4423,1799,6,1,2.75,2.75
4424,1799,3,1,4.25,4.25
4425,1799,3,1,4.25,4.25
4426,1800,3,1,4.25,4.25
4427,1800,5,1,4.0,4.0
4428,1800,9,1,7.0,7.0
4429,1801,3,1,4.25,4.25
4430,1801,3,1,4.25,4.25
4431,1801,1,1,3.0,3.0
4432,1801,8,1,6.5,6.5
4433,1802,8,1,6.5,6.5
4434,1802,4,1,5.25,5.25
4435,1802,8,1,6.5,6.5
4436,1803,3,1,4.25,4.25
4437,1803,1,1,3.0,3.0
4438,1803,5,1,4.0,4.0
4439,1803,8,1,6.5,6.5
4440,1804,9,1,7.0,7.0
4441,1804,8,1,6.5,6.5
4442,1804,9,1,7.0,7.0
4443,1804,6,1,2.75,2.75
4444,1805,3,1,4.25,4.25
4445,1805,1,1,3.0,3.0
4446,1805,4,1,5.25,5.25
4447,1805,2,1,4.5,4.5
4448,1806,7,1,3.25,3.25
4449,1806,5,1,4.0,4.0
4450,1806,6,1,2.75,2.75
4451,1806,1,1,3.0,3.0
4452,1807,7,1,3.25,3.25
4453,1807,3,1,4.25,4.25
4454,1808,7,1,3.25,3.25
4455,1808,4,1,5.25,5.25
4456,1808,3,1,4.25,4.25
4457,1809,4,1,5.25,5.25
4458,1809,8,1,6.5,6.5
4459,1809,3,1,4.25,4.25
4460,1810,5,1,4.0,4.0
4461,1811,7,1,3.25,3.25
4462,1811,2,1,4.5,4.5
4463,1811,10,1,4.75,4.75
4464,1811,5,1,4.0,4.0
4465,1812,8,1,6.5,6.5
4466,1813,9,1,7.0,7.0
4467,1813,3,1,4.25,4.25
4468,1813,1,1,3.0,3.0
4469,1814,1,1,3.0,3.0
4470,1815,6,1,2.75,2.75
4471,1815,10,1,4.75,4.75
4472,1815,6,1,2.75,2.75
4473,1815,5,1,4.0,4.0
4474,1816,8,1,6.5,6.5
4475,1816,7,1,3.25,3.25
4476,1816,9,1,7.0,7.0
4477,1816,1,1,3.0,3.0
4478,1817,7,1,3.25,3.25
4479,1817,6,1,2.75,2.75
4480,1818,3,1,4.25,4.25
4481,1818,4,1,5.25,5.25
4482,1819,4,1,5.25,5.25
4483,1819,1,1,3.0,3.0
4484,1819,1,1,3.0,3.0
4485,1819,5,1,4.0,4.0
4486,1820,7,1,3.25,3.25
4487,1820,3,1,4.25,4.25
4488,1821,1,1,3.0,3.0
4489,1821,2,1,4.5,4.5
4490,1822,8,1,6.5,6.5
4491,1822,2,1,4.5,4.5
4492,1823,5,1,4.0,4.0
4493,1823,10,1,4.75,4.75
4494,1823,9,1,7.0,7.0
4495,1823,9,1,7.0,7.0
4496,1824,10,1,4.75,4.75
4497,1824,9,1,7.0,7.0
4498,1825,7,1,3.25,3.25
4499,1826,7,1,3.25,3.25
4500,1826,1,1,3.0,3.0
4501,1826,10,1,4.75,4.75
4502,1826,5,1,4.0,4.0
4503,1827,4,1,5.25,5.25
4504,1827,8,1,6.5,6.5
4505,1828,7,1,3.25,3.25
4506,1828,7,1,3.25,3.25
4507,1828,10,1,4.75,4.75
4508,1828,6,1,2.75,2.75
4509,1829,2,1,4.5,4.5
4510,1829,6,1,2.75,2.75
4511,1829,1,1,3.0,3.0
4512,1829,7,1,3.25,3.25
4513,1830,1,1,3.0,3.0
4514,1830,6,1,2.75,2.75
4515,1830,6,1,2.75,2.75
4516,1830,2,1,4.5,4.5
4517,1831,10,1,4.75,4.75
4518,1831,4,1,5.25,5.25
4519,1831,7,1,3.25,3.25
4520,1831,7,1,3.25,3.25
4521,1832,3,1,4.25,4.25
4522,1832,10,1,4.75,4.75
4523,1832,6,1,2.75,2.75
4524,1833,2,1,4.5,4.5
4525,1834,3,1,4.25,4.25
4526,1835,6,1,2.75,2.75
4527,1835,6,1,2.75,2.75
4528,1835,10,1,4.75,4.75
4529,1836,2,1,4.5,4.5
4530,1836,1,1,3.0,3.0
4531,1836,10,1,4.75,4.75
4532,1837,3,1,4.25,4.25
4533,1837,7,1,3.25,3.25
4534,1838,10,1,4.75,4.75
4535,1839,10,1,4.75,4.75
4536,1839,4,1,5.25,5.25
4537,1839,5,1,4.0,4.0
4538,1839,1,1,3.0,3.0
4539,1840,8,1,6.5,6.5
4540,1840,6,1,2.75,2.75
4541,1840,9,1,7.0,7.0
4542,1840,5,1,4.0,4.0
4543,1841,4,1,5.25,5.25
4544,1841,5,1,4.0,4.0
4545,1841,6,1,2.75,2.75
4546,1841,4,1,5.25,5.25
4547,1842,2,1,4.5,4.5
4548,1842,8,1,6.5,6.5
4549,1843,8,1,6.5,6.5
4550,1843,7,1,3.25,3.25
4551,1844,8,1,6.5,6.5
4552,1844,1,1,3.0,3.0
4553,1845,5,1,4.0,4.0
4554,1846,3,1,4.25,4.25
4555,1846,6,1,2.75,2.75
4556,1846,7,1,3.25,3.25
4557,1846,6,1,2.75,2.75
4558,1847,5,1,4.0,4.0
4559,1847,7,1,3.25,3.25
4560,1848,3,1,4.25,4.25
4561,1849,4,1,5.25,5.25
4562,1849,3,1,4.25,4.25
4563,1849,7,1,3.25,3.25
4564,1850,10,1,4.75,4.75
4565,1850,6,1,2.75,2.75
4566,1850,6,1,2.75,2.75
4567,1851,3,1,4.25,4.25
4568,1851,6,1,2.75,2.75
4569,1852,9,1,7.0,7.0
4570,1852,10,1,4.75,4.75
4571,1852,10,1,4.75,4.75
4572,1852,10,1,4.75,4.75
4573,1853,10,1,4.75,4.75
4574,1853,9,1,7.0,7.0
4575,1853,5,1,4.0,4.0
4576,1853,9,1,7.0,7.0
4577,1854,1,1,3.0,3.0
4578,1854,7,1,3.25,3.25
4579,1854,10,1,4.75,4.75
4580,1855,10,1,4.75,4.75
4581,1855,10,1,4.75,4.75
4582,1855,4,1,5.25,5.25
4583,1855,6,1,2.75,2.75
4584,1856,5,1,4.0,4.0
4585,1856,1,1,3.0,3.0
4586,1856,4,1,5.25,5.25
4587,1857,4,1,5.25,5.25
4588,1858,7,1,3.25,3.25
4589,1859,9,1,7.0,7.0
4590,1860,10,1,4.75,4.75
4591,1860,4,1,5.25,5.25
4592,1860,9,1,7.0,7.0
4593,1860,9,1,7.0,7.0
4594,1861,3,1,4.25,4.25
4595,1861,9,1,7.0,7.0
4596,1861,4,1,5.25,5.25
4597,1862,4,1,5.25,5.25
4598,1862,8,1,6.5,6.5
4599,1862,1,1,3.0,3.0
4600,1863,5,1,4.0,4.0
4601,1863,5,1,4.0,4.0
4602,1864,6,1,2.75,2.75
4603,1864,2,1,4.5,4.5
4604,1865,3,1,4.25,4.25
4605,1866,3,1,4.25,4.25
4606,1866,2,1,4.5,4.5
4607,1866,8,1,6.5,6.5
4608,1867,8,1,6.5,6.5
4609,1868,2,1,4.5,4.5
4610,1868,6,1,2.75,2.75
4611,1868,3,1,4.25,4.25
4612,1869,3,1,4.25,4.25
4613,1869,6,1,2.75,2.75
4614,1870,6,1,2.75,2.75
4615,1870,1,1,3.0,3.0
4616,1870,6,1,2.75,2.75
4617,1870,7,1,3.25,3.25
4618,1871,3,1,4.25,4.25
4619,1871,4,1,5.25,5.25
4620,1872,7,1,3.25,3.25
4621,1872,6,1,2.75,2.75
4622,1872,6,1,2.75,2.75
4623,1872,4,1,5.25,5.25
4624,1873,10,1,4.75,4.75
4625,1874,7,1,3.25,3.25
4626,1874,1,1,3.0,3.0
4627,1874,6,1,2.75,2.75
4628,1875,10,1,4.75,4.75
4629,1876,10,1,4.75,4.75
4630,1877,9,1,7.0,7.0
4631,1877,7,1,3.25,3.25
4632,1877,5,1,4.0,4.0
4633,1878,5,1,4.0,4.0
4634,1878,7,1,3.25,3.25
4635,1879,9,1,7.0,7.0
4636,1880,7,1,3.25,3.25
4637,1880,1,1,3.0,3.0
4638,1880,1,1,3.0,3.0
4639,1881,9,1,7.0,7.0
4640,1881,10,1,4.75,4.75
4641,1882,5,1,4.0,4.0
4642,1883,10,1,4.75,4.75
4643,1883,4,1,5.25,5.25
4644,1884,5,1,4.0,4.0
4645,1884,9,1,7.0,7.0
4646,1884,9,1,7.0,7.0
4647,1885,2,1,4.5,4.5
4648,1885,7,1,3.25,3.25
4649,1885,1,1,3.0,3.0
4650,1886,1,1,3.0,3.0
4651,1886,3,1,4.25,4.25
4652,1886,2,1,4.5,4.5
4653,1887,6,1,2.75,2.75
4654,1887,7,1,3.25,3.25
4655,1887,9,1,7.0,7.0
4656,1887,2,1,4.5,4.5
4657,1888,6,1,2.75,2.75
4658,1889,4,1,5.25,5.25
4659,1889,3,1,4.25,4.25
4660,1889,3,1,4.25,4.25
4661,1889,9,1,7.0,7.0
4662,1890,8,1,6.5,6.5
4663,1890,9,1,7.0,7.0
4664,1891,9,1,7.0,7.0
4665,1891,5,1,4.0,4.0
4666,1892,10,1,4.75,4.75
4667,1892,2,1,4.5,4.5
4668,1893,10,1,4.75,4.75
4669,1893,4,1,5.25,5.25
4670,1893,5,1,4.0,4.0
4671,1893,3,1,4.25,4.25
4672,1894,3,1,4.25,4.25
4673,1894,1,1,3.0,3.0
4674,1895,7,1,3.25,3.25
4675,1896,2,1,4.5,4.5
4676,1896,6,1,2.75,2.75
4677,1896,4,1,5.25,5.25
4678,1896,8,1,6.5,6.5
4679,1897,6,1,2.75,2.75
4680,1897,7,1,3.25,3.25
4681,1897,7,1,3.25,3.25
4682,1898,7,1,3.25,3.25
4683,1898,6,1,2.75,2.75
4684,1899,8,1,6.5,6.5
4685,1899,5,1,4.0,4.0
4686,1899,7,1,3.25,3.25
4687,1899,1,1,3.0,3.0
4688,1900,1,1,3.0,3.0
4689,1900,1,1,3.0,3.0
4690,1901,5,1,4.0,4.0
4691,1901,5,1,4.0,4.0
4692,1902,10,1,4.75,4.75
4693,1903,4,1,5.25,5.25
4694,1903,5,1,4.0,4.0
4695,1903,8,1,6.5,6.5
4696,1903,7,1,3.25,3.25
4697,1904,8,1,6.5,6.5
4698,1904,7,1,3.25,3.25
4699,1905,6,1,2.75,2.75
4700,1905,9,1,7.0,7.0
4701,1905,5,1,4.0,4.0
4702,1906,1,1,3.0,3.0
4703,1906,2,1,4.5,4.5
4704,1906,10,1,4.75,4.75
4705,1906,2,1,4.5,4.5
4706,1907,9,1,7.0,7.0
4707,1907,1,1,3.0,3.0
4708,1907,3,1,4.25,4.25
4709,1907,1,1,3.0,3.0
4710,1908,8,1,6.5,6.5
4711,1909,5,1,4.0,4.0
4712,1909,5,1,4.0,4.0
4713,1909,10,1,4.75,4.75
4714,1909,4,1,5.25,5.25
4715,1910,6,1,2.75,2.75
4716,1910,1,1,3.0,3.0
4717,1911,8,1,6.5,6.5
4718,1911,4,1,5.25,5.25
4719,1911,7,1,3.25,3.25
4720,1912,10,1,4.75,4.75
4721,1913,9,1,7.0,7.0
4722,1913,2,1,4.5,4.5
4723,1913,2,1,4.5,4.5
4724,1913,9,1,7.0,7.0
4725,1914,4,1,5.25,5.25
4726,1914,6,1,2.75,2.75
4727,1915,2,1,4.5,4.5
4728,1915,5,1,4.0,4.0
4729,1915,10,1,4.75,4.75
4730,1915,8,1,6.5,6.5
4731,1916,2,1,4.5,4.5
4732,1917,8,1,6.5,6.5
4733,1918,4,1,5.25,5.25
4734,1918,7,1,3.25,3.25
4735,1918,6,1,2.75,2.75
4736,1918,2,1,4.5,4.5
4737,1919,1,1,3.0,3.0
4738,1919,7,1,3.25,3.25
4739,1919,6,1,2.75,2.75
4740,1920,2,1,4.5,4.5
4741,1921,3,1,4.25,4.25
4742,1921,3,1,4.25,4.25
4743,1922,4,1,5.25,5.25
4744,1922,4,1,5.25,5.25
4745,1923,4,1,5.25,5.25
4746,1923,10,1,4.75,4.75
4747,1923,3,1,4.25,4.25
4748,1923,1,1,3.0,3.0
4749,1924,5,1,4.0,4.0
4750,1924,7,1,3.25,3.25
4751,1924,3,1,4.25,4.25
4752,1925,1,1,3.0,3.0
4753,1925,3,1,4.25,4.25
4754,1925,6,1,2.75,2.75
4755,1925,1,1,3.0,3.0
4756,1926,2,1,4.5,4.5
4757,1927,2,1,4.5,4.5
4758,1927,7,1,3.25,3.25
4759,1927,4,1,5.25,5.25
4760,1927,3,1,4.25,4.25
4761,1928,3,1,4.25,4.25
4762,1928,10,1,4.75,4.75
4763,1928,9,1,7.0,7.0
4764,1928,10,1,4.75,4.75
4765,1929,5,1,4.0,4.0
4766,1929,6,1,2.75,2.75
4767,1929,5,1,4.0,4.0
4768,1929,10,1,4.75,4.75
4769,1930,9,1,7.0,7.0
4770,1930,8,1,6.5,6.5
4771,1930,2,1,4.5,4.5
4772,1930,10,1,4.75,4.75
4773,1931,9,1,7.0,7.0
4774,1931,2,1,4.5,4.5
4775,1932,9,1,7.0,7.0
4776,1933,1,1,3.0,3.0
4777,1933,9,1,7.0,7.0
4778,1934,6,1,2.75,2.75
4779,1935,6,1,2.75,2.75
4780,1935,9,1,7.0,7.0
4781,1935,3,1,4.25,4.25
4782,1936,2,1,4.5,4.5
4783,1936,9,1,7.0,7.0
4784,1937,9,1,7.0,7.0
4785,1937,2,1,4.5,4.5
4786,1937,6,1,2.75,2.75
4787,1937,8,1,6.5,6.5
4788,1938,1,1,3.0,3.0
4789,1939,2,1,4.5,4.5
4790,1940,8,1,6.5,6.5
4791,1940,2,1,4.5,4.5
4792,1941,10,1,4.75,4.75
4793,1942,5,1,4.0,4.0
4794,1942,3,1,4.25,4.25
4795,1942,2,1,4.5,4.5
4796,1943,8,1,6.5,6.5
4797,1943,9,1,7.0,7.0
4798,1943,2,1,4.5,4.5
4799,1944,7,1,3.25,3.25
4800,1944,8,1,6.5,6.5
4801,1944,1,1,3.0,3.0
4802,1945,10,1,4.75,4.75
4803,1946,7,1,3.25,3.25
4804,1946,6,1,2.75,2.75
4805,1947,9,1,7.0,7.0
4806,1947,3,1,4.25,4.25
4807,1947,7,1,3.25,3.25
4808,1948,5,1,4.0,4.0
4809,1948,3,1,4.25,4.25
4810,1948,10,1,4.75,4.75
4811,1949,1,1,3.0,3.0
4812,1949,7,1,3.25,3.25
4813,1949,4,1,5.25,5.25
4814,1949,4,1,5.25,5.25
4815,1950,2,1,4.5,4.5
4816,1950,1,1,3.0,3.0
4817,1951,9,1,7.0,7.0
4818,1951,2,1,4.5,4.5
4819,1951,9,1,7.0,7.0
4820,1952,3,1,4.25,4.25
4821,1952,9,1,7.0,7.0
4822,1952,8,1,6.5,6.5
4823,1953,4,1,5.25,5.25
4824,1953,9,1,7.0,7.0
4825,1953,2,1,4.5,4.5
4826,1953,7,1,3.25,3.25
4827,1954,9,1,7.0,7.0
4828,1954,10,1,4.75,4.75
4829,1955,5,1,4.0,4.0
4830,1955,3,1,4.25,4.25
4831,1955,1,1,3.0,3.0
4832,1955,4,1,5.25,5.25
4833,1956,2,1,4.5,4.5
4834,1956,5,1,4.0,4.0
4835,1957,7,1,3.25,3.25
4836,1958,6,1,2.75,2.75
4837,1958,5,1,4.0,4.0
4838,1958,1,1,3.0,3.0
4839,1959,9,1,7.0,7.0
4840,1959,3,1,4.25,4.25
4841,1959,5,1,4.0,4.0
4842,1960,7,1,3.25,3.25
4843,1960,5,1,4.0,4.0
4844,1960,7,1,3.25,3.25
4845,1960,5,1,4.0,4.0
4846,1961,2,1,4.5,4.5
4847,1961,6,1,2.75,2.75
4848,1962,6,1,2.75,2.75
4849,1962,3,1,4.25,4.25
4850,1962,8,1,6.5,6.5
4851,1963,5,1,4.0,4.0
4852,1964,4,1,5.25,5.25
4853,1964,4,1,5.25,5.25
4854,1965,2,1,4.5,4.5
4855,1965,7,1,3.25,3.25
4856,1965,4,1,5.25,5.25
4857,1966,2,1,4.5,4.5
4858,1966,9,1,7.0,7.0
4859,1966,1,1,3.0,3.0
4860,1966,10,1,4.75,4.75
4861,1967,8,1,6.5,6.5
4862,1967,4,1,5.25,5.25
4863,1968,1,1,3.0,3.0
4864,1968,7,1,3.25,3.25
4865,1969,6,1,2.75,2.75
4866,1969,7,1,3.25,3.25
4867,1969,2,1,4.5,4.5
4868,1969,8,1,6.5,6.5
4869,1970,3,1,4.25,4.25
4870,1971,7,1,3.25,3.25
4871,1971,2,1,4.5,4.5
4872,1971,9,1,7.0,7.0
4873,1972,7,1,3.25,3.25
4874,1972,6,1,2.75,2.75
4875,1973,5,1,4.0,4.0
4876,1973,10,1,4.75,4.75
4877,1973,2,1,4.5,4.5
4878,1974,6,1,2.75,2.75
4879,1974,10,1,4.75,4.75
4880,1974,6,1,2.75,2.75
4881,1974,3,1,4.25,4.25
4882,1975,9,1,7.0,7.0
4883,1976,7,1,3.25,3.25
4884,1976,9,1,7.0,7.0
4885,1977,4,1,5.25,5.25
4886,1977,3,1,4.25,4.25
4887,1977,3,1,4.25,4.25
4888,1977,4,1,5.25,5.25
4889,1978,4,1,5.25,5.25
4890,1979,1,1,3.0,3.0
4891,1979,5,1,4.0,4.0
4892,1979,3,1,4.25,4.25
4893,1980,1,1,3.0,3.0
4894,1980,6,1,2.75,2.75
4895,1980,4,1,5.25,5.25
4896,1981,9,1,7.0,7.0
4897,1982,4,1,5.25,5.25
4898,1983,10,1,4.75,4.75
4899,1983,2,1,4.5,4.5
4900,1983,1,1,3.0,3.0
4901,1983,7,1,3.25,3.25
4902,1984,4,1,5.25,5.25
4903,1984,2,1,4.5,4.5
4904,1984,3,1,4.25,4.25
4905,1985,1,1,3.0,3.0
4906,1985,7,1,3.25,3.25
4907,1985,9,1,7.0,7.0
4908,1986,8,1,6.5,6.5
4909,1986,7,1,3.25,3.25
4910,1986,9,1,7.0,7.0
4911,1986,3,1,4.25,4.25
4912,1987,5,1,4.0,4.0
4913,1987,9,1,7.0,7.0
4914,1988,5,1,4.0,4.0
4915,1988,4,1,5.25,5.25
4916,1988,8,1,6.5,6.5
4917,1989,4,1,5.25,5.25
4918,1989,6,1,2.75,2.75
4919,1990,1,1,3.0,3.0
4920,1990,10,1,4.75,4.75
4921,1990,1,1,3.0,3.0
4922,1990,9,1,7.0,7.0
4923,1991,10,1,4.75,4.75
4924,1991,3,1,4.25,4.25
4925,1991,1,1,3.0,3.0
4926,1992,10,1,4.75,4.75
4927,1992,10,1,4.75,4.75
4928,1992,10,-1,4.75,4.75
4929,1992,7,1,3.25,3.25
4930,1993,9,1,7.0,7.0
4931,1994,10,1,4.75,4.75
4932,1994,4,1,5.25,5.25
4933,1994,3,1,4.25,4.25
4934,1994,6,1,2.75,2.75
4935,1995,10,1,4.75,4.75
4936,1995,10,1,4.75,4.75
4937,1995,4,1,5.25,5.25
4938,1996,5,1,4.0,4.0
4939,1996,3,1,4.25,4.25
4940,1997,10,1,4.75,4.75
4941,1997,1,1,3.0,3.0
4942,1997,9,1,7.0,7.0
4943,1997,8,1,6.5,6.5
4944,1998,7,1,3.25,3.25
4945,1998,1,1,3.0,3.0
4946,1998,8,1,6.5,6.5
4947,1998,3,1,4.25,4.25
4948,1999,6,1,2.75,2.75
4949,1999,10,1,4.75,4.75
4950,2000,5,1,4.0,4.0
4951,2001,6,1,2.75,2.75
4952,2001,1,1,3.0,3.0
4953,2001,9,1,7.0,7.0
4954,2001,3,1,4.25,4.25
4955,2002,5,1,4.0,4.0
4956,2002,2,1,4.5,4.5
4957,2002,9,1,7.0,7.0
4958,2002,7,1,3.25,3.25
4959,2003,4,1,5.25,5.25
4960,2004,3,1,4.25,4.25
4961,2005,2,1,4.5,4.5
4962,2005,5,1,4.0,4.0
4963,2005,4,1,5.25,5.25
4964,2006,10,1,4.75,4.75
4965,2006,5,1,4.0,4.0
4966,2007,4,1,5.25,5.25
4967,2007,1,1,3.0,3.0
4968,2007,1,1,3.0,3.0
4969,2007,9,1,7.0,7.0
4970,2008,1,1,3.0,3.0
4971,2009,2,1,4.5,4.5
4972,2010,2,1,4.5,4.5
4973,2011,5,1,4.0,4.0
4974,2012,8,1,6.5,6.5
4975,2013,3,1,4.25,4.25
4976,2013,1,1,3.0,3.0
4977,2013,6,1,2.75,2.75
4978,2013,4,1,5.25,5.25
4979,2014,8,1,6.5,6.5
4980,2014,10,1,4.75,4.75
4981,2014,5,1,4.0,4.0
4982,2014,7,1,3.25,3.25
4983,2015,3,1,4.25,4.25
4984,2015,10,1,4.75,4.75
4985,2015,3,1,4.25,4.25
4986,2015,6,1,2.75,2.75
4987,2016,7,1,3.25,3.25
4988,2016,1,1,3.0,3.0
4989,2016,3,1,4.25,4.25
4990,2016,10,1,4.75,4.75
4991,2017,4,1,5.25,5.25
4992,2018,3,1,4.25,4.25
4993,2018,4,1,5.25,5.25
4994,2018,6,1,2.75,2.75
4995,2019,1,1,3.0,3.0
4996,2019,4,1,5.25,5.25
4997,2019,3,1,4.25,4.25
4998,2019,2,1,4.5,4.5
4999,2020,2,1,4.5,4.5
5000,2020,4,1,5.25,5.25
5001,2020,7,1,3.25,3.25
5002,2020,4,1,5.25,5.25
5003,2021,8,1,6.5,6.5
5004,2021,8,1,6.5,6.5
5005,2022,4,1,5.25,5.25
5006,2023,5,1,4.0,4.0
5007,2023,10,1,4.75,4.75
5008,2023,1,1,3.0,3.0
5009,2024,3,1,4.25,4.25
5010,2025,7,1,3.25,3.25
5011,2026,8,1,6.5,6.5
5012,2026,8,1,6.5,6.5
5013,2027,8,1,6.5,6.5
5014,2028,4,1,5.25,5.25
5015,2029,10,1,4.75,4.75
5016,2029,8,1,6.5,6.5
5017,2029,4,1,5.25,5.25
5018,2029,7,1,3.25,3.25
5019,2030,7,1,3.25,3.25
5020,2030,1,1,3.0,3.0
5021,2030,6,1,2.75,2.75
5022,2031,10,1,4.75,4.75
5023,2031,9,1,7.0,7.0
5024,2031,7,1,3.25,3.25
5025,2031,7,1,3.25,3.25
5026,2032,8,1,6.5,6.5
5027,2032,4,1,5.25,5.25
5028,2032,7,1,3.25,3.25
5029,2032,9,1,7.0,7.0
5030,2033,9,1,7.0,7.0
5031,2033,3,1,4.25,4.25
5032,2033,2,1,4.5,4.5
5033,2033,3,1,4.25,4.25
5034,2034,3,1,4.25,4.25
5035,2034,2,1,4.5,4.5
5036,2034,7,1,3.25,3.25
5037,2035,5,1,4.0,4.0
5038,2036,2,1,4.5,4.5
5039,2036,10,1,4.75,4.75
5040,2037,10,1,4.75,4.75
5041,2037,1,1,3.0,3.0
5042,2037,9,1,7.0,7.0
5043,2037,10,1,4.75,4.75
5044,2038,3,1,4.25,4.25
5045,2039,9,1,7.0,7.0
5046,2039,7,1,3.25,3.25
5047,2040,3,1,4.25,4.25
5048,2040,5,1,4.0,4.0
5049,2040,10,1,4.75,4.75
5050,2041,5,1,4.0,4.0
5051,2042,8,1,6.5,6.5
5052,2043,9,1,7.0,7.0
5053,2043,3,1,4.25,4.25
5054,2044,2,1,4.5,4.5
5055,2044,10,1,4.75,4.75
5056,2044,2,1,4.5,4.5
5057,2044,8,1,6.5,6.5
5058,2045,3,1,4.25,4.25
5059,2045,3,1,4.25,4.25
5060,2045,6,1,2.75,2.75
5061,2045,9,1,7.0,7.0
5062,2046,9,1,7.0,7.0
5063,2046,1,1,3.0,3.0
5064,2046,7,1,3.25,3.25
5065,2047,1,1,3.0,3.0
5066,2047,5,1,4.0,4.0
5067,2047,1,1,3.0,3.0
5068,2048,10,1,4.75,4.75
5069,2048,1,1,3.0,3.0
5070,2048,1,1,3.0,3.0
5071,2048,2,1,4.5,4.5
5072,2049,5,1,4.0,4.0
5073,2049,3,1,4.25,4.25
5074,2049,9,1,7.0,7.0
5075,2050,3,1,4.25,4.25
5076,2050,6,1,2.75,2.75
5077,2051,9,1,7.0,7.0
5078,2051,10,1,4.75,4.75
5079,2052,9,1,7.0,7.0
5080,2052,10,1,4.75,4.75
5081,2053,2,1,4.5,4.5
5082,2053,6,1,2.75,2.75
5083,2053,3,1,4.25,4.25
5084,2054,6,1,2.75,2.75
5085,2054,7,1,3.25,3.25
5086,2055,4,1,5.25,5.25
5087,2055,6,1,2.75,2.75
5088,2056,4,1,5.25,5.25
5089,2057,6,1,2.75,2.75
5090,2057,1,1,3.0,3.0
5091,2057,8,1,6.5,6.5
5092,2058,10,1,4.75,4.75
5093,2059,5,1,4.0,4.0
5094,2059,10,1,4.75,4.75
5095,2060,10,1,4.75,4.75
5096,2060,8,1,6.5,6.5
5097,2060,3,1,4.25,4.25
5098,2060,1,1,3.0,3.0
5099,2061,5,1,4.0,4.0
5100,2061,1,1,3.0,3.0
5101,2062,5,1,4.0,4.0
5102,2062,8,1,6.5,6.5
5103,2062,2,1,4.5,4.5
5104,2063,10,1,4.75,4.75
5105,2063,4,1,5.25,5.25
5106,2063,7,1,3.25,3.25
5107,2064,1,1,3.0,3.0
5108,2065,2,1,4.5,4.5
5109,2065,1,1,3.0,3.0
5110,2065,6,1,2.75,2.75
5111,2066,9,1,7.0,7.0
5112,2066,1,1,3.0,3.0
5113,2066,10,1,4.75,4.75
5114,2066,3,1,4.25,4.25
5115,2067,4,1,5.25,5.25
5116,2067,9,1,7.0,7.0
5117,2068,3,1,4.25,4.25
5118,2068,6,1,2.75,2.75
5119,2069,10,1,4.75,4.75
5120,2069,9,1,7.0,7.0
5121,2069,7,1,3.25,3.25
5122,2070,3,1,4.25,4.25
5123,2070,3,1,4.25,4.25
5124,2070,8,1,6.5,6.5
5125,2071,10,1,4.75,4.75
5126,2071,7,1,3.25,3.25
5127,2071,6,1,2.75,2.75
5128,2072,9,1,7.0,7.0
5129,2072,3,1,4.25,4.25
5130,2073,6,1,2.75,2.75
5131,2073,1,1,3.0,3.0
5132,2073,3,1,4.25,4.25
5133,2073,1,1,3.0,3.0
5134,2074,2,1,4.5,4.5
5135,2074,4,1,5.25,5.25
5136,2075,2,1,4.5,4.5
5137,2075,4,1,5.25,5.25
5138,2075,1,1,3.0,3.0
5139,2076,7,1,3.25,3.25
5140,2076,9,1,7.0,7.0
5141,2077,5,1,4.0,4.0
5142,2077,9,1,7.0,7.0
5143,2077,9,1,7.0,7.0
5144,2078,8,1,6.5,6.5
5145,2078,4,1,5.25,5.25
5146,2079,7,1,3.25,3.25
5147,2079,3,1,4.25,4.25
5148,2079,1,1,3.0,3.0
5149,2080,5,1,4.0,4.0
5150,2080,4,1,5.25,5.25
5151,2080,2,1,4.5,4.5
5152,2081,4,1,5.25,5.25
5153,2081,2,1,4.5,4.5
5154,2082,1,1,3.0,3.0
5155,2083,7,1,3.25,3.25
5156,2083,5,1,4.0,4.0
5157,2084,9,1,7.0,7.0
5158,2085,3,1,4.25,4.25
5159,2085,3,1,4.25,4.25
5160,2085,6,1,2.75,2.75
5161,2085,8,1,6.5,6.5
5162,2086,3,1,4.25,4.25
5163,2086,7,1,3.25,3.25
5164,2086,3,1,4.25,4.25
5165,2086,10,1,4.75,4.75
5166,2087,7,1,3.25,3.25
5167,2087,9,1,7.0,7.0
5168,2087,4,1,5.25,5.25
5169,2087,2,1,4.5,4.5
5170,2088,2,1,4.5,4.5
5171,2088,8,1,6.5,6.5
5172,2088,3,1,4.25,4.25
5173,2088,2,1,4.5,4.5
5174,2089,1,1,3.0,3.0
5175,2089,6,1,2.75,2.75
5176,2090,3,1,4.25,4.25
5177,2090,2,1,4.5,4.5
5178,2090,7,1,3.25,3.25
5179,2090,6,1,2.75,2.75
5180,2091,3,1,4.25,4.25
5181,2091,6,1,2.75,2.75
5182,2092,5,1,4.0,4.0
5183,2092,7,1,3.25,3.25
5184,2092,2,1,4.5,4.5
5185,2093,4,1,5.25,5.25
5186,2093,3,1,4.25,4.25
5187,2093,7,1,3.25,3.25
5188,2093,5,1,4.0,4.0
5189,2094,8,1,6.5,6.5
5190,2094,10,1,4.75,4.75
5191,2095,8,1,6.5,6.5
5192,2095,2,1,4.5,4.5
5193,2096,9,1,7.0,7.0
5194,2096,8,1,6.5,6.5
5195,2096,2,1,4.5,4.5
5196,2096,4,1,5.25,5.25
5197,2097,3,1,4.25,4.25
5198,2097,1,1,3.0,3.0
5199,2098,7,1,3.25,3.25
5200,2098,1,1,3.0,3.0
5201,2098,9,1,7.0,7.0
5202,2099,9,1,7.0,7.0
5203,2099,8,1,6.5,6.5
5204,2099,10,1,4.75,4.75
5205,2100,4,1,5.25,5.25
5206,2100,6,1,2.75,2.75
5207,2100,9,1,7.0,7.0
5208,2101,1,1,3.0,3.0
5209,2102,7,1,3.25,3.25
5210,2102,2,1,4.5,4.5
5211,2103,3,1,4.25,4.25
5212,2103,4,1,5.25,5.25
5213,2103,10,1,4.75,4.75
5214,2104,1,1,3.0,3.0
5215,2104,2,1,4.5,4.5
5216,2104,5,1,4.0,4.0
5217,2105,10,1,4.75,4.75
5218,2106,2,1,4.5,4.5
5219,2106,4,1,5.25,5.25
5220,2106,10,1,4.75,4.75
5221,2106,8,1,6.5,6.5
5222,2107,1,1,3.0,3.0
5223,2107,3,1,4.25,4.25
5224,2107,3,1,4.25,4.25
5225,2107,2,1,4.5,4.5
5226,2108,8,1,6.5,6.5
5227,2108,3,1,4.25,4.25
5228,2108,1,1,3.0,3.0
5229,2108,2,1,4.5,4.5
5230,2109,3,1,4.25,4.25
5231,2110,3,1,4.25,4.25
5232,2110,6,1,2.75,2.75
5233,2110,9,1,7.0,7.0
5234,2110,8,1,6.5,6.5
5235,2111,5,1,4.0,4.0
5236,2112,9,1,7.0,7.0
5237,2112,1,1,3.0,3.0
5238,2113,3,1,4.25,4.25
5239,2114,9,1,7.0,7.0
5240,2115,1,1,3.0,3.0
5241,2115,10,1,4.75,4.75
5242,2115,6,1,2.75,2.75
5243,2116,3,1,4.25,4.25
5244,2116,1,1,3.0,3.0
5245,2116,10,1,4.75,4.75
5246,2116,4,1,5.25,5.25
5247,2117,4,1,5.25,5.25
5248,2118,10,1,4.75,4.75
5249,2118,8,1,6.5,6.5
5250,2119,2,1,4.5,4.5
5251,2119,3,1,4.25,4.25
5252,2119,5,1,4.0,4.0
5253,2119,4,1,5.25,5.25
5254,2120,5,1,4.0,4.0
5255,2120,3,1,4.25,4.25
5256,2120,4,1,5.25,5.25
5257,2120,1,1,3.0,3.0
5258,2121,3,1,4.25,4.25
5259,2122,10,1,4.75,4.75
5260,2122,3,1,4.25,4.25
5261,2122,8,1,6.5,6.5
5262,2123,2,1,4.5,4.5
5263,2123,7,1,3.25,3.25
5264,2123,7,1,3.25,3.25
5265,2123,10,1,4.75,4.75
5266,2124,5,1,4.0,4.0
5267,2124,3,1,4.25,4.25
5268,2124,1,1,3.0,3.0
5269,2125,1,1,3.0,3.0
5270,2126,6,1,2.75,2.75
5271,2126,7,1,3.25,3.25
5272,2126,5,1,4.0,4.0
5273,2126,10,1,4.75,4.75
5274,2127,7,1,3.25,3.25
5275,2127,3,1,4.25,4.25
5276,2127,4,1,5.25,5.25
5277,2128,9,1,7.0,7.0
5278,2129,2,1,4.5,4.5
5279,2129,8,1,6.5,6.5
5280,2130,6,1,2.75,2.75
5281,2131,6,1,2.75,2.75
5282,2132,7,1,3.25,3.25
5283,2133,4,1,5.25,5.25
5284,2133,6,1,2.75,2.75
5285,2133,2,1,4.5,4.5
5286,2133,1,1,3.0,3.0
5287,2134,4,1,5.25,5.25
5288,2134,7,1,3.25,3.25
5289,2134,3,1,4.25,4.25
5290,2135,10,1,4.75,4.75
5291,2136,7,1,3.25,3.25
5292,2136,7,1,3.25,3.25
5293,2136,10,1,4.75,4.75
5294,2136,5,1,4.0,4.0
5295,2137,6,1,2.75,2.75
5296,2138,8,1,6.5,6.5
5297,2138,5,1,4.0,4.0
5298,2139,2,1,4.5,4.5
5299,2139,6,1,2.75,2.75
5300,2140,1,1,3.0,3.0
5301,2141,5,1,4.0,4.0
5302,2142,8,1,6.5,6.5
5303,2143,5,1,4.0,4.0
5304,2144,9,1,7.0,7.0
5305,2144,9,1,7.0,7.0
5306,2145,6,1,2.75,2.75
5307,2146,3,1,4.25,4.25
5308,2146,1,1,3.0,3.0
5309,2146,5,1,4.0,4.0
5310,2147,10,1,4.75,4.75
5311,2147,8,1,6.5,6.5
5312,2147,7,1,3.25,3.25
5313,2148,4,1,5.25,5.25
5314,2149,7,1,3.25,3.25
5315,2149,10,1,4.75,4.75
5316,2149,9,1,7.0,7.0
5317,2149,5,1,4.0,4.0
5318,2150,4,1,5.25,5.25
5319,2150,8,1,6.5,6.5
5320,2151,3,1,4.25,4.25
5321,2151,4,1,5.25,5.25
5322,2151,9,1,7.0,7.0
5323,2151,10,1,4.75,4.75
5324,2152,1,1,3.0,3.0
5325,2152,2,1,4.5,4.5
5326,2152,5,1,4.0,4.0
5327,2152,3,1,4.25,4.25
5328,2153,8,1,6.5,6.5
5329,2153,1,1,3.0,3.0
5330,2154,1,1,3.0,3.0
5331,2154,5,1,4.0,4.0
5332,2155,10,1,4.75,4.75
5333,2155,10,1,4.75,4.75
5334,2155,9,1,7.0,7.0
5335,2156,9,1,7.0,7.0
5336,2157,2,1,4.5,4.5
5337,2158,3,1,4.25,4.25
5338,2158,2,1,4.5,4.5
5339,2159,9,1,7.0,7.0
5340,2159,6,1,2.75,2.75
5341,2159,8,1,6.5,6.5
5342,2159,1,1,3.0,3.0
5343,2160,8,1,6.5,6.5
5344,2160,6,1,2.75,2.75
5345,2160,8,1,6.5,6.5
5346,2160,2,1,4.5,4.5
5347,2161,10,1,4.75,4.75
5348,2161,7,1,3.25,3.25
5349,2161,2,1,4.5,4.5
5350,2162,9,1,7.0,7.0
5351,2162,8,1,6.5,6.5
5352,2163,9,1,7.0,7.0
5353,2163,9,1,7.0,7.0
5354,2163,3,1,4.25,4.25
5355,2163,8,1,6.5,6.5
5356,2164,5,1,4.0,4.0
5357,2165,5,1,4.0,4.0
5358,2166,1,1,3.0,3.0
5359,2166,8,1,6.5,6.5
5360,2166,9,1,7.0,7.0
5361,2166,4,1,5.25,5.25
5362,2167,7,1,3.25,3.25
5363,2167,6,1,2.75,2.75
5364,2167,2,1,4.5,4.5
5365,2168,5,1,4.0,4.0
5366,2168,1,1,3.0,3.0
5367,2169,7,1,3.25,3.25
5368,2169,9,1,7.0,7.0
5369,2169,4,1,5.25,5.25
5370,2169,5,1,4.0,4.0
5371,2170,2,1,4.5,4.5
5372,2170,8,1,6.5,6.5
5373,2171,7,1,3.25,3.25
5374,2172,5,1,4.0,4.0
5375,2172,9,1,7.0,7.0
5376,2172,9,1,7.0,7.0
5377,2172,3,1,4.25,4.25
5378,2173,9,1,7.0,7.0
5379,2173,7,1,3.25,3.25
5380,2173,9,1,7.0,7.0
5381,2174,3,1,4.25,4.25
5382,2174,5,1,4.0,4.0
5383,2174,7,1,3.25,3.25
5384,2174,8,1,6.5,6.5
5385,2175,1,1,3.0,3.0
5386,2175,10,1,4.75,4.75
5387,2175,2,1,4.5,4.5
5388,2175,2,1,4.5,4.5
5389,2176,6,1,2.75,2.75
5390,2176,10,1,4.75,4.75
5391,2177,4,1,5.25,5.25
5392,2178,6,1,2.75,2.75
5393,2179,6,1,2.75,2.75
5394,2179,1,1,3.0,3.0
5395,2179,3,1,4.25,4.25
5396,2179,6,1,2.75,2.75
5397,2180,10,1,4.75,4.75
5398,2181,5,1,4.0,4.0
5399,2181,5,1,4.0,4.0
5400,2182,8,1,6.5,6.5
5401,2183,10,1,4.75,4.75
5402,2183,9,1,7.0,7.0
5403,2183,10,1,4.75,4.75
5404,2184,8,1,6.5,6.5
5405,2184,9,1,7.0,7.0
5406,2184,3,1,4.25,4.25
5407,2184,2,1,4.5,4.5
5408,2185,9,1,7.0,7.0
5409,2185,2,1,4.5,4.5
5410,2185,4,1,5.25,5.25
5411,2185,6,1,2.75,2.75
5412,2186,10,1,4.75,4.75
5413,2186,7,1,3.25,3.25
5414,2187,9,1,7.0,7.0
5415,2187,7,1,3.25,3.25
5416,2187,10,1,4.75,4.75
5417,2188,10,1,4.75,4.75
5418,2188,5,1,4.0,4.0
5419,2188,6,1,2.75,2.75
5420,2189,10,1,4.75,4.75
5421,2190,4,1,5.25,5.25
5422,2190,7,1,3.25,3.25
5423,2190,1,1,3.0,3.0
5424,2191,7,1,3.25,3.25
5425,2192,7,1,3.25,3.25
5426,2192,6,1,2.75,2.75
5427,2193,6,1,2.75,2.75
5428,2193,10,1,4.75,4.75
5429,2193,1,1,3.0,3.0
5430,2194,10,1,4.75,4.75
5431,2195,1,1,3.0,3.0
5432,2195,5,1,4.0,4.0
5433,2196,7,1,3.25,3.25
5434,2196,8,1,6.5,6.5
5435,2196,7,1,3.25,3.25
5436,2196,1,1,3.0,3.0
5437,2197,5,1,4.0,4.0
5438,2198,5,1,4.0,4.0
5439,2198,6,1,2.75,2.75
5440,2198,4,1,5.25,5.25
5441,2198,4,1,5.25,5.25
5442,2199,7,1,3.25,3.25
5443,2199,7,1,3.25,3.25
5444,2199,3,1,4.25,4.25
5445,2200,2,1,4.5,4.5
5446,2201,1,1,3.0,3.0
5447,2201,1,1,3.0,3.0
5448,2202,3,1,4.25,4.25
5449,2202,5,1,4.0,4.0
5450,2203,5,1,4.0,4.0
5451,2203,7,1,3.25,3.25
5452,2203,3,1,4.25,4.25
5453,2203,6,1,2.75,2.75
5454,2204,3,1,4.25,4.25
5455,2205,1,1,3.0,3.0
5456,2206,8,1,6.5,6.5
5457,2206,9,1,7.0,7.0
5458,2206,3,1,4.25,4.25
5459,2206,4,1,5.25,5.25
5460,2207,3,1,4.25,4.25
5461,2207,7,1,3.25,3.25
5462,2207,5,1,4.0,4.0
5463,2207,3,1,4.25,4.25
5464,2208,1,1,3.0,3.0
5465,2208,4,1,5.25,5.25
5466,2209,4,1,5.25,5.25
5467,2209,7,1,3.25,3.25
5468,2209,6,1,2.75,2.75
5469,2210,3,1,4.25,4.25
5470,2210,6,1,2.75,2.75
5471,2210,5,1,4.0,4.0
5472,2211,9,1,7.0,7.0
5473,2212,1,1,3.0,3.0
5474,2212,1,1,3.0,3.0
5475,2212,7,1,3.25,3.25
5476,2213,8,1,6.5,6.5
5477,2213,6,1,2.75,2.75
5478,2213,3,1,4.25,4.25
5479,2214,8,1,6.5,6.5
5480,2214,5,1,4.0,4.0
5481,2215,8,1,6.5,6.5
5482,2216,3,1,4.25,4.25
5483,2216,8,1,6.5,6.5
5484,2216,3,1,4.25,4.25
5485,2217,2,1,4.5,4.5
5486,2217,8,1,6.5,6.5
5487,2218,10,1,4.75,4.75
5488,2219,6,1,2.75,2.75
5489,2219,4,1,5.25,5.25
5490,2219,1,1,3.0,3.0
5491,2220,5,1,4.0,4.0
5492,2220,10,1,4.75,4.75
5493,2221,1,1,3.0,3.0
5494,2222,7,1,3.25,3.25
5495,2223,7,1,3.25,3.25
5496,2224,9,1,7.0,7.0
5497,2225,8,1,6.5,6.5
5498,2225,9,1,7.0,7.0
5499,2226,10,1,4.75,4.75
5500,2226,2,1,4.5,4.5
5501,2227,10,1,4.75,4.75
5502,2227,10,1,4.75,4.75
5503,2227,10,1,4.75,4.75
5504,2227,7,1,3.25,3.25
5505,2228,6,1,2.75,2.75
5506,2228,8,1,6.5,6.5
5507,2228,10,1,4.75,4.75
5508,2229,3,1,4.25,4.25
5509,2229,5,1,4.0,4.0
5510,2229,7,1,3.25,3.25
5511,2229,4,1,5.25,5.25
5512,2230,3,1,4.25,4.25
5513,2230,5,1,4.0,4.0
5514,2230,3,1,4.25,4.25
5515,2231,3,1,4.25,4.25
5516,2231,9,1,7.0,7.0
5517,2231,4,1,5.25,5.25
5518,2231,4,1,5.25,5.25
5519,2232,1,1,3.0,3.0
5520,2232,7,1,3.25,3.25
5521,2232,3,1,4.25,4.25
5522,2232,10,1,4.75,4.75
5523,2233,3,1,4.25,4.25
5524,2233,3,1,4.25,4.25
5525,2234,4,1,5.25,5.25
5526,2234,3,1,4.25,4.25
5527,2235,7,1,3.25,3.25
5528,2235,7,1,3.25,3.25
5529,2235,2,1,4.5,4.5
5530,2235,1,1,3.0,3.0
5531,2236,2,1,4.5,4.5
5532,2236,1,1,3.0,3.0
5533,2236,9,1,7.0,7.0
5534,2236,2,1,4.5,4.5
5535,2237,5,1,4.0,4.0
5536,2238,4,1,5.25,5.25
5537,2238,2,1,4.5,4.5
5538,2238,10,1,4.75,4.75
5539,2239,9,1,7.0,7.0
5540,2239,3,1,4.25,4.25
5541,2239,4,1,5.25,5.25
5542,2239,6,1,2.75,2.75
5543,2240,1,1,3.0,3.0
5544,2241,7,1,3.25,3.25
5545,2241,3,1,4.25,4.25
5546,2241,1,1,3.0,3.0
5547,2241,6,1,2.75,2.75
5548,2242,2,1,4.5,4.5
5549,2242,6,1,2.75,2.75
5550,2242,1,1,3.0,3.0
5551,2242,1,1,3.0,3.0
5552,2243,5,1,4.0,4.0
5553,2243,2,1,4.5,4.5
5554,2243,2,1,4.5,4.5
5555,2243,1,1,3.0,3.0
5556,2244,5,1,4.0,4.0
5557,2244,1,1,3.0,3.0
5558,2245,10,1,4.75,4.75
5559,2245,10,1,4.75,4.75
5560,2245,5,1,4.0,4.0
5561,2245,10,1,4.75,4.75
5562,2246,9,1,7.0,7.0
5563,2246,4,1,5.25,5.25
5564,2246,7,1,3.25,3.25
5565,2247,7,1,3.25,3.25
5566,2247,9,1,7.0,7.0
5567,2248,7,1,3.25,3.25
5568,2248,10,1,4.75,4.75
5569,2249,9,1,7.0,7.0
5570,2249,9,1,7.0,7.0
5571,2249,9,1,7.0,7.0
5572,2249,10,1,4.75,4.75
5573,2250,6,1,2.75,2.75
5574,2251,10,1,4.75,4.75
5575,2252,1,1,3.0,3.0
5576,2252,2,1,4.5,4.5
5577,2253,1,1,3.0,3.0
5578,2253,5,1,4.0,4.0
5579,2253,2,1,4.5,4.5
5580,2253,9,1,7.0,7.0
5581,2254,8,1,6.5,6.5
5582,2255,5,1,4.0,4.0
5583,2255,2,1,4.5,4.5
5584,2255,3,1,4.25,4.25
5585,2255,8,1,6.5,6.5
5586,2256,2,1,4.5,4.5
5587,2257,7,1,3.25,3.25
5588,2257,5,1,4.0,4.0
5589,2258,9,1,7.0,7.0
5590,2258,10,1,4.75,4.75
5591,2258,2,1,4.5,4.5
5592,2259,2,1,4.5,4.5
5593,2259,9,1,7.0,7.0
5594,2260,1,1,3.0,3.0
5595,2260,6,1,2.75,2.75
5596,2260,7,1,3.25,3.25
5597,2260,9,1,7.0,7.0
5598,2261,6,1,2.75,2.75
5599,2261,8,1,6.5,6.5
5600,2262,7,1,3.25,3.25
5601,2263,1,1,3.0,3.0
5602,2263,8,1,6.5,6.5
5603,2263,3,1,4.25,4.25
5604,2264,9,1,7.0,7.0
5605,2264,3,1,4.25,4.25
5606,2265,1,1,3.0,3.0
5607,2265,1,1,3.0,3.0
5608,2265,2,1,4.5,4.5
5609,2266,5,1,4.0,4.0
5610,2266,8,1,6.5,6.5
5611,2267,7,1,3.25,3.25
5612,2268,2,1,4.5,4.5
5613,2268,1,1,3.0,3.0
5614,2268,6,1,2.75,2.75
5615,2268,9,1,7.0,7.0
5616,2269,10,1,4.75,4.75
5617,2270,2,1,4.5,4.5
5618,2270,2,1,4.5,4.5
5619,2270,6,1,2.75,2.75
5620,2270,3,1,4.25,4.25
5621,2271,4,1,5.25,5.25
5622,2271,1,1,3.0,3.0
5623,2272,5,1,4.0,4.0
5624,2272,2,1,4.5,4.5
5625,2272,9,1,7.0,7.0
5626,2272,10,1,4.75,4.75
5627,2273,4,1,5.25,5.25
5628,2273,3,1,4.25,4.25
5629,2273,10,1,4.75,4.75
5630,2274,6,1,2.75,2.75
5631,2274,3,1,4.25,4.25
5632,2274,10,1,4.75,4.75
5633,2274,5,1,4.0,4.0
5634,2275,10,1,4.75,4.75
5635,2276,4,1,5.25,5.25
5636,2276,5,1,4.0,4.0
5637,2276,9,1,7.0,7.0
5638,2276,2,1,4.5,4.5
5639,2277,6,1,2.75,2.75
5640,2277,1,1,3.0,3.0
5641,2277,3,1,4.25,4.25
5642,2278,3,1,4.25,4.25
5643,2278,2,1,4.5,4.5
5644,2279,5,1,4.0,4.0
5645,2279,9,1,7.0,7.0
5646,2279,4,1,5.25,5.25
5647,2279,6,1,2.75,2.75
5648,2280,9,1,7.0,7.0
5649,2280,7,1,3.25,3.25
5650,2280,1,1,3.0,3.0
5651,2281,5,1,4.0,4.0
5652,2281,9,1,7.0,7.0
5653,2281,9,1,7.0,7.0
5654,2282,4,1,5.25,5.25
5655,2282,7,1,3.25,3.25
5656,2282,5,1,4.0,4.0
5657,2283,6,1,2.75,2.75
5658,2283,1,1,3.0,3.0
5659,2283,8,1,6.5,6.5
5660,2284,6,1,2.75,2.75
5661,2284,8,1,6.5,6.5
5662,2284,10,1,4.75,4.75
5663,2284,6,1,2.75,2.75
5664,2285,10,1,4.75,4.75
5665,2286,1,1,3.0,3.0
5666,2286,10,1,4.75,4.75
5667,2286,2,1,4.5,4.5
5668,2287,10,1,4.75,4.75
5669,2288,7,1,3.25,3.25
5670,2288,1,1,3.0,3.0
5671,2288,3,1,4.25,4.25
5672,2288,3,1,4.25,4.25
5673,2289,6,1,2.75,2.75
5674,2289,5,1,4.0,4.0
5675,2290,3,1,4.25,4.25
5676,2291,7,1,3.25,3.25
5677,2291,1,1,3.0,3.0
5678,2292,10,1,4.75,4.75
5679,2292,6,1,2.75,2.75
5680,2292,1,1,3.0,3.0
5681,2292,8,1,6.5,6.5
5682,2293,4,1,5.25,5.25
5683,2293,3,1,4.25,4.25
5684,2293,8,1,6.5,6.5
5685,2293,10,1,4.75,4.75
5686,2294,1,1,3.0,3.0
5687,2295,1,1,3.0,3.0
5688,2295,4,1,5.25,5.25
5689,2295,10,1,4.75,4.75
5690,2296,1,1,3.0,3.0
5691,2296,4,1,5.25,5.25
5692,2297,4,1,5.25,5.25
5693,2298,6,1,2.75,2.75
5694,2298,4,1,5.25,5.25
5695,2298,6,1,2.75,2.75
5696,2299,7,1,3.25,3.25
5697,2299,2,1,4.5,4.5
5698,2299,1,1,3.0,3.0
5699,2300,9,1,7.0,7.0
5700,2300,1,1,3.0,3.0
5701,2300,2,1,4.5,4.5
5702,2300,9,1,7.0,7.0
5703,2301,9,1,7.0,7.0
5704,2301,5,1,4.0,4.0
5705,2301,3,1,4.25,4.25
5706,2301,4,1,5.25,5.25
5707,2302,1,1,3.0,3.0
5708,2302,1,1,3.0,3.0
5709,2303,6,1,2.75,2.75
5710,2303,6,1,2.75,2.75
5711,2304,2,1,4.5,4.5
5712,2305,5,1,4.0,4.0
5713,2305,2,1,4.5,4.5
5714,2306,3,1,4.25,4.25
5715,2307,4,1,5.25,5.25
5716,2307,5,1,4.0,4.0
5717,2308,10,1,4.75,4.75
5718,2309,9,1,7.0,7.0
5719,2310,2,1,4.5,4.5
5720,2310,2,1,4.5,4.5
5721,2311,10,1,4.75,4.75
5722,2311,1,1,3.0,3.0
5723,2312,10,1,4.75,4.75
5724,2312,9,1,7.0,7.0
5725,2312,9,1,7.0,7.0
5726,2313,3,1,4.25,4.25
5727,2314,4,1,5.25,5.25
5728,2314,7,1,3.25,3.25
5729,2315,6,1,2.75,2.75
5730,2315,6,1,2.75,2.75
5731,2315,9,1,7.0,7.0
5732,2315,3,1,4.25,4.25
5733,2316,10,1,4.75,4.75
5734,2317,6,1,2.75,2.75
5735,2318,3,1,4.25,4.25
5736,2318,2,1,4.5,4.5
5737,2318,10,1,4.75,4.75
5738,2318,3,1,4.25,4.25
5739,2319,1,1,3.0,3.0
5740,2319,6,1,2.75,2.75
5741,2319,10,1,4.75,4.75
5742,2319,2,1,4.5,4.5
5743,2320,9,1,7.0,7.0
5744,2320,6,1,2.75,2.75
5745,2321,10,1,4.75,4.75
5746,2321,8,1,6.5,6.5
5747,2321,8,1,6.5,6.5
5748,2322,9,1,7.0,7.0
5749,2322,9,1,7.0,7.0
5750,2322,1,1,3.0,3.0
5751,2322,1,1,3.0,3.0
5752,2323,9,1,7.0,7.0
5753,2324,9,1,7.0,7.0
5754,2324,5,1,4.0,4.0
5755,2325,3,1,4.25,4.25
5756,2325,8,1,6.5,6.5
5757,2326,5,1,4.0,4.0
5758,2327,4,1,5.25,5.25
5759,2327,3,1,4.25,4.25
5760,2327,9,1,7.0,7.0
5761,2328,3,1,4.25,4.25
5762,2329,5,1,4.0,4.0
5763,2330,8,1,6.5,6.5
5764,2330,6,1,2.75,2.75
5765,2330,3,1,4.25,4.25
5766,2330,2,1,4.5,4.5
5767,2331,3,1,4.25,4.25
5768,2332,7,1,3.25,3.25
5769,2333,6,1,2.75,2.75
5770,2334,7,1,3.25,3.25
5771,2334,10,1,4.75,4.75
5772,2334,2,1,4.5,4.5
5773,2335,10,1,4.75,4.75
5774,2335,2,1,4.5,4.5
5775,2336,5,1,4.0,4.0
5776,2336,7,1,3.25,3.25
5777,2336,10,1,4.75,4.75
5778,2336,1,1,3.0,3.0
5779,2337,1,1,3.0,3.0
5780,2338,10,1,4.75,4.75
5781,2339,6,1,2.75,2.75
5782,2340,8,1,6.5,6.5
5783,2340,1,1,3.0,3.0
5784,2340,7,1,3.25,3.25
5785,2340,4,1,5.25,5.25
5786,2341,6,1,2.75,2.75
5787,2341,1,1,3.0,3.0
5788,2341,5,1,4.0,4.0
5789,2342,7,1,3.25,3.25
5790,2342,7,1,3.25,3.25
5791,2342,4,1,5.25,5.25
5792,2342,5,1,4.0,4.0
5793,2343,1,1,3.0,3.0
5794,2343,5,1,4.0,4.0
5795,2343,10,1,4.75,4.75
5796,2344,7,1,3.25,3.25
5797,2344,2,1,4.5,4.5
5798,2345,3,1,4.25,4.25
5799,2345,2,1,4.5,4.5
5800,2345,9,1,7.0,7.0
5801,2346,10,1,4.75,4.75
5802,2347,2,1,4.5,4.5
5803,2347,10,1,4.75,4.75
5804,2347,10,1,4.75,4.75
5805,2348,9,1,7.0,7.0
5806,2348,6,1,2.75,2.75
5807,2349,3,1,4.25,4.25
5808,2349,6,1,2.75,2.75
5809,2349,1,1,3.0,3.0
5810,2349,6,1,2.75,2.75
5811,2350,4,1,5.25,5.25
5812,2350,1,1,3.0,3.0
5813,2350,4,1,5.25,5.25
5814,2351,7,1,3.25,3.25
5815,2351,1,1,3.0,3.0
5816,2351,6,1,2.75,2.75
5817,2351,5,1,4.0,4.0
5818,2352,8,1,6.5,6.5
5819,2352,6,1,2.75,2.75
5820,2352,8,1,6.5,6.5
5821,2353,4,1,5.25,5.25
5822,2353,6,1,2.75,2.75
5823,2353,4,1,5.25,5.25
5824,2354,7,1,3.25,3.25
5825,2354,7,1,3.25,3.25
5826,2354,10,1,4.75,4.75
5827,2355,2,1,4.5,4.5
5828,2355,3,1,4.25,4.25
5829,2356,10,1,4.75,4.75
5830,2357,3,1,4.25,4.25
5831,2357,7,1,3.25,3.25
5832,2357,10,1,4.75,4.75
5833,2358,5,1,4.0,4.0
5834,2358,8,1,6.5,6.5
5835,2358,3,1,4.25,4.25
5836,2358,2,1,4.5,4.5
5837,2359,6,1,2.75,2.75
5838,2359,10,1,4.75,4.75
5839,2360,5,1,4.0,4.0
5840,2361,3,1,4.25,4.25
5841,2361,7,1,3.25,3.25
5842,2362,1,1,3.0,3.0
5843,2362,8,1,6.5,6.5
5844,2363,2,1,4.5,4.5
5845,2363,1,1,3.0,3.0
5846,2364,3,1,4.25,4.25
5847,2364,3,1,4.25,4.25
5848,2364,2,1,4.5,4.5
5849,2365,9,1,7.0,7.0
5850,2366,5,1,4.0,4.0
5851,2366,5,1,4.0,4.0
5852,2366,8,1,6.5,6.5
5853,2366,1,1,3.0,3.0
5854,2367,9,1,7.0,7.0
5855,2368,8,1,6.5,6.5
5856,2368,3,1,4.25,4.25
5857,2368,10,1,4.75,4.75
5858,2368,7,1,3.25,3.25
5859,2369,4,1,5.25,5.25
5860,2369,8,1,6.5,6.5
5861,2370,6,1,2.75,2.75
5862,2371,6,1,2.75,2.75
5863,2371,9,1,7.0,7.0
5864,2371,1,1,3.0,3.0
5865,2372,3,1,4.25,4.25
5866,2372,2,1,4.5,4.5
5867,2373,2,1,4.5,4.5
5868,2373,7,1,3.25,3.25
5869,2374,4,1,5.25,5.25
5870,2375,3,1,4.25,4.25
5871,2375,1,1,3.0,3.0
5872,2375,4,1,5.25,5.25
5873,2375,2,1,4.5,4.5
5874,2376,3,1,4.25,4.25
5875,2376,9,1,7.0,7.0
5876,2376,7,1,3.25,3.25
5877,2377,4,1,5.25,5.25
5878,2377,6,1,2.75,2.75
5879,2377,3,1,4.25,4.25
5880,2377,6,1,2.75,2.75
5881,2378,3,1,4.25,4.25
5882,2378,3,1,4.25,4.25
5883,2379,10,1,4.75,4.75
5884,2379,4,1,5.25,5.25
5885,2380,5,1,4.0,4.0
5886,2381,7,1,3.25,3.25
5887,2381,7,1,3.25,3.25
5888,2382,9,1,7.0,7.0
5889,2383,9,1,7.0,7.0
5890,2384,2,1,4.5,4.5
5891,2385,2,1,4.5,4.5
5892,2385,6,1,2.75,2.75
5893,2385,9,1,7.0,7.0
5894,2385,4,1,5.25,5.25
5895,2386,8,1,6.5,6.5
5896,2387,8,1,6.5,6.5
5897,2387,4,1,5.25,5.25
5898,2387,6,1,2.75,2.75
5899,2387,8,1,6.5,6.5
5900,2388,4,1,5.25,5.25
5901,2388,3,1,4.25,4.25
5902,2389,10,1,4.75,4.75
5903,2390,3,1,4.25,4.25
5904,2390,3,1,4.25,4.25
5905,2391,4,1,5.25,5.25
5906,2391,6,1,2.75,2.75
5907,2391,1,1,3.0,3.0
5908,2392,2,1,4.5,4.5
5909,2392,2,1,4.5,4.5
5910,2393,5,1,4.0,4.0
5911,2393,2,1,4.5,4.5
5912,2393,4,1,5.25,5.25
5913,2393,1,1,3.0,3.0
5914,2394,3,1,4.25,4.25
5915,2394,1,1,3.0,3.0
5916,2394,2,1,4.5,4.5
5917,2395,9,1,7.0,7.0
5918,2396,6,1,2.75,2.75
5919,2396,7,1,3.25,3.25
5920,2396,2,1,4.5,4.5
5921,2396,6,1,2.75,2.75
5922,2397,3,1,4.25,4.25
5923,2398,7,1,3.25,3.25
5924,2399,6,1,2.75,2.75
5925,2399,7,1,3.25,3.25
5926,2399,5,1,4.0,4.0
5927,2400,10,1,4.75,4.75
5928,2400,4,1,5.25,5.25
5929,2400,10,1,4.75,4.75
5930,2400,6,1,2.75,2.75
5931,2401,3,1,4.25,4.25
5932,2402,1,1,3.0,3.0
5933,2402,2,1,4.5,4.5
5934,2403,2,1,4.5,4.5
5935,2403,3,1,4.25,4.25
5936,2404,10,1,4.75,4.75
5937,2404,7,1,3.25,3.25
5938,2404,8,1,6.5,6.5
5939,2404,9,1,7.0,7.0
5940,2405,2,1,4.5,4.5
5941,2405,3,1,4.25,4.25
5942,2406,10,1,4.75,4.75
5943,2407,1,1,3.0,3.0
5944,2407,8,1,6.5,6.5
5945,2407,6,1,2.75,2.75
5946,2407,10,1,4.75,4.75
5947,2408,6,1,2.75,2.75
5948,2408,4,1,5.25,5.25
5949,2408,4,1,5.25,5.25
5950,2408,10,1,4.75,4.75
5951,2409,7,1,3.25,3.25
5952,2410,3,1,4.25,4.25
5953,2410,4,1,5.25,5.25
5954,2410,2,1,4.5,4.5
5955,2411,6,1,2.75,2.75
5956,2412,5,1,4.0,4.0
5957,2412,5,1,4.0,4.0
5958,2412,10,1,4.75,4.75
5959,2412,8,1,6.5,6.5
5960,2413,1,1,3.0,3.0
5961,2414,5,1,4.0,4.0
5962,2414,5,1,4.0,4.0
5963,2414,9,1,7.0,7.0
5964,2414,7,1,3.25,3.25
5965,2415,5,1,4.0,4.0
5966,2415,2,1,4.5,4.5
5967,2415,7,1,3.25,3.25
5968,2415,4,1,5.25,5.25
5969,2416,6,1,2.75,2.75
5970,2416,1,1,3.0,3.0
5971,2416,1,1,3.0,3.0
5972,2417,8,1,6.5,6.5
5973,2417,4,1,5.25,5.25
5974,2418,8,1,6.5,6.5
5975,2418,8,1,6.5,6.5
5976,2419,10,1,4.75,4.75
5977,2419,7,1,3.25,3.25
5978,2420,6,1,2.75,2.75
5979,2420,6,1,2.75,2.75
5980,2421,5,1,4.0,4.0
5981,2421,4,1,5.25,5.25
5982,2421,2,1,4.5,4.5
5983,2421,6,1,2.75,2.75
5984,2422,6,1,2.75,2.75
5985,2422,5,1,4.0,4.0
5986,2422,7,1,3.25,3.25
5987,2422,7,1,3.25,3.25
5988,2423,5,1,4.0,4.0
5989,2423,2,1,4.5,4.5
5990,2423,5,1,4.0,4.0
5991,2424,5,1,4.0,4.0
5992,2424,5,1,4.0,4.0
5993,2425,7,1,3.25,3.25
5994,2425,5,1,4.0,4.0
5995,2425,1,1,3.0,3.0
5996,2426,4,1,5.25,5.25
5997,2426,1,1,3.0,3.0
5998,2427,10,1,4.75,4.75
5999,2427,8,1,6.5,6.5
6000,2428,4,1,5.25,5.25
6001,2429,1,1,3.0,3.0
6002,2429,3,1,4.25,4.25
6003,2430,9,1,7.0,7.0
6004,2430,6,1,2.75,2.75
6005,2430,4,1,5.25,5.25
6006,2431,3,1,4.25,4.25
6007,2431,1,1,3.0,3.0
6008,2432,10,1,4.75,4.75
6009,2432,7,1,3.25,3.25
6010,2432,5,1,4.0,4.0
6011,2433,6,1,2.75,2.75
6012,2433,2,1,4.5,4.5
6013,2434,7,1,3.25,3.25
6014,2434,6,1,2.75,2.75
6015,2434,9,1,7.0,7.0
6016,2435,1,1,3.0,3.0
6017,2435,9,1,7.0,7.0
6018,2435,7,1,3.25,3.25
6019,2435,2,1,4.5,4.5
6020,2436,6,1,2.75,2.75
6021,2436,9,1,7.0,7.0
6022,2436,5,1,4.0,4.0
6023,2437,7,1,3.25,3.25
6024,2437,4,1,5.25,5.25
6025,2437,2,1,4.5,4.5
6026,2437,2,1,4.5,4.5
6027,2438,4,1,5.25,5.25
6028,2439,4,1,5.25,5.25
6029,2440,2,1,4.5,4.5
6030,2440,1,1,3.0,3.0
6031,2441,9,1,7.0,7.0
6032,2441,1,1,3.0,3.0
6033,2441,1,1,3.0,3.0
6034,2441,9,1,7.0,7.0
6035,2442,7,1,3.25,3.25
6036,2442,10,1,4.75,4.75
6037,2442,1,1,3.0,3.0
6038,2443,5,1,4.0,4.0
6039,2443,2,1,4.5,4.5
6040,2443,8,1,6.5,6.5
6041,2443,5,1,4.0,4.0
6042,2444,1,1,3.0,3.0
6043,2444,3,1,4.25,4.25
6044,2444,4,1,5.25,5.25
6045,2445,7,1,3.25,3.25
6046,2445,6,1,2.75,2.75
6047,2445,3,1,4.25,4.25
6048,2445,8,1,6.5,6.5
6049,2446,4,1,5.25,5.25
6050,2446,3,1,4.25,4.25
6051,2447,3,1,4.25,4.25
6052,2448,1,1,3.0,3.0
6053,2448,4,1,5.25,5.25
6054,2449,8,1,6.5,6.5
6055,2449,6,1,2.75,2.75
6056,2449,1,1,3.0,3.0
6057,2449,8,1,6.5,6.5
6058,2450,4,1,5.25,5.25
6059,2450,1,1,3.0,3.0
6060,2450,3,1,4.25,4.25
6061,2451,2,1,4.5,4.5
6062,2452,3,1,4.25,4.25
6063,2452,4,1,5.25,5.25
6064,2452,1,1,3.0,3.0
6065,2452,4,1,5.25,5.25
6066,2453,9,1,7.0,7.0
6067,2453,5,1,4.0,4.0
6068,2454,8,1,6.5,6.5
6069,2455,1,1,3.0,3.0
6070,2455,8,1,6.5,6.5
6071,2455,7,1,3.25,3.25
6072,2456,8,1,6.5,6.5
6073,2457,5,1,4.0,4.0
6074,2457,1,1,3.0,3.0
6075,2458,3,1,4.25,4.25
6076,2458,8,1,6.5,6.5
6077,2458,3,1,4.25,4.25
6078,2458,6,1,2.75,2.75
6079,2459,10,-1,4.75,4.75
6080,2459,1,1,3.0,3.0
6081,2459,10,1,4.75,4.75
6082,2460,9,1,7.0,7.0
6083,2460,5,1,4.0,4.0
6084,2460,5,1,4.0,4.0
6085,2460,9,1,7.0,7.0
6086,2461,10,1,4.75,4.75
6087,2461,2,1,4.5,4.5
6088,2461,3,1,4.25,4.25
6089,2461,2,1,4.5,4.5
6090,2462,9,1,7.0,7.0
6091,2463,2,1,4.5,4.5
6092,2464,10,1,4.75,4.75
6093,2464,3,1,4.25,4.25
6094,2465,2,1,4.5,4.5
6095,2465,8,1,6.5,6.5
6096,2465,2,1,4.5,4.5
6097,2466,5,1,4.0,4.0
6098,2466,4,1,5.25,5.25
6099,2466,4,1,5.25,5.25
6100,2466,9,1,7.0,7.0
6101,2467,2,1,4.5,4.5
6102,2467,7,1,3.25,3.25
6103,2468,10,1,4.75,4.75
6104,2468,7,1,3.25,3.25
6105,2468,4,1,5.25,5.25
6106,2469,5,1,4.0,4.0
6107,2469,5,1,4.0,4.0
6108,2470,9,1,7.0,7.0
6109,2470,10,1,4.75,4.75
6110,2470,10,1,4.75,4.75
6111,2470,6,1,2.75,2.75
6112,2471,1,1,3.0,3.0
6113,2471,6,1,2.75,2.75
6114,2472,10,1,4.75,4.75
6115,2473,5,1,4.0,4.0
6116,2473,10,1,4.75,4.75
6117,2473,3,1,4.25,4.25
6118,2473,7,1,3.25,3.25
6119,2474,10,1,4.75,4.75
6120,2474,6,1,2.75,2.75
6121,2475,8,1,6.5,6.5
6122,2475,8,1,6.5,6.5
6123,2475,6,1,2.75,2.75
6124,2475,3,1,4.25,4.25
6125,2476,7,1,3.25,3.25
6126,2477,10,1,4.75,4.75
6127,2477,3,1,4.25,4.25
6128,2478,2,1,4.5,4.5
6129,2478,2,1,4.5,4.5
6130,2478,6,1,2.75,2.75
6131,2479,6,1,2.75,2.75
6132,2479,10,1,4.75,4.75
6133,2479,7,1,3.25,3.25
6134,2480,7,1,3.25,3.25
6135,2480,3,1,4.25,4.25
6136,2481,7,1,3.25,3.25
6137,2482,9,1,7.0,7.0
6138,2483,4,1,5.25,5.25
6139,2484,3,1,4.25,4.25
6140,2484,2,1,4.5,4.5
6141,2485,2,1,4.5,4.5
6142,2485,6,1,2.75,2.75
6143,2486,9,1,7.0,7.0
6144,2486,3,1,4.25,4.25
6145,2486,7,1,3.25,3.25
6146,2487,5,1,4.0,4.0
6147,2487,1,1,3.0,3.0
6148,2487,2,1,4.5,4.5
6149,2487,10,1,4.75,4.75
6150,2488,7,1,3.25,3.25
6151,2489,7,1,3.25,3.25
6152,2490,6,1,2.75,2.75
6153,2490,9,1,7.0,7.0
6154,2491,7,1,3.25,3.25
6155,2491,5,1,4.0,4.0
6156,2491,2,1,4.5,4.5
6157,2492,10,1,4.75,4.75
6158,2493,2,1,4.5,4.5
6159,2493,4,1,5.25,5.25
6160,2494,9,1,7.0,7.0
6161,2494,4,1,5.25,5.25
6162,2494,2,1,4.5,4.5
6163,2495,8,1,6.5,6.5
6164,2496,3,1,4.25,4.25
6165,2497,1,1,3.0,3.0
6166,2498,3,1,4.25,4.25
6167,2499,4,1,5.25,5.25
6168,2499,3,1,4.25,4.25
6169,2499,9,1,7.0,7.0
6170,2500,2,1,4.5,4.5
6171,2500,1,1,3.0,3.0
6172,2501,5,1,4.0,4.0
6173,2501,4,1,5.25,5.25
6174,2502,9,1,7.0,7.0
6175,2502,3,1,4.25,4.25
6176,2502,7,1,3.25,3.25
6177,2503,8,1,6.5,6.5
6178,2504,8,1,6.5,6.5
6179,2504,7,1,3.25,3.25
6180,2505,4,1,5.25,5.25
6181,2505,4,1,5.25,5.25
6182,2505,8,1,6.5,6.5
6183,2505,7,1,3.25,3.25
6184,2506,9,1,7.0,7.0
6185,2507,2,1,4.5,4.5
6186,2507,4,1,5.25,5.25
6187,2507,7,1,3.25,3.25
6188,2507,9,1,7.0,7.0
6189,2508,3,1,4.25,4.25
6190,2508,9,1,7.0,7.0
6191,2509,2,1,4.5,4.5
6192,2509,9,1,7.0,7.0
6193,2510,3,1,4.25,4.25
6194,2510,8,1,6.5,6.5
6195,2510,10,1,4.75,4.75
6196,2511,8,1,6.5,6.5
6197,2511,8,1,6.5,6.5
6198,2511,7,1,3.25,3.25
6199,2511,2,1,4.5,4.5
6200,2512,9,1,7.0,7.0
6201,2513,2,1,4.5,4.5
6202,2513,10,1,4.75,4.75
6203,2514,2,1,4.5,4.5
6204,2514,8,1,6.5,6.5
6205,2514,9,1,7.0,7.0
6206,2514,2,1,4.5,4.5
6207,2515,6,1,2.75,2.75
6208,2515,8,1,6.5,6.5
6209,2515,3,1,4.25,4.25
6210,2516,7,1,3.25,3.25
6211,2516,9,1,7.0,7.0
6212,2516,7,1,3.25,3.25
6213,2517,4,1,5.25,5.25
6214,2517,5,1,4.0,4.0
6215,2517,10,1,4.75,4.75
6216,2517,9,1,7.0,7.0
6217,2518,4,1,5.25,5.25
6218,2518,10,1,4.75,4.75
6219,2518,5,1,4.0,4.0
6220,2519,5,1,4.0,4.0
6221,2519,3,1,4.25,4.25
6222,2519,10,1,4.75,4.75
6223,2519,10,1,4.75,4.75
6224,2520,10,1,4.75,4.75
6225,2520,5,1,4.0,4.0
6226,2520,2,1,4.5,4.5
6227,2520,8,1,6.5,6.5
6228,2521,5,1,4.0,4.0
6229,2521,8,1,6.5,6.5
6230,2521,5,1,4.0,4.0
6231,2521,9,1,7.0,7.0
6232,2522,5,1,4.0,4.0
6233,2522,2,1,4.5,4.5
6234,2522,9,1,7.0,7.0
6235,2522,4,1,5.25,5.25
6236,2523,8,1,6.5,6.5
6237,2523,4,1,5.25,5.25
6238,2523,5,1,4.0,4.0
6239,2523,8,1,6.5,6.5
6240,2524,10,1,4.75,4.75
6241,2524,9,1,7.0,7.0
6242,2524,9,1,7.0,7.0
6243,2524,2,1,4.5,4.5
6244,2525,1,1,3.0,3.0
6245,2525,10,1,4.75,4.75
6246,2525,3,1,4.25,4.25
6247,2526,2,1,4.5,4.5
6248,2526,1,1,3.0,3.0
6249,2527,7,1,3.25,3.25
6250,2528,9,1,7.0,7.0
6251,2529,9,1,7.0,7.0
6252,2529,2,1,4.5,4.5
6253,2529,4,1,5.25,5.25
6254,2530,6,1,2.75,2.75
6255,2531,2,1,4.5,4.5
6256,2531,9,1,7.0,7.0
6257,2531,6,1,2.75,2.75
6258,2532,6,1,2.75,2.75
6259,2532,1,1,3.0,3.0
6260,2532,1,1,3.0,3.0
6261,2532,1,1,3.0,3.0
6262,2533,10,1,4.75,4.75
6263,2534,7,1,3.25,3.25
6264,2534,5,1,4.0,4.0
6265,2534,2,1,4.5,4.5
6266,2535,8,1,6.5,6.5
6267,2535,10,1,4.75,4.75
6268,2535,1,1,3.0,3.0
6269,2535,9,1,7.0,7.0
6270,2536,3,1,4.25,4.25
6271,2536,7,1,3.25,3.25
6272,2536,1,1,3.0,3.0
6273,2536,1,1,3.0,3.0
6274,2537,5,1,4.0,4.0
6275,2537,3,1,4.25,4.25
6276,2537,10,1,4.75,4.75
6277,2538,9,1,7.0,7.0
6278,2538,7,1,3.25,3.25
6279,2538,6,1,2.75,2.75
6280,2538,3,1,4.25,4.25
6281,2539,6,1,2.75,2.75
6282,2539,7,1,3.25,3.25
6283,2540,4,1,5.25,5.25
6284,2540,4,1,5.25,5.25
6285,2540,5,1,4.0,4.0
6286,2541,8,1,6.5,6.5
6287,2541,7,1,3.25,3.25
6288,2541,5,1,4.0,4.0
6289,2542,3,1,4.25,4.25
6290,2542,2,1,4.5,4.5
6291,2542,4,1,5.25,5.25
6292,2543,2,1,4.5,4.5
6293,2543,3,1,4.25,4.25
6294,2543,5,1,4.0,4.0
6295,2543,6,1,2.75,2.75
6296,2544,10,1,4.75,4.75
6297,2544,1,1,3.0,3.0
6298,2545,3,1,4.25,4.25
6299,2545,8,1,6.5,6.5
6300,2546,10,1,4.75,4.75
6301,2546,6,1,2.75,2.75
6302,2547,3,1,4.25,4.25
6303,2547,6,1,2.75,2.75
6304,2547,3,1,4.25,4.25
6305,2548,8,1,6.5,6.5
6306,2548,6,1,2.75,2.75
6307,2548,10,1,4.75,4.75
6308,2549,1,1,3.0,3.0
6309,2549,9,1,7.0,7.0
6310,2549,1,1,3.0,3.0
6311,2550,5,1,4.0,4.0
6312,2550,8,1,6.5,6.5
6313,2550,4,1,5.25,5.25
6314,2551,5,1,4.0,4.0
6315,2551,8,1,6.5,6.5
6316,2552,10,1,4.75,4.75
6317,2552,5,1,4.0,4.0
6318,2552,10,1,4.75,4.75
6319,2553,1,1,3.0,3.0
6320,2553,6,1,2.75,2.75
6321,2554,4,1,5.25,5.25
6322,2554,2,1,4.5,4.5
6323,2555,4,1,5.25,5.25
6324,2556,1,1,3.0,3.0
6325,2556,9,1,7.0,7.0
6326,2556,8,1,6.5,6.5
6327,2556,9,1,7.0,7.0
6328,2557,3,1,4.25,4.25
6329,2557,8,1,6.5,6.5
6330,2557,9,1,7.0,7.0
6331,2558,3,1,4.25,4.25
6332,2558,6,1,2.75,2.75
6333,2558,2,1,4.5,4.5
6334,2558,6,1,2.75,2.75
6335,2559,6,1,2.75,2.75
6336,2559,4,1,5.25,5.25
6337,2559,6,1,2.75,2.75
6338,2559,4,1,5.25,5.25
6339,2560,6,1,2.75,2.75
6340,2561,2,1,4.5,4.5
6341,2561,8,1,6.5,6.5
6342,2561,8,1,6.5,6.5
6343,2561,7,1,3.25,3.25
6344,2562,4,1,5.25,5.25
6345,2562,4,1,5.25,5.25
6346,2562,7,1,3.25,3.25
6347,2563,7,1,3.25,3.25
6348,2563,5,1,4.0,4.0
6349,2563,6,1,2.75,2.75
6350,2563,1,1,3.0,3.0
6351,2564,2,1,4.5,4.5
6352,2565,9,1,7.0,7.0
6353,2566,2,1,4.5,4.5
6354,2566,2,1,4.5,4.5
6355,2567,5,1,4.0,4.0
6356,2567,7,1,3.25,3.25
6357,2568,10,1,4.75,4.75
6358,2568,6,1,2.75,2.75
6359,2568,8,1,6.5,6.5
6360,2568,3,1,4.25,4.25
6361,2569,9,1,7.0,7.0
6362,2569,3,1,4.25,4.25
6363,2569,9,1,7.0,7.0
6364,2570,3,1,4.25,4.25
6365,2570,2,1,4.5,4.5
6366,2571,5,1,4.0,4.0
6367,2571,9,1,7.0,7.0
6368,2572,8,1,6.5,6.5
6369,2573,6,1,2.75,2.75
6370,2573,2,1,4.5,4.5
6371,2573,5,1,4.0,4.0
6372,2574,9,1,7.0,7.0
6373,2574,7,1,3.25,3.25
6374,2575,4,1,5.25,5.25
6375,2576,2,1,4.5,4.5
6376,2577,6,1,2.75,2.75
6377,2577,10,1,4.75,4.75
6378,2577,1,1,3.0,3.0
6379,2578,8,1,6.5,6.5
6380,2579,10,1,4.75,4.75
6381,2579,4,1,5.25,5.25
6382,2579,4,1,5.25,5.25
6383,2579,6,1,2.75,2.75
6384,2580,1,1,3.0,3.0
6385,2580,6,1,2.75,2.75
6386,2580,4,1,5.25,5.25
6387,2580,3,1,4.25,4.25
6388,2581,10,1,4.75,4.75
6389,2582,5,1,4.0,4.0
6390,2582,3,1,4.25,4.25
6391,2582,6,1,2.75,2.75
6392,2582,6,1,2.75,2.75
6393,2583,10,1,4.75,4.75
6394,2584,5,1,4.0,4.0
6395,2585,8,1,6.5,6.5
6396,2585,4,1,5.25,5.25
6397,2586,7,1,3.25,3.25
6398,2586,7,1,3.25,3.25
6399,2587,9,1,7.0,7.0
6400,2587,10,1,4.75,4.75
6401,2587,7,1,3.25,3.25
6402,2588,10,1,4.75,4.75
6403,2588,1,1,3.0,3.0
6404,2589,5,1,4.0,4.0
6405,2589,8,1,6.5,6.5
6406,2589,4,1,5.25,5.25
6407,2590,4,1,5.25,5.25
6408,2590,10,1,4.75,4.75
6409,2590,8,1,6.5,6.5
6410,2590,10,1,4.75,4.75
6411,2591,7,1,3.25,3.25
6412,2592,8,1,6.5,6.5
6413,2592,8,1,6.5,6.5
6414,2593,6,1,2.75,2.75
6415,2594,5,1,4.0,4.0
6416,2594,5,1,4.0,4.0
6417,2594,2,1,4.5,4.5
6418,2594,7,1,3.25,3.25
6419,2595,4,1,5.25,5.25
6420,2595,6,1,2.75,2.75
6421,2595,9,1,7.0,7.0
6422,2596,2,1,4.5,4.5
6423,2596,1,1,3.0,3.0
6424,2596,4,1,5.25,5.25
6425,2597,4,1,5.25,5.25
6426,2597,1,1,3.0,3.0
6427,2597,5,1,4.0,4.0
6428,2597,3,1,4.25,4.25
6429,2598,9,1,7.0,7.0
6430,2598,2,1,4.5,4.5
6431,2599,2,1,4.5,4.5
6432,2599,9,1,7.0,7.0
6433,2599,10,1,4.75,4.75
6434,2599,4,1,5.25,5.25
6435,2600,7,1,3.25,3.25
6436,2601,3,1,4.25,4.25
6437,2601,9,1,7.0,7.0
6438,2602,6,1,2.75,2.75
6439,2602,6,1,2.75,2.75
6440,2602,2,1,4.5,4.5
6441,2603,3,1,4.25,4.25
6442,2603,8,1,6.5,6.5
6443,2603,2,1,4.5,4.5
6444,2603,8,1,6.5,6.5
6445,2604,5,1,4.0,4.0
6446,2604,1,1,3.0,3.0
6447,2604,4,1,5.25,5.25
6448,2604,5,1,4.0,4.0
6449,2605,9,1,7.0,7.0
6450,2605,8,1,6.5,6.5
6451,2606,4,1,5.25,5.25
6452,2606,4,1,5.25,5.25
6453,2607,5,1,4.0,4.0
6454,2608,10,1,4.75,4.75
6455,2609,3,1,4.25,4.25
6456,2610,5,1,4.0,4.0
6457,2610,3,1,4.25,4.25
6458,2610,1,1,3.0,3.0
6459,2611,2,1,4.5,4.5
6460,2611,10,1,4.75,4.75
6461,2612,8,1,6.5,6.5
6462,2612,3,1,4.25,4.25
6463,2612,1,1,3.0,3.0
6464,2612,5,1,4.0,4.0
6465,2613,2,1,4.5,4.5
6466,2613,10,1,4.75,4.75
6467,2613,4,1,5.25,5.25
6468,2614,10,1,4.75,4.75
6469,2615,9,1,7.0,7.0
6470,2615,8,1,6.5,6.5
6471,2615,1,1,3.0,3.0
6472,2616,7,1,3.25,3.25
6473,2616,5,1,4.0,4.0
6474,2617,6,1,2.75,2.75
6475,2617,2,1,4.5,4.5
6476,2618,5,1,4.0,4.0
6477,2619,9,1,7.0,7.0
6478,2620,9,1,7.0,7.0
6479,2620,7,1,3.25,3.25
6480,2620,2,1,4.5,4.5
6481,2620,7,1,3.25,3.25
6482,2621,9,1,7.0,7.0
6483,2621,7,1,3.25,3.25
6484,2622,3,1,4.25,4.25
6485,2623,7,1,3.25,3.25
6486,2623,7,1,3.25,3.25
6487,2624,7,1,3.25,3.25
6488,2624,9,1,7.0,7.0
6489,2625,10,1,4.75,4.75
6490,2625,6,1,2.75,2.75
6491,2625,1,1,3.0,3.0
6492,2625,1,1,3.0,3.0
6493,2626,10,1,4.75,4.75
6494,2626,1,1,3.0,3.0
6495,2626,1,1,3.0,3.0
6496,2627,4,1,5.25,5.25
6497,2628,4,1,5.25,5.25
6498,2629,7,1,3.25,3.25
6499,2630,5,1,4.0,4.0
6500,2631,8,1,6.5,6.5
6501,2632,1,1,3.0,3.0
6502,2632,8,1,6.5,6.5
6503,2632,5,1,4.0,4.0
6504,2632,5,1,4.0,4.0
6505,2633,3,1,4.25,4.25
6506,2633,6,1,2.75,2.75
6507,2634,3,1,4.25,4.25
6508,2635,3,1,4.25,4.25
6509,2636,5,1,4.0,4.0
6510,2636,8,1,6.5,6.5
6511,2636,8,1,6.5,6.5
6512,2637,3,1,4.25,4.25
6513,2637,7,1,3.25,3.25
6514,2638,7,1,3.25,3.25
6515,2638,2,1,4.5,4.5
6516,2638,8,1,6.5,6.5
6517,2638,10,1,4.75,4.75
6518,2639,5,1,4.0,4.0
6519,2639,6,1,2.75,2.75
6520,2640,7,1,3.25,3.25
6521,2641,7,1,3.25,3.25
6522,2641,9,1,7.0,7.0
6523,2642,8,1,6.5,6.5
6524,2642,9,1,7.0,7.0
6525,2642,7,1,3.25,3.25
6526,2643,1,1,3.0,3.0
6527,2644,5,1,4.0,4.0
6528,2644,1,1,3.0,3.0
6529,2644,9,1,7.0,7.0
6530,2644,4,1,5.25,5.25
6531,2645,10,1,4.75,4.75
6532,2646,7,1,3.25,3.25
6533,2647,6,1,2.75,2.75
6534,2647,4,1,5.25,5.25
6535,2648,8,1,6.5,6.5
6536,2648,1,1,3.0,3.0
6537,2648,9,1,7.0,7.0
6538,2649,1,1,3.0,3.0
6539,2649,3,1,4.25,4.25
6540,2650,1,1,3.0,3.0
6541,2650,6,1,2.75,2.75
6542,2651,1,1,3.0,3.0
6543,2652,5,1,4.0,4.0
6544,2652,7,1,3.25,3.25
6545,2653,5,1,4.0,4.0
6546,2654,8,1,6.5,6.5
6547,2654,10,1,4.75,4.75
6548,2655,1,1,3.0,3.0
6549,2655,9,1,7.0,7.0
6550,2655,6,1,2.75,2.75
6551,2655,5,1,4.0,4.0
6552,2656,4,1,5.25,5.25
6553,2656,1,1,3.0,3.0
6554,2656,1,1,3.0,3.0
6555,2656,1,1,3.0,3.0
6556,2657,7,1,3.25,3.25
6557,2657,2,1,4.5,4.5
6558,2658,2,1,4.5,4.5
6559,2659,5,1,4.0,4.0
6560,2659,6,1,2.75,2.75
6561,2659,9,1,7.0,7.0
6562,2660,4,1,5.25,5.25
6563,2661,4,1,5.25,5.25
6564,2661,6,1,2.75,2.75
6565,2661,4,1,5.25,5.25
6566,2662,6,1,2.75,2.75
6567,2662,7,1,3.25,3.25
6568,2662,10,1,4.75,4.75
6569,2662,10,1,4.75,4.75
6570,2663,7,1,3.25,3.25
6571,2663,8,1,6.5,6.5
6572,2663,3,1,4.25,4.25
6573,2663,1,1,3.0,3.0
6574,2664,1,1,3.0,3.0
6575,2664,3,1,4.25,4.25
6576,2664,9,1,7.0,7.0
6577,2665,4,1,5.25,5.25
6578,2665,9,1,7.0,7.0
6579,2666,7,1,3.25,3.25
6580,2666,3,1,4.25,4.25
6581,2667,3,1,4.25,4.25
6582,2667,8,1,6.5,6.5
6583,2667,4,1,5.25,5.25
6584,2668,6,1,2.75,2.75
6585,2668,8,1,6.5,6.5
6586,2669,10,1,4.75,4.75
6587,2669,2,1,4.5,4.5
6588,2670,9,1,7.0,7.0
6589,2671,10,1,4.75,4.75
6590,2671,1,1,3.0,3.0
6591,2671,5,1,4.0,4.0
6592,2672,4,1,5.25,5.25
6593,2672,1,1,3.0,3.0
6594,2673,2,1,4.5,4.5
6595,2674,2,1,4.5,4.5
6596,2674,1,1,3.0,3.0
6597,2674,2,1,4.5,4.5
6598,2674,3,1,4.25,4.25
6599,2675,6,1,2.75,2.75
6600,2676,7,1,3.25,3.25
6601,2676,7,1,3.25,3.25
6602,2676,6,1,2.75,2.75
6603,2676,4,1,5.25,5.25
6604,2677,1,1,3.0,3.0
6605,2677,5,1,4.0,4.0
6606,2677,3,1,4.25,4.25
6607,2677,3,1,4.25,4.25
6608,2678,1,1,3.0,3.0
6609,2678,2,1,4.5,4.5
6610,2678,10,1,4.75,4.75
6611,2678,2,1,4.5,4.5
6612,2679,3,1,4.25,4.25
6613,2679,5,1,4.0,4.0
6614,2679,4,1,5.25,5.25
6615,2679,6,1,2.75,2.75
6616,2680,9,1,7.0,7.0
6617,2680,3,1,4.25,4.25
6618,2680,3,1,4.25,4.25
6619,2680,6,1,2.75,2.75
6620,2681,8,1,6.5,6.5
6621,2681,1,1,3.0,3.0
6622,2681,9,1,7.0,7.0
6623,2681,7,1,3.25,3.25
6624,2682,7,1,3.25,3.25
6625,2682,3,1,4.25,4.25
6626,2682,3,1,4.25,4.25
6627,2683,10,1,4.75,4.75
6628,2683,5,1,4.0,4.0
6629,2683,8,1,6.5,6.5
6630,2684,4,1,5.25,5.25
6631,2685,9,1,7.0,7.0
6632,2686,3,1,4.25,4.25
6633,2686,3,1,4.25,4.25
6634,2686,4,1,5.25,5.25
6635,2687,5,1,4.0,4.0
6636,2688,3,1,4.25,4.25
6637,2689,10,1,4.75,4.75
6638,2689,6,1,2.75,2.75
6639,2689,3,1,4.25,4.25
6640,2690,7,1,3.25,3.25
6641,2691,10,1,4.75,4.75
6642,2692,8,1,6.5,6.5
6643,2692,4,1,5.25,5.25
6644,2693,4,1,5.25,5.25
6645,2693,6,1,2.75,2.75
6646,2693,10,1,4.75,4.75
6647,2694,9,1,7.0,7.0
6648,2694,1,1,3.0,3.0
6649,2694,7,1,3.25,3.25
6650,2694,7,1,3.25,3.25
6651,2695,1,1,3.0,3.0
6652,2696,3,1,4.25,4.25
6653,2697,5,1,4.0,4.0
6654,2698,3,1,4.25,4.25
6655,2698,2,1,4.5,4.5
6656,2698,9,1,7.0,7.0
6657,2698,7,1,3.25,3.25
6658,2699,4,1,5.25,5.25
6659,2700,2,1,4.5,4.5
6660,2701,8,1,6.5,6.5
6661,2701,2,1,4.5,4.5
6662,2701,4,1,5.25,5.25
6663,2702,1,1,3.0,3.0
6664,2702,2,1,4.5,4.5
6665,2702,7,1,3.25,3.25
6666,2702,3,1,4.25,4.25
6667,2703,2,1,4.5,4.5
6668,2703,10,1,4.75,4.75
6669,2703,5,1,4.0,4.0
6670,2704,2,1,4.5,4.5
6671,2705,6,1,2.75,2.75
6672,2705,9,1,7.0,7.0
6673,2706,3,1,4.25,4.25
6674,2706,9,1,7.0,7.0
6675,2706,9,1,7.0,7.0
6676,2706,8,1,6.5,6.5
6677,2707,8,1,6.5,6.5
6678,2707,10,1,4.75,4.75
6679,2708,2,1,4.5,4.5
6680,2708,7,1,3.25,3.25
6681,2708,2,1,4.5,4.5
6682,2708,7,1,3.25,3.25
6683,2709,3,1,4.25,4.25
6684,2709,3,1,4.25,4.25
6685,2709,4,1,5.25,5.25
6686,2709,10,1,4.75,4.75
6687,2710,8,1,6.5,6.5
6688,2710,8,1,6.5,6.5
6689,2710,2,1,4.5,4.5
6690,2711,1,1,3.0,3.0
6691,2711,8,1,6.5,6.5
6692,2712,5,1,4.0,4.0
6693,2712,9,1,7.0,7.0
6694,2713,1,1,3.0,3.0
6695,2714,3,1,4.25,4.25
6696,2714,4,1,5.25,5.25
6697,2715,10,1,4.75,4.75
6698,2715,7,1,3.25,3.25
6699,2715,9,1,7.0,7.0
6700,2715,6,1,2.75,2.75
6701,2716,7,1,3.25,3.25
6702,2717,7,1,3.25,3.25
6703,2718,3,1,4.25,4.25
6704,2718,2,1,4.5,4.5
6705,2718,6,1,2.75,2.75
6706,2719,3,1,4.25,4.25
6707,2719,7,1,3.25,3.25
6708,2719,2,1,4.5,4.5
6709,2720,5,1,4.0,4.0
6710,2720,4,1,5.25,5.25
6711,2721,9,1,7.0,7.0
6712,2721,2,1,4.5,4.5
6713,2721,4,1,5.25,5.25
6714,2722,6,1,2.75,2.75
6715,2723,8,1,6.5,6.5
6716,2723,6,1,2.75,2.75
6717,2723,9,1,7.0,7.0
6718,2723,7,1,3.25,3.25
6719,2724,10,1,4.75,4.75
6720,2724,6,1,2.75,2.75
6721,2725,1,1,3.0,3.0
6722,2726,7,1,3.25,3.25
6723,2726,5,1,4.0,4.0
6724,2726,3,1,4.25,4.25
6725,2726,8,1,6.5,6.5
6726,2727,6,1,2.75,2.75
6727,2727,2,1,4.5,4.5
6728,2727,3,1,4.25,4.25
6729,2728,2,1,4.5,4.5
6730,2728,3,1,4.25,4.25
6731,2728,4,1,5.25,5.25
6732,2729,6,1,2.75,2.75
6733,2730,10,1,4.75,4.75
6734,2731,5,1,4.0,4.0
6735,2731,7,1,3.25,3.25
6736,2731,6,1,2.75,2.75
6737,2732,1,1,3.0,3.0
6738,2732,6,1,2.75,2.75
6739,2733,8,1,6.5,6.5
6740,2733,9,1,7.0,7.0
6741,2733,4,1,5.25,5.25
6742,2734,2,1,4.5,4.5
6743,2734,8,1,6.5,6.5
6744,2735,8,1,6.5,6.5
6745,2735,3,1,4.25,4.25
6746,2735,7,1,3.25,3.25
6747,2736,5,1,4.0,4.0
6748,2736,7,1,3.25,3.25
6749,2736,9,1,7.0,7.0
6750,2737,8,1,6.5,6.5
6751,2738,8,1,6.5,6.5
6752,2739,6,1,2.75,2.75
6753,2739,4,1,5.25,5.25
6754,2740,10,1,4.75,4.75
6755,2740,3,1,4.25,4.25
6756,2740,4,1,5.25,5.25
6757,2741,7,1,3.25,3.25
6758,2742,3,1,4.25,4.25
6759,2742,1,1,3.0,3.0
6760,2743,1,1,3.0,3.0
6761,2743,9,1,7.0,7.0
6762,2743,10,1,4.75,4.75
6763,2744,2,1,4.5,4.5
6764,2744,6,1,2.75,2.75
6765,2744,10,1,4.75,4.75
6766,2744,8,1,6.5,6.5
6767,2745,6,1,2.75,2.75
6768,2745,7,1,3.25,3.25
6769,2746,6,1,2.75,2.75
6770,2746,5,1,4.0,4.0
6771,2746,3,1,4.25,4.25
6772,2747,9,1,7.0,7.0
6773,2747,5,1,4.0,4.0
6774,2748,3,1,4.25,4.25
6775,2748,8,1,6.5,6.5
6776,2748,4,1,5.25,5.25
6777,2748,3,1,4.25,4.25
6778,2749,8,1,6.5,6.5
6779,2749,2,1,4.5,4.5
6780,2750,8,1,6.5,6.5
6781,2751,3,1,4.25,4.25
6782,2751,10,1,4.75,4.75
6783,2751,9,1,7.0,7.0
6784,2752,10,1,4.75,4.75
6785,2752,9,1,7.0,7.0
6786,2752,4,1,5.25,5.25
6787,2752,1,1,3.0,3.0
6788,2753,4,1,5.25,5.25
6789,2754,7,1,3.25,3.25
6790,2754,10,1,4.75,4.75
6791,2755,3,1,4.25,4.25
6792,2755,7,1,3.25,3.25
6793,2755,5,1,4.0,4.0
6794,2756,2,1,4.5,4.5
6795,2757,7,1,3.25,3.25
6796,2758,1,1,3.0,3.0
6797,2759,7,1,3.25,3.25
6798,2759,8,1,6.5,6.5
6799,2760,3,1,4.25,4.25
6800,2760,10,1,4.75,4.75
6801,2760,5,1,4.0,4.0
6802,2760,8,1,6.5,6.5
6803,2761,7,1,3.25,3.25
6804,2762,6,1,2.75,2.75
6805,2762,10,1,4.75,4.75
6806,2763,3,1,4.25,4.25
6807,2763,8,1,6.5,6.5
6808,2764,3,1,4.25,4.25
6809,2765,6,1,2.75,2.75
6810,2765,1,1,3.0,3.0
6811,2766,8,1,6.5,6.5
6812,2766,7,1,3.25,3.25
6813,2766,6,1,2.75,2.75
6814,2766,3,1,4.25,4.25
6815,2767,4,1,5.25,5.25
6816,2767,10,1,4.75,4.75
6817,2767,8,1,6.5,6.5
6818,2768,1,1,3.0,3.0
6819,2768,9,1,7.0,7.0
6820,2768,9,1,7.0,7.0
6821,2768,7,1,3.25,3.25
6822,2769,7,1,3.25,3.25
6823,2769,1,1,3.0,3.0
6824,2769,3,1,4.25,4.25
12,2822,8,1,6.5,6.5
13,2822,9,1,7.0,7.0
14,2822,9,1,7.0,7.0
37,2788,2,1,4.5,4.5
38,2788,10,1,4.75,4.75
39,2788,2,1,4.5,4.5
76,2817,5,1,4.0,4.0
77,2817,3,1,4.25,4.25
171,2818,8,1,6.5,6.5
172,2818,6,1,2.75,2.75
173,2818,7,1,3.25,3.25
194,2799,6,1,2.75,2.75
195,2799,7,1,3.25,3.25
196,2799,8,1,6.5,6.5
197,2799,10,1,4.75,4.75
408,2803,10,1,4.75,4.75
409,2803,7,1,3.25,3.25
481,2809,10,1,4.75,4.75
482,2809,5,1,4.0,4.0
680,2798,1,1,3.0,3.0
681,2798,1,1,3.0,3.0
867,2780,4,1,5.25,5.25
868,2780,8,1,6.5,6.5
1653,2786,10,1,4.75,4.75
1654,2786,6,1,2.75,2.75
1655,2786,5,1,4.0,4.0
1656,2786,6,1,2.75,2.75
1724,2796,2,1,4.5,4.5
1725,2796,9,1,7.0,7.0
1726,2796,4,1,5.25,5.25
1785,2800,5,1,4.0,4.0
1786,2800,2,1,4.5,4.5
1941,2816,6,1,2.75,2.75
1942,2816,4,1,5.25,5.25
1943,2816,10,1,4.75,4.75
1944,2816,10,1,4.75,4.75
2216,2782,10,1,4.75,4.75
2345,2812,3,1,4.25,4.25
2533,2820,5,1,4.0,4.0
2534,2820,2,1,4.5,4.5
2535,2820,2,1,4.5,4.5
2556,2774,4,1,5.25,5.25
2557,2774,3,1,4.25,4.25
2558,2774,1,1,3.0,3.0
2598,2823,7,1,3.25,3.25
2599,2823,2,1,4.5,4.5
2637,2779,8,1,6.5,6.5
2638,2779,7,1,3.25,3.25
2639,2779,6,1,2.75,2.75
2659,2806,4,1,5.25,5.25
2804,2821,8,1,6.5,6.5
2805,2821,7,1,3.25,3.25
2806,2821,10,1,4.75,4.75
2807,2821,5,1,4.0,4.0
2887,2773,4,1,5.25,5.25
2888,2773,7,1,3.25,3.25
2889,2773,3,1,4.25,4.25
2912,2802,2,1,4.5,4.5
2913,2802,2,1,4.5,4.5
3295,2775,7,1,3.25,3.25
3388,2789,5,1,4.0,4.0
3389,2789,4,1,5.25,5.25
3390,2789,6,1,2.75,2.75
3415,2792,8,1,6.5,6.5
3506,2813,8,1,6.5,6.5
3507,2813,8,1,6.5,6.5
3508,2813,1,1,3.0,3.0
3567,2777,3,1,4.25,4.25
3568,2777,3,1,4.25,4.25
3664,2771,7,1,3.25,3.25
3696,2795,1,1,3.0,3.0
3697,2795,5,1,4.0,4.0
3698,2795,6,1,2.75,2.75
3699,2795,1,1,3.0,3.0
3760,2790,3,1,4.25,4.25
3761,2790,7,1,3.25,3.25
3762,2790,2,1,4.5,4.5
3942,2793,4,1,5.25,5.25
3943,2793,2,1,4.5,4.5
3944,2793,9,1,7.0,7.0
3945,2793,8,1,6.5,6.5
4001,2791,2,1,4.5,4.5
4023,2778,3,1,4.25,4.25
4024,2778,10,1,4.75,4.75
4048,2801,1,1,3.0,3.0
4138,2808,10,1,4.75,4.75
4139,2808,10,1,4.75,4.75
4140,2808,1,1,3.0,3.0
4364,2797,2,1,4.5,4.5
4365,2797,7,1,3.25,3.25
4375,2811,10,1,4.75,4.75
4406,2787,10,1,4.75,4.75
4407,2787,9,1,7.0,7.0
4529,2770,2,1,4.5,4.5
4530,2770,1,1,3.0,3.0
4531,2770,10,1,4.75,4.75
4577,2805,1,1,3.0,3.0
4578,2805,7,1,3.25,3.25
4579,2805,10,1,4.75,4.75
5107,2772,1,1,3.0,3.0
5250,2785,2,1,4.5,4.5
5251,2785,3,1,4.25,4.25
5252,2785,5,1,4.0,4.0
5253,2785,4,1,5.25,5.25
5254,2794,5,1,4.0,4.0
5255,2794,3,1,4.25,4.25
5256,2794,4,1,5.25,5.25
5257,2794,1,1,3.0,3.0
5657,2810,6,1,2.75,2.75
5658,2810,1,1,3.0,3.0
5659,2810,8,1,6.5,6.5
5675,2776,3,1,4.25,4.25
5757,2781,5,1,4.0,4.0
5761,2824,3,1,4.25,4.25
5818,2783,8,1,6.5,6.5
5819,2783,6,1,2.75,2.75
5820,2783,8,1,6.5,6.5
5896,2804,8,1,6.5,6.5
5897,2804,4,1,5.25,5.25
5898,2804,6,1,2.75,2.75
5899,2804,8,1,6.5,6.5
5908,2819,2,1,4.5,4.5
5909,2819,2,1,4.5,4.5
6185,2784,2,1,4.5,4.5
6186,2784,4,1,5.25,5.25
6187,2784,7,1,3.25,3.25
6188,2784,9,1,7.0,7.0
6292,2815,2,1,4.5,4.5
6293,2815,3,1,4.25,4.25
6294,2815,5,1,4.0,4.0
6295,2815,6,1,2.75,2.75
6632,2814,3,1,4.25,4.25
6633,2814,3,1,4.25,4.25
6634,2814,4,1,5.25,5.25
6751,2807,8,1,6.5,6.5
